ZIP3,Location,Dest 1,Dest 2,Airport City,fly_dest_1,fly_dest_2,fly_dest_3,fly_dest_4,fly_dest_5,Tax CDG US_1,Tax LHR US_1,Tax NRT US_1,Tax Set1 US_1,Tax Set2 US_1,Tax CDG US_2,Tax LHR US_2,Tax NRT US_2,Tax Set1 US_2,Tax Set2 US_2,Tax CDG US_3,Tax LHR US_3,Tax NRT US_3,Tax Set1 US_3,Tax Set2 US_3
005,Holtsville NY (special use),"New York City, NY","Baltimore, MD",New York City,"Vancouver, Canada","San Francisco, United States","London, England","Paris, France","Tokyo, Japan",30,33,38,19,22,270,290,340,170,200,1100,1200,1400,670,810
006,"Aguadilla area, PR","Great Smoky Mountains NP, TN/NC","Kauai, HI",San Juan,"Vancouver, Canada","San Francisco, United States","London, England","Paris, France","Tokyo, Japan",28,28,80,28,29,260,260,730,260,260,1000,1000,2900,1000,1000
007,"Caguas / Ponce area, PR","Great Smoky Mountains NP, TN/NC","Kauai, HI",San Juan,"Vancouver, Canada","San Francisco, United States","London, England","Paris, France","Tokyo, Japan",28,28,80,28,29,260,260,730,260,260,1000,1000,2900,1000,1000
008,US Virgin Islands,"Great Smoky Mountains NP, TN/NC","Kauai, HI",St. Thomas,"Vancouver, Canada","San Francisco, United States","London, England","Paris, France","Tokyo, Japan",31,30,99,32,25,280,270,900,290,230,1100,1100,3600,1200,920
009,"San Juan area, PR","Great Smoky Mountains NP, TN/NC","Kauai, HI",San Juan,"Vancouver, Canada","San Francisco, United States","London, England","Paris, France","Tokyo, Japan",28,28,80,28,29,260,260,730,260,260,1000,1000,2900,1000,1000
010,"Springfield, MA","New York City, NY","Finger Lakes, NY",Boston,"Vancouver, Canada","San Francisco, United States","London, England","Paris, France","Tokyo, Japan",25,30,39,20,20,230,280,350,180,180,920,1100,1400,710,710
011,"Chicopee / Springfield, MA","New York City, NY","Montreal, QC, Canada",Boston,"Vancouver, Canada","San Francisco, United States","London, England","Paris, France","Tokyo, Japan",25,30,39,20,20,230,280,350,180,180,920,1100,1400,710,710
012,"Pittsfield, MA","New York City, NY","Ottawa, ON, Canada",Hartford,"Vancouver, Canada","San Francisco, United States","London, England","Paris, France","Tokyo, Japan",25,22,53,16,19,230,190,480,150,170,910,780,1900,580,670
013,"Greenfield / Northampton, MA","New York City, NY","Atlantic City, NJ",Boston,"Vancouver, Canada","San Francisco, United States","London, England","Paris, France","Tokyo, Japan",25,30,39,20,20,230,280,350,180,180,920,1100,1400,710,710
014,"Fitchburg / Leominster, MA","Acadia NP, ME","Thousand Islands, ON, Canada",Boston,"Vancouver, Canada","San Francisco, United States","London, England","Paris, France","Tokyo, Japan",25,30,39,20,20,230,280,350,180,180,920,1100,1400,710,710
015,"Worcester, MA","Acadia NP, ME","Philadelphia, PA",Boston,"Vancouver, Canada","San Francisco, United States","London, England","Paris, France","Tokyo, Japan",25,30,39,20,20,230,280,350,180,180,920,1100,1400,710,710
016,"Worcester suburbs, MA","Acadia NP, ME","Montreal, QC, Canada",Boston,"Vancouver, Canada","San Francisco, United States","London, England","Paris, France","Tokyo, Japan",25,30,39,20,20,230,280,350,180,180,920,1100,1400,710,710
017,"Framingham / Natick, MA","Acadia NP, ME","Bar Harbor, ME",Boston,"Vancouver, Canada","San Francisco, United States","London, England","Paris, France","Tokyo, Japan",25,30,39,20,20,230,280,350,180,180,920,1100,1400,710,710
018,"Woburn / Burlington, MA","Acadia NP, ME","Montreal, QC, Canada",Boston,"Vancouver, Canada","San Francisco, United States","London, England","Paris, France","Tokyo, Japan",25,30,39,20,20,230,280,350,180,180,920,1100,1400,710,710
019,"Lynn / Salem, MA","Acadia NP, ME","Cooperstown, NY",Boston,"Vancouver, Canada","San Francisco, United States","London, England","Paris, France","Tokyo, Japan",25,30,39,20,20,230,280,350,180,180,920,1100,1400,710,710
020,"Braintree / Quincy, MA","Acadia NP, ME","Lake Placid, NY",Boston,"Vancouver, Canada","San Francisco, United States","London, England","Paris, France","Tokyo, Japan",25,30,39,20,20,230,280,350,180,180,920,1100,1400,710,710
021,"Boston, MA","Acadia NP, ME","Bar Harbor, ME",Boston,"Vancouver, Canada","San Francisco, United States","London, England","Paris, France","Tokyo, Japan",25,30,39,20,20,230,280,350,180,180,920,1100,1400,710,710
022,"Boston (Back Bay), MA","Acadia NP, ME","Bar Harbor, ME",Boston,"Vancouver, Canada","San Francisco, United States","London, England","Paris, France","Tokyo, Japan",25,30,39,20,20,230,280,350,180,180,920,1100,1400,710,710
023,"Brockton, MA","Acadia NP, ME","Bar Harbor, ME",Boston,"Vancouver, Canada","San Francisco, United States","London, England","Paris, France","Tokyo, Japan",25,30,39,20,20,230,280,350,180,180,920,1100,1400,710,710
024,"Plymouth / Wareham, MA","Acadia NP, ME","Lake Placid, NY",Boston,"Vancouver, Canada","San Francisco, United States","London, England","Paris, France","Tokyo, Japan",25,30,39,20,20,230,280,350,180,180,920,1100,1400,710,710
025,"Buzzards Bay / New Bedford area, MA","Acadia NP, ME","Stowe, VT",Boston,"Vancouver, Canada","San Francisco, United States","London, England","Paris, France","Tokyo, Japan",25,30,39,20,20,230,280,350,180,180,920,1100,1400,710,710
026,"New Bedford area, MA","Acadia NP, ME","Cooperstown, NY",Boston,"Vancouver, Canada","San Francisco, United States","London, England","Paris, France","Tokyo, Japan",25,30,39,20,20,230,280,350,180,180,920,1100,1400,710,710
027,"New Bedford, MA","Acadia NP, ME","Bar Harbor, ME",Boston,"Vancouver, Canada","San Francisco, United States","London, England","Paris, France","Tokyo, Japan",25,30,39,20,20,230,280,350,180,180,920,1100,1400,710,710
028,"Providence, RI","Acadia NP, ME","Philadelphia, PA",Boston,"Vancouver, Canada","San Francisco, United States","London, England","Paris, France","Tokyo, Japan",25,30,39,20,20,230,280,350,180,180,920,1100,1400,710,710
029,"Newport, RI","New York City, NY","Lake Placid, NY",Boston,"Vancouver, Canada","San Francisco, United States","London, England","Paris, France","Tokyo, Japan",25,30,39,20,20,230,280,350,180,180,920,1100,1400,710,710
030,"Manchester, NH","Acadia NP, ME","New York City, NY",Boston,"Vancouver, Canada","San Francisco, United States","London, England","Paris, France","Tokyo, Japan",25,30,39,20,20,230,280,350,180,180,920,1100,1400,710,710
031,"Manchester (north), NH","Acadia NP, ME","Thousand Islands, ON, Canada",Boston,"Vancouver, Canada","San Francisco, United States","London, England","Paris, France","Tokyo, Japan",25,30,39,20,20,230,280,350,180,180,920,1100,1400,710,710
032,"Nashua, NH","Acadia NP, ME","Montreal, QC, Canada",Boston,"Vancouver, Canada","San Francisco, United States","London, England","Paris, France","Tokyo, Japan",25,30,39,20,20,230,280,350,180,180,920,1100,1400,710,710
033,"Concord, NH","Acadia NP, ME","Thousand Islands, ON, Canada",Boston,"Vancouver, Canada","San Francisco, United States","London, England","Paris, France","Tokyo, Japan",25,30,39,20,20,230,280,350,180,180,920,1100,1400,710,710
034,"Keene, NH","Acadia NP, ME","Kingston, ON, Canada",Boston,"Vancouver, Canada","San Francisco, United States","London, England","Paris, France","Tokyo, Japan",25,30,39,20,20,230,280,350,180,180,920,1100,1400,710,710
035,"Littleton, NH","Acadia NP, ME","Kingston, ON, Canada",Portland,"Vancouver, Canada","San Francisco, United States","London, England","Paris, France","Tokyo, Japan",27,22,41,18,18,240,200,370,160,160,960,790,1500,640,650
036,"Conway / North Conway, NH","Acadia NP, ME","Thousand Islands, ON, Canada",Portland,"Vancouver, Canada","San Francisco, United States","London, England","Paris, France","Tokyo, Japan",27,22,41,18,18,240,200,370,160,160,960,790,1500,640,650
037,"Claremont, NH","Acadia NP, ME","Ottawa, ON, Canada",Burlington,"Vancouver, Canada","San Francisco, United States","London, England","Paris, France","Tokyo, Japan",21,27,46,16,19,190,250,420,140,170,780,990,1700,570,690
038,"Portsmouth, NH","Acadia NP, ME","New York City, NY",Boston,"Vancouver, Canada","San Francisco, United States","London, England","Paris, France","Tokyo, Japan",25,30,39,20,20,230,280,350,180,180,920,1100,1400,710,710
039,"Portland, ME","Acadia NP, ME","Catskills, NY",Portland,"Vancouver, Canada","San Francisco, United States","London, England","Paris, France","Tokyo, Japan",27,22,41,18,18,240,200,370,160,160,960,790,1500,640,650
040,"Portland, ME (south)","Acadia NP, ME","Catskills, NY",Boston,"Vancouver, Canada","San Francisco, United States","London, England","Paris, France","Tokyo, Japan",25,30,39,20,20,230,280,350,180,180,920,1100,1400,710,710
041,"Auburn / Lewiston, ME","Acadia NP, ME","Mystic, CT",Portland,"Vancouver, Canada","San Francisco, United States","London, England","Paris, France","Tokyo, Japan",27,22,41,18,18,240,200,370,160,160,960,790,1500,640,650
042,"Lewiston, ME","Acadia NP, ME","Mystic, CT",Portland,"Vancouver, Canada","San Francisco, United States","London, England","Paris, France","Tokyo, Japan",27,22,41,18,18,240,200,370,160,160,960,790,1500,640,650
043,"Augusta, ME","Acadia NP, ME","Mystic, CT",Portland,"Vancouver, Canada","San Francisco, United States","London, England","Paris, France","Tokyo, Japan",27,22,41,18,18,240,200,370,160,160,960,790,1500,640,650
044,"Bangor, ME","Acadia NP, ME","Montreal, QC, Canada",Portland,"Vancouver, Canada","San Francisco, United States","London, England","Paris, France","Tokyo, Japan",27,22,41,18,18,240,200,370,160,160,960,790,1500,640,650
045,"Bath / Brunswick, ME","Acadia NP, ME","Montreal, QC, Canada",Portland,"Vancouver, Canada","San Francisco, United States","London, England","Paris, France","Tokyo, Japan",27,22,41,18,18,240,200,370,160,160,960,790,1500,640,650
046,"Rockland, ME","Acadia NP, ME","Montreal, QC, Canada",Portland,"Vancouver, Canada","San Francisco, United States","London, England","Paris, France","Tokyo, Japan",27,22,41,18,18,240,200,370,160,160,960,790,1500,640,650
047,"Houlton, ME","Acadia NP, ME","White Mountains, NH",Quebec City,"Vancouver, Canada","San Francisco, United States","London, England","Paris, France","Tokyo, Japan",20,18,60,14,20,180,160,540,130,180,730,650,2200,510,730
048,"Caribou / Presque Isle, ME","Acadia NP, ME","Mystic, CT",Quebec City,"Vancouver, Canada","San Francisco, United States","London, England","Paris, France","Tokyo, Japan",20,18,60,14,20,180,160,540,130,180,730,650,2200,510,730
049,"Waterville, ME","Acadia NP, ME","Saratoga Springs, NY",Portland,"Vancouver, Canada","San Francisco, United States","London, England","Paris, France","Tokyo, Japan",27,22,41,18,18,240,200,370,160,160,960,790,1500,640,650
050,"White River Junction, VT","Acadia NP, ME","Quebec City, QC, Canada",Burlington,"Vancouver, Canada","San Francisco, United States","London, England","Paris, France","Tokyo, Japan",21,27,46,16,19,190,250,420,140,170,780,990,1700,570,690
051,"Bellows Falls / Springfield, VT","Acadia NP, ME","Finger Lakes, NY",Boston,"Vancouver, Canada","San Francisco, United States","London, England","Paris, France","Tokyo, Japan",25,30,39,20,20,230,280,350,180,180,920,1100,1400,710,710
052,"Saint Johnsbury, VT","Acadia NP, ME","Kingston, ON, Canada",Burlington,"Vancouver, Canada","San Francisco, United States","London, England","Paris, France","Tokyo, Japan",21,27,46,16,19,190,250,420,140,170,780,990,1700,570,690
053,"Brattleboro, VT","New York City, NY","Ottawa, ON, Canada",Boston,"Vancouver, Canada","San Francisco, United States","London, England","Paris, France","Tokyo, Japan",25,30,39,20,20,230,280,350,180,180,920,1100,1400,710,710
054,"Burlington, VT","Boston, MA","Newport, RI",Montreal,"Vancouver, Canada","San Francisco, United States","London, England","Paris, France","Tokyo, Japan",23,22,45,15,17,210,200,410,140,150,820,790,1600,560,620
055,"Montpelier, VT","Acadia NP, ME","Bar Harbor, ME",Burlington,"Vancouver, Canada","San Francisco, United States","London, England","Paris, France","Tokyo, Japan",21,27,46,16,19,190,250,420,140,170,780,990,1700,570,690
056,"Rutland, VT","New York City, NY","Quebec City, QC, Canada",Burlington,"Vancouver, Canada","San Francisco, United States","London, England","Paris, France","Tokyo, Japan",21,27,46,16,19,190,250,420,140,170,780,990,1700,570,690
057,"Barre / Montpelier, VT","Acadia NP, ME","Bar Harbor, ME",Burlington,"Vancouver, Canada","San Francisco, United States","London, England","Paris, France","Tokyo, Japan",21,27,46,16,19,190,250,420,140,170,780,990,1700,570,690
058,"Saint Albans, VT","Boston, MA","Hudson Valley, NY",Montreal,"Vancouver, Canada","San Francisco, United States","London, England","Paris, France","Tokyo, Japan",23,22,45,15,17,210,200,410,140,150,820,790,1600,560,620
059,"Middlebury, VT","New York City, NY","Cape Cod, MA",Burlington,"Vancouver, Canada","San Francisco, United States","London, England","Paris, France","Tokyo, Japan",21,27,46,16,19,190,250,420,140,170,780,990,1700,570,690
060,"Hartford, CT","New York City, NY","Hershey, PA",Hartford,"Vancouver, Canada","San Francisco, United States","London, England","Paris, France","Tokyo, Japan",25,22,53,16,19,230,190,480,150,170,910,780,1900,580,670
061,"Hartford suburbs, CT","New York City, NY","Thousand Islands, ON, Canada",Hartford,"Vancouver, Canada","San Francisco, United States","London, England","Paris, France","Tokyo, Japan",25,22,53,16,19,230,190,480,150,170,910,780,1900,580,670
062,"Willimantic / New Britain, CT","New York City, NY","Hershey, PA",Boston,"Vancouver, Canada","San Francisco, United States","London, England","Paris, France","Tokyo, Japan",25,30,39,20,20,230,280,350,180,180,920,1100,1400,710,710
063,"New London, CT","New York City, NY","Cape May, NJ",Boston,"Vancouver, Canada","San Francisco, United States","London, England","Paris, France","Tokyo, Japan",25,30,39,20,20,230,280,350,180,180,920,1100,1400,710,710
064,"Middletown, CT","New York City, NY","Finger Lakes, NY",New York City,"Vancouver, Canada","San Francisco, United States","London, England","Paris, France","Tokyo, Japan",30,33,38,19,22,270,290,340,170,200,1100,1200,1400,670,810
065,"New Haven, CT","New York City, NY","Baltimore, MD",New York City,"Vancouver, Canada","San Francisco, United States","London, England","Paris, France","Tokyo, Japan",30,33,38,19,22,270,290,340,170,200,1100,1200,1400,670,810
066,"Bridgeport, CT","New York City, NY","Gettysburg, PA",New York City,"Vancouver, Canada","San Francisco, United States","London, England","Paris, France","Tokyo, Japan",30,33,38,19,22,270,290,340,170,200,1100,1200,1400,670,810
067,"Waterbury, CT","New York City, NY","Rehoboth Beach, DE",New York City,"Vancouver, Canada","San Francisco, United States","London, England","Paris, France","Tokyo, Japan",30,33,38,19,22,270,290,340,170,200,1100,1200,1400,670,810
068,"Norwalk, CT","New York City, NY","Portland, ME",New York City,"Vancouver, Canada","San Francisco, United States","London, England","Paris, France","Tokyo, Japan",30,33,38,19,22,270,290,340,170,200,1100,1200,1400,670,810
069,"Stamford, CT","New York City, NY","Washington, DC",New York City,"Vancouver, Canada","San Francisco, United States","London, England","Paris, France","Tokyo, Japan",30,33,38,19,22,270,290,340,170,200,1100,1200,1400,670,810
070,"Newark, NJ","Washington, DC","Cape Cod, MA",New York City,"Vancouver, Canada","San Francisco, United States","London, England","Paris, France","Tokyo, Japan",30,33,38,19,22,270,290,340,170,200,1100,1200,1400,670,810
071,"Newark suburbs, NJ","New York City, NY","Lake Placid, NY",New York City,"Vancouver, Canada","San Francisco, United States","London, England","Paris, France","Tokyo, Japan",30,33,38,19,22,270,290,340,170,200,1100,1200,1400,670,810
072,"Elizabeth, NJ","Washington, DC","Cape Cod, MA",New York City,"Vancouver, Canada","San Francisco, United States","London, England","Paris, France","Tokyo, Japan",30,33,38,19,22,270,290,340,170,200,1100,1200,1400,670,810
073,"Jersey City, NJ","Washington, DC","Cape Cod, MA",New York City,"Vancouver, Canada","San Francisco, United States","London, England","Paris, France","Tokyo, Japan",30,33,38,19,22,270,290,340,170,200,1100,1200,1400,670,810
074,"Paterson, NJ","New York City, NY","Lake Placid, NY",New York City,"Vancouver, Canada","San Francisco, United States","London, England","Paris, France","Tokyo, Japan",30,33,38,19,22,270,290,340,170,200,1100,1200,1400,670,810
075,Paterson north / Rockaway NJ,"New York City, NY","Lake Placid, NY",New York City,"Vancouver, Canada","San Francisco, United States","London, England","Paris, France","Tokyo, Japan",30,33,38,19,22,270,290,340,170,200,1100,1200,1400,670,810
076,"Hackensack, NJ","Washington, DC","Lake Placid, NY",New York City,"Vancouver, Canada","San Francisco, United States","London, England","Paris, France","Tokyo, Japan",30,33,38,19,22,270,290,340,170,200,1100,1200,1400,670,810
077,"Long Branch / Asbury Park, NJ","New York City, NY","Cape Cod, MA",New York City,"Vancouver, Canada","San Francisco, United States","London, England","Paris, France","Tokyo, Japan",30,33,38,19,22,270,290,340,170,200,1100,1200,1400,670,810
078,"Dover / Rockaway, NJ","New York City, NY","Lake Placid, NY",New York City,"Vancouver, Canada","San Francisco, United States","London, England","Paris, France","Tokyo, Japan",30,33,38,19,22,270,290,340,170,200,1100,1200,1400,670,810
079,"Summit / Morristown, NJ","New York City, NY","Salem, MA",New York City,"Vancouver, Canada","San Francisco, United States","London, England","Paris, France","Tokyo, Japan",30,33,38,19,22,270,290,340,170,200,1100,1200,1400,670,810
080,"Trenton, NJ","Shenandoah NP, VA","Richmond, VA",New York City,"Vancouver, Canada","San Francisco, United States","London, England","Paris, France","Tokyo, Japan",30,33,38,19,22,270,290,340,170,200,1100,1200,1400,670,810
081,"Trenton (south), NJ","Shenandoah NP, VA","Virginia Beach, VA",New York City,"Vancouver, Canada","San Francisco, United States","London, England","Paris, France","Tokyo, Japan",30,33,38,19,22,270,290,340,170,200,1100,1200,1400,670,810
082,"Atlantic City, NJ","Shenandoah NP, VA","Cooperstown, NY",Newark,"Vancouver, Canada","San Francisco, United States","London, England","Paris, France","Tokyo, Japan",28,34,45,16,21,250,300,410,140,190,1000,1200,1600,570,760
083,"Vineland, NJ","Shenandoah NP, VA","Cooperstown, NY",Philadelphia,"Vancouver, Canada","San Francisco, United States","London, England","Paris, France","Tokyo, Japan",23,24,64,21,16,210,220,580,190,140,840,880,2300,750,580
084,"Pleasantville / Atlantic County, NJ","Shenandoah NP, VA","Cooperstown, NY",Newark,"Vancouver, Canada","San Francisco, United States","London, England","Paris, France","Tokyo, Japan",28,34,45,16,21,250,300,410,140,190,1000,1200,1600,570,760
085,"Camden, NJ","Shenandoah NP, VA","Saratoga Springs, NY",New York City,"Vancouver, Canada","San Francisco, United States","London, England","Paris, France","Tokyo, Japan",30,33,38,19,22,270,290,340,170,200,1100,1200,1400,670,810
086,"Trenton metro, NJ","Shenandoah NP, VA","Richmond, VA",New York City,"Vancouver, Canada","San Francisco, United States","London, England","Paris, France","Tokyo, Japan",30,33,38,19,22,270,290,340,170,200,1100,1200,1400,670,810
087,"Red Bank / Freehold, NJ","New York City, NY","Cape Cod, MA",New York City,"Vancouver, Canada","San Francisco, United States","London, England","Paris, France","Tokyo, Japan",30,33,38,19,22,270,290,340,170,200,1100,1200,1400,670,810
088,"New Brunswick, NJ","New York City, NY","Salem, MA",New York City,"Vancouver, Canada","San Francisco, United States","London, England","Paris, France","Tokyo, Japan",30,33,38,19,22,270,290,340,170,200,1100,1200,1400,670,810
089,"Freehold / Ocean County, NJ","New York City, NY","Salem, MA",New York City,"Vancouver, Canada","San Francisco, United States","London, England","Paris, France","Tokyo, Japan",30,33,38,19,22,270,290,340,170,200,1100,1200,1400,670,810
100,"New York City (Manhattan), NY","Washington, DC","Cape Cod, MA",New York City,"Vancouver, Canada","San Francisco, United States","London, England","Paris, France","Tokyo, Japan",30,33,38,19,22,270,290,340,170,200,1100,1200,1400,670,810
101,"New York City (Manhattan), NY","Washington, DC","Cape Cod, MA",New York City,"Vancouver, Canada","San Francisco, United States","London, England","Paris, France","Tokyo, Japan",30,33,38,19,22,270,290,340,170,200,1100,1200,1400,670,810
102,"New York City (Manhattan), NY","Washington, DC","Cape Cod, MA",New York City,"Vancouver, Canada","San Francisco, United States","London, England","Paris, France","Tokyo, Japan",30,33,38,19,22,270,290,340,170,200,1100,1200,1400,670,810
103,"Staten Island, NY","Washington, DC","Cape Cod, MA",New York City,"Vancouver, Canada","San Francisco, United States","London, England","Paris, France","Tokyo, Japan",30,33,38,19,22,270,290,340,170,200,1100,1200,1400,670,810
104,"Bronx, NY","Washington, DC","Lake Placid, NY",New York City,"Vancouver, Canada","San Francisco, United States","London, England","Paris, France","Tokyo, Japan",30,33,38,19,22,270,290,340,170,200,1100,1200,1400,670,810
105,"Westchester / Yonkers, NY","New York City, NY","Lake Placid, NY",New York City,"Vancouver, Canada","San Francisco, United States","London, England","Paris, France","Tokyo, Japan",30,33,38,19,22,270,290,340,170,200,1100,1200,1400,670,810
106,"White Plains, NY","New York City, NY","White Mountains, NH",New York City,"Vancouver, Canada","San Francisco, United States","London, England","Paris, France","Tokyo, Japan",30,33,38,19,22,270,290,340,170,200,1100,1200,1400,670,810
107,"Yonkers / Mount Vernon, NY","New York City, NY","Lake Placid, NY",New York City,"Vancouver, Canada","San Francisco, United States","London, England","Paris, France","Tokyo, Japan",30,33,38,19,22,270,290,340,170,200,1100,1200,1400,670,810
108,"New Rochelle, NY","New York City, NY","Lake Placid, NY",New York City,"Vancouver, Canada","San Francisco, United States","London, England","Paris, France","Tokyo, Japan",30,33,38,19,22,270,290,340,170,200,1100,1200,1400,670,810
109,"Suffern / Rockland County, NY","New York City, NY","Burlington, VT",New York City,"Vancouver, Canada","San Francisco, United States","London, England","Paris, France","Tokyo, Japan",30,33,38,19,22,270,290,340,170,200,1100,1200,1400,670,810
110,"Queens, NY","Washington, DC","Finger Lakes, NY",New York City,"Vancouver, Canada","San Francisco, United States","London, England","Paris, France","Tokyo, Japan",30,33,38,19,22,270,290,340,170,200,1100,1200,1400,670,810
111,"Long Island City / Queens, NY","Washington, DC","Cape Cod, MA",New York City,"Vancouver, Canada","San Francisco, United States","London, England","Paris, France","Tokyo, Japan",30,33,38,19,22,270,290,340,170,200,1100,1200,1400,670,810
112,"Brooklyn, NY","Washington, DC","Cape Cod, MA",New York City,"Vancouver, Canada","San Francisco, United States","London, England","Paris, France","Tokyo, Japan",30,33,38,19,22,270,290,340,170,200,1100,1200,1400,670,810
113,"Flushing / Jamaica, NY","Washington, DC","Finger Lakes, NY",New York City,"Vancouver, Canada","San Francisco, United States","London, England","Paris, France","Tokyo, Japan",30,33,38,19,22,270,290,340,170,200,1100,1200,1400,670,810
114,"Jamaica / Far Rockaway, NY","New York City, NY","Finger Lakes, NY",New York City,"Vancouver, Canada","San Francisco, United States","London, England","Paris, France","Tokyo, Japan",30,33,38,19,22,270,290,340,170,200,1100,1200,1400,670,810
115,"Jamaica / Southern Queens, NY","Washington, DC","Finger Lakes, NY",New York City,"Vancouver, Canada","San Francisco, United States","London, England","Paris, France","Tokyo, Japan",30,33,38,19,22,270,290,340,170,200,1100,1200,1400,670,810
116,"Far Rockaway, NY","New York City, NY","Finger Lakes, NY",New York City,"Vancouver, Canada","San Francisco, United States","London, England","Paris, France","Tokyo, Japan",30,33,38,19,22,270,290,340,170,200,1100,1200,1400,670,810
117,"Hicksville / Nassau County, NY","New York City, NY","Kennebunkport, ME",New York City,"Vancouver, Canada","San Francisco, United States","London, England","Paris, France","Tokyo, Japan",30,33,38,19,22,270,290,340,170,200,1100,1200,1400,670,810
118,"Hicksville east / Islip, NY","New York City, NY","Kennebunkport, ME",New York City,"Vancouver, Canada","San Francisco, United States","London, England","Paris, France","Tokyo, Japan",30,33,38,19,22,270,290,340,170,200,1100,1200,1400,670,810
119,"Patchogue / Eastern Suffolk, NY","New York City, NY","White Mountains, NH",New York City,"Vancouver, Canada","San Francisco, United States","London, England","Paris, France","Tokyo, Japan",30,33,38,19,22,270,290,340,170,200,1100,1200,1400,670,810
120,"Albany, NY","New York City, NY","Atlantic City, NJ",Hartford,"Vancouver, Canada","San Francisco, United States","London, England","Paris, France","Tokyo, Japan",25,22,53,16,19,230,190,480,150,170,910,780,1900,580,670
121,"Albany metro, NY","New York City, NY","Atlantic City, NJ",Hartford,"Vancouver, Canada","San Francisco, United States","London, England","Paris, France","Tokyo, Japan",25,22,53,16,19,230,190,480,150,170,910,780,1900,580,670
122,"Albany south, NY","New York City, NY","Atlantic City, NJ",Hartford,"Vancouver, Canada","San Francisco, United States","London, England","Paris, France","Tokyo, Japan",25,22,53,16,19,230,190,480,150,170,910,780,1900,580,670
123,"Schenectady, NY","New York City, NY","Hershey, PA",Hartford,"Vancouver, Canada","San Francisco, United States","London, England","Paris, France","Tokyo, Japan",25,22,53,16,19,230,190,480,150,170,910,780,1900,580,670
124,"Kingston / Poughkeepsie, NY","New York City, NY","Rehoboth Beach, DE",New York City,"Vancouver, Canada","San Francisco, United States","London, England","Paris, France","Tokyo, Japan",30,33,38,19,22,270,290,340,170,200,1100,1200,1400,670,810
125,"Poughkeepsie, NY","New York City, NY","Annapolis, MD",New York City,"Vancouver, Canada","San Francisco, United States","London, England","Paris, France","Tokyo, Japan",30,33,38,19,22,270,290,340,170,200,1100,1200,1400,670,810
126,"Middletown / Newburgh, NY","New York City, NY","White Mountains, NH",New York City,"Vancouver, Canada","San Francisco, United States","London, England","Paris, France","Tokyo, Japan",30,33,38,19,22,270,290,340,170,200,1100,1200,1400,670,810
127,"Middletown, NY","New York City, NY","White Mountains, NH",New York City,"Vancouver, Canada","San Francisco, United States","London, England","Paris, France","Tokyo, Japan",30,33,38,19,22,270,290,340,170,200,1100,1200,1400,670,810
128,"Glens Falls, NY","New York City, NY","Cape Cod, MA",Burlington,"Vancouver, Canada","San Francisco, United States","London, England","Paris, France","Tokyo, Japan",21,27,46,16,19,190,250,420,140,170,780,990,1700,570,690
129,"Plattsburgh, NY","Boston, MA","Finger Lakes, NY",Montreal,"Vancouver, Canada","San Francisco, United States","London, England","Paris, France","Tokyo, Japan",23,22,45,15,17,210,200,410,140,150,820,790,1600,560,620
130,"Syracuse, NY","New York City, NY","Gettysburg, PA",Rochester,"Vancouver, Canada","San Francisco, United States","London, England","Paris, France","Tokyo, Japan",25,25,49,16,16,220,230,440,140,150,890,910,1800,580,590
131,"Syracuse east, NY","New York City, NY","Mystic, CT",Rochester,"Vancouver, Canada","San Francisco, United States","London, England","Paris, France","Tokyo, Japan",25,25,49,16,16,220,230,440,140,150,890,910,1800,580,590
132,"Syracuse south, NY","New York City, NY","Montreal, QC, Canada",Rochester,"Vancouver, Canada","San Francisco, United States","London, England","Paris, France","Tokyo, Japan",25,25,49,16,16,220,230,440,140,150,890,910,1800,580,590
133,"Utica, NY","New York City, NY","Newport, RI",Syracuse,"Vancouver, Canada","San Francisco, United States","London, England","Paris, France","Tokyo, Japan",25,25,51,15,18,230,230,460,140,160,920,910,1800,550,650
134,"Utica south / Cooperstown, NY","New York City, NY","Toronto, ON, Canada",Syracuse,"Vancouver, Canada","San Francisco, United States","London, England","Paris, France","Tokyo, Japan",25,25,51,15,18,230,230,460,140,160,920,910,1800,550,650
135,"Watertown, NY","Stowe, VT","White Mountains, NH",Syracuse,"Vancouver, Canada","San Francisco, United States","London, England","Paris, France","Tokyo, Japan",25,25,51,15,18,230,230,460,140,160,920,910,1800,550,650
136,"Watertown north, NY","Stowe, VT","White Mountains, NH",Ottawa,"Vancouver, Canada","San Francisco, United States","London, England","Paris, France","Tokyo, Japan",22,23,66,14,16,200,200,590,130,140,800,820,2400,510,560
137,"Binghamton, NY","New York City, NY","Rehoboth Beach, DE",Syracuse,"Vancouver, Canada","San Francisco, United States","London, England","Paris, France","Tokyo, Japan",25,25,51,15,18,230,230,460,140,160,920,910,1800,550,650
138,"Binghamton east, NY","New York City, NY","Newport, RI",Syracuse,"Vancouver, Canada","San Francisco, United States","London, England","Paris, France","Tokyo, Japan",25,25,51,15,18,230,230,460,140,160,920,910,1800,550,650
139,"Binghamton west, NY","New York City, NY","Pittsburgh, PA",Syracuse,"Vancouver, Canada","San Francisco, United States","London, England","Paris, France","Tokyo, Japan",25,25,51,15,18,230,230,460,140,160,920,910,1800,550,650
140,"Buffalo, NY","Cuyahoga Valley NP, OH","Ottawa, ON, Canada",Toronto,"Vancouver, Canada","San Francisco, United States","London, England","Paris, France","Tokyo, Japan",25,26,40,15,16,230,240,360,130,140,910,960,1400,530,560
141,"Buffalo south, NY","Cuyahoga Valley NP, OH","Ottawa, ON, Canada",Toronto,"Vancouver, Canada","San Francisco, United States","London, England","Paris, France","Tokyo, Japan",25,26,40,15,16,230,240,360,130,140,910,960,1400,530,560
142,"Buffalo east, NY","Cuyahoga Valley NP, OH","Ottawa, ON, Canada",Toronto,"Vancouver, Canada","San Francisco, United States","London, England","Paris, France","Tokyo, Japan",25,26,40,15,16,230,240,360,130,140,910,960,1400,530,560
143,"Niagara Falls, NY","Cuyahoga Valley NP, OH","Ottawa, ON, Canada",Toronto,"Vancouver, Canada","San Francisco, United States","London, England","Paris, France","Tokyo, Japan",25,26,40,15,16,230,240,360,130,140,910,960,1400,530,560
144,"Rochester, NY","Lake Placid, NY","Cleveland, OH",Buffalo,"Vancouver, Canada","San Francisco, United States","London, England","Paris, France","Tokyo, Japan",30,26,54,15,25,270,230,480,130,230,1100,920,1900,530,900
145,"Rochester south, NY","Cuyahoga Valley NP, OH","Cleveland, OH",Buffalo,"Vancouver, Canada","San Francisco, United States","London, England","Paris, France","Tokyo, Japan",30,26,54,15,25,270,230,480,130,230,1100,920,1900,530,900
146,"Rochester east, NY","Lake Placid, NY","Gettysburg, PA",Buffalo,"Vancouver, Canada","San Francisco, United States","London, England","Paris, France","Tokyo, Japan",30,26,54,15,25,270,230,480,130,230,1100,920,1900,530,900
147,"Ithaca / Elmira, NY","New York City, NY","Baltimore, MD",Rochester,"Vancouver, Canada","San Francisco, United States","London, England","Paris, France","Tokyo, Japan",25,25,49,16,16,220,230,440,140,150,890,910,1800,580,590
148,"Ithaca, NY","New York City, NY","Atlantic City, NJ",Rochester,"Vancouver, Canada","San Francisco, United States","London, England","Paris, France","Tokyo, Japan",25,25,49,16,16,220,230,440,140,150,890,910,1800,580,590
149,"Elmira, NY","New York City, NY","Ottawa, ON, Canada",Rochester,"Vancouver, Canada","San Francisco, United States","London, England","Paris, France","Tokyo, Japan",25,25,49,16,16,220,230,440,140,150,890,910,1800,580,590
150,"Pittsburgh, PA","Shenandoah NP, VA","Toronto, ON, Canada",Pittsburgh,"Vancouver, Canada","San Francisco, United States","London, England","Paris, France","Tokyo, Japan",29,25,47,15,15,260,230,420,130,140,1100,920,1700,530,550
151,"Pittsburgh (north), PA","Shenandoah NP, VA","Toronto, ON, Canada",Pittsburgh,"Vancouver, Canada","San Francisco, United States","London, England","Paris, France","Tokyo, Japan",29,25,47,15,15,260,230,420,130,140,1100,920,1700,530,550
152,"Pittsburgh (south), PA","Shenandoah NP, VA","Toronto, ON, Canada",Pittsburgh,"Vancouver, Canada","San Francisco, United States","London, England","Paris, France","Tokyo, Japan",29,25,47,15,15,260,230,420,130,140,1100,920,1700,530,550
153,"Washington / Connellsville, PA","Shenandoah NP, VA","Finger Lakes, NY",Pittsburgh,"Vancouver, Canada","San Francisco, United States","London, England","Paris, France","Tokyo, Japan",29,25,47,15,15,260,230,420,130,140,1100,920,1700,530,550
154,"Washington, PA","Shenandoah NP, VA","Cincinnati, OH",Pittsburgh,"Vancouver, Canada","San Francisco, United States","London, England","Paris, France","Tokyo, Japan",29,25,47,15,15,260,230,420,130,140,1100,920,1700,530,550
155,"Uniontown / Johnstown area, PA","Shenandoah NP, VA","Detroit, MI",Pittsburgh,"Vancouver, Canada","San Francisco, United States","London, England","Paris, France","Tokyo, Japan",29,25,47,15,15,260,230,420,130,140,1100,920,1700,530,550
156,"Greensburg, PA","Shenandoah NP, VA","Philadelphia, PA",Pittsburgh,"Vancouver, Canada","San Francisco, United States","London, England","Paris, France","Tokyo, Japan",29,25,47,15,15,260,230,420,130,140,1100,920,1700,530,550
157,"Indiana, PA","Shenandoah NP, VA","Detroit, MI",Pittsburgh,"Vancouver, Canada","San Francisco, United States","London, England","Paris, France","Tokyo, Japan",29,25,47,15,15,260,230,420,130,140,1100,920,1700,530,550
158,"DuBois / Clarion, PA","Shenandoah NP, VA","Columbus, OH",Pittsburgh,"Vancouver, Canada","San Francisco, United States","London, England","Paris, France","Tokyo, Japan",29,25,47,15,15,260,230,420,130,140,1100,920,1700,530,550
159,"Butler, PA","Shenandoah NP, VA","Annapolis, MD",Pittsburgh,"Vancouver, Canada","San Francisco, United States","London, England","Paris, France","Tokyo, Japan",29,25,47,15,15,260,230,420,130,140,1100,920,1700,530,550
160,"New Castle, PA","Shenandoah NP, VA","Baltimore, MD",Cleveland,"Vancouver, Canada","San Francisco, United States","London, England","Paris, France","Tokyo, Japan",34,29,52,16,15,300,270,470,140,130,1200,1100,1900,570,530
161,"Kittanning, PA","Shenandoah NP, VA","Philadelphia, PA",Pittsburgh,"Vancouver, Canada","San Francisco, United States","London, England","Paris, France","Tokyo, Japan",29,25,47,15,15,260,230,420,130,140,1100,920,1700,530,550
162,"Kittanning east, PA","Shenandoah NP, VA","Philadelphia, PA",Pittsburgh,"Vancouver, Canada","San Francisco, United States","London, England","Paris, France","Tokyo, Japan",29,25,47,15,15,260,230,420,130,140,1100,920,1700,530,550
163,"Oil City / Meadville, PA","Shenandoah NP, VA","Washington, DC",Pittsburgh,"Vancouver, Canada","San Francisco, United States","London, England","Paris, France","Tokyo, Japan",29,25,47,15,15,260,230,420,130,140,1100,920,1700,530,550
164,"Erie, PA","Cuyahoga Valley NP, OH","Kingston, ON, Canada",Buffalo,"Vancouver, Canada","San Francisco, United States","London, England","Paris, France","Tokyo, Japan",30,26,54,15,25,270,230,480,130,230,1100,920,1900,530,900
165,"Erie east, PA","Cuyahoga Valley NP, OH","Kingston, ON, Canada",Buffalo,"Vancouver, Canada","San Francisco, United States","London, England","Paris, France","Tokyo, Japan",30,26,54,15,25,270,230,480,130,230,1100,920,1900,530,900
166,"Altoona, PA","Shenandoah NP, VA","Catskills, NY",Pittsburgh,"Vancouver, Canada","San Francisco, United States","London, England","Paris, France","Tokyo, Japan",29,25,47,15,15,260,230,420,130,140,1100,920,1700,530,550
167,"Bradford, PA","Shenandoah NP, VA","Annapolis, MD",Buffalo,"Vancouver, Canada","San Francisco, United States","London, England","Paris, France","Tokyo, Japan",30,26,54,15,25,270,230,480,130,230,1100,920,1900,530,900
168,"State College, PA","Shenandoah NP, VA","Richmond, VA",Pittsburgh,"Vancouver, Canada","San Francisco, United States","London, England","Paris, France","Tokyo, Japan",29,25,47,15,15,260,230,420,130,140,1100,920,1700,530,550
169,"Williamsport, PA","Shenandoah NP, VA","Cuyahoga Valley NP, OH",Philadelphia,"Vancouver, Canada","San Francisco, United States","London, England","Paris, France","Tokyo, Japan",23,24,64,21,16,210,220,580,190,140,840,880,2300,750,580
170,"Harrisburg, PA","Shenandoah NP, VA","Niagara Falls, ON, Canada",Philadelphia,"Vancouver, Canada","San Francisco, United States","London, England","Paris, France","Tokyo, Japan",23,24,64,21,16,210,220,580,190,140,840,880,2300,750,580
171,"Harrisburg north, PA","Shenandoah NP, VA","Niagara Falls, ON, Canada",Philadelphia,"Vancouver, Canada","San Francisco, United States","London, England","Paris, France","Tokyo, Japan",23,24,64,21,16,210,220,580,190,140,840,880,2300,750,580
172,"Chambersburg, PA","Shenandoah NP, VA","Cooperstown, NY",Baltimore,"Vancouver, Canada","San Francisco, United States","London, England","Paris, France","Tokyo, Japan",28,29,65,17,16,250,270,590,150,150,1000,1100,2300,610,590
173,"York, PA","Shenandoah NP, VA","Virginia Beach, VA",Philadelphia,"Vancouver, Canada","San Francisco, United States","London, England","Paris, France","Tokyo, Japan",23,24,64,21,16,210,220,580,190,140,840,880,2300,750,580
174,"York south, PA","Shenandoah NP, VA","Cooperstown, NY",Philadelphia,"Vancouver, Canada","San Francisco, United States","London, England","Paris, France","Tokyo, Japan",23,24,64,21,16,210,220,580,190,140,840,880,2300,750,580
175,"Lancaster, PA","Shenandoah NP, VA","Virginia Beach, VA",Philadelphia,"Vancouver, Canada","San Francisco, United States","London, England","Paris, France","Tokyo, Japan",23,24,64,21,16,210,220,580,190,140,840,880,2300,750,580
176,"Lancaster east, PA","Shenandoah NP, VA","Mystic, CT",Philadelphia,"Vancouver, Canada","San Francisco, United States","London, England","Paris, France","Tokyo, Japan",23,24,64,21,16,210,220,580,190,140,840,880,2300,750,580
177,"Bloomsburg / Sunbury, PA","Shenandoah NP, VA","Mystic, CT",Philadelphia,"Vancouver, Canada","San Francisco, United States","London, England","Paris, France","Tokyo, Japan",23,24,64,21,16,210,220,580,190,140,840,880,2300,750,580
178,"Hazleton, PA","Shenandoah NP, VA","Thousand Islands, ON, Canada",Philadelphia,"Vancouver, Canada","San Francisco, United States","London, England","Paris, France","Tokyo, Japan",23,24,64,21,16,210,220,580,190,140,840,880,2300,750,580
179,"Pottsville / Scranton area, PA","Shenandoah NP, VA","Williamsburg, VA",Philadelphia,"Vancouver, Canada","San Francisco, United States","London, England","Paris, France","Tokyo, Japan",23,24,64,21,16,210,220,580,190,140,840,880,2300,750,580
180,"Lehigh Valley / Allentown, PA","Shenandoah NP, VA","Pittsburgh, PA",New York City,"Vancouver, Canada","San Francisco, United States","London, England","Paris, France","Tokyo, Japan",30,33,38,19,22,270,290,340,170,200,1100,1200,1400,670,810
181,"Allentown, PA","Shenandoah NP, VA","Pittsburgh, PA",New York City,"Vancouver, Canada","San Francisco, United States","London, England","Paris, France","Tokyo, Japan",30,33,38,19,22,270,290,340,170,200,1100,1200,1400,670,810
182,"Wilkes-Barre / Hazleton, PA","Shenandoah NP, VA","Newport, RI",Newark,"Vancouver, Canada","San Francisco, United States","London, England","Paris, France","Tokyo, Japan",28,34,45,16,21,250,300,410,140,190,1000,1200,1600,570,760
183,"Stroudsburg, PA","New York City, NY","Boston, MA",New York City,"Vancouver, Canada","San Francisco, United States","London, England","Paris, France","Tokyo, Japan",30,33,38,19,22,270,290,340,170,200,1100,1200,1400,670,810
184,"Scranton, PA","New York City, NY","Pittsburgh, PA",Newark,"Vancouver, Canada","San Francisco, United States","London, England","Paris, France","Tokyo, Japan",28,34,45,16,21,250,300,410,140,190,1000,1200,1600,570,760
185,"Scranton east, PA","New York City, NY","Newport, RI",Newark,"Vancouver, Canada","San Francisco, United States","London, England","Paris, France","Tokyo, Japan",28,34,45,16,21,250,300,410,140,190,1000,1200,1600,570,760
186,"Wilkes-Barre, PA","Shenandoah NP, VA","Newport, RI",Newark,"Vancouver, Canada","San Francisco, United States","London, England","Paris, France","Tokyo, Japan",28,34,45,16,21,250,300,410,140,190,1000,1200,1600,570,760
187,"Wilkes-Barre south, PA","Shenandoah NP, VA","Newport, RI",Newark,"Vancouver, Canada","San Francisco, United States","London, England","Paris, France","Tokyo, Japan",28,34,45,16,21,250,300,410,140,190,1000,1200,1600,570,760
188,"Montrose / Towanda, PA","New York City, NY","Newport, RI",Syracuse,"Vancouver, Canada","San Francisco, United States","London, England","Paris, France","Tokyo, Japan",25,25,51,15,18,230,230,460,140,160,920,910,1800,550,650
189,"Doylestown / Eastern PA, PA","Shenandoah NP, VA","Richmond, VA",New York City,"Vancouver, Canada","San Francisco, United States","London, England","Paris, France","Tokyo, Japan",30,33,38,19,22,270,290,340,170,200,1100,1200,1400,670,810
190,"Philadelphia, PA","Shenandoah NP, VA","Newport, RI",New York City,"Vancouver, Canada","San Francisco, United States","London, England","Paris, France","Tokyo, Japan",30,33,38,19,22,270,290,340,170,200,1100,1200,1400,670,810
191,"Philadelphia (north), PA","Shenandoah NP, VA","Newport, RI",New York City,"Vancouver, Canada","San Francisco, United States","London, England","Paris, France","Tokyo, Japan",30,33,38,19,22,270,290,340,170,200,1100,1200,1400,670,810
192,"Philadelphia (NW), PA","Shenandoah NP, VA","Newport, RI",New York City,"Vancouver, Canada","San Francisco, United States","London, England","Paris, France","Tokyo, Japan",30,33,38,19,22,270,290,340,170,200,1100,1200,1400,670,810
193,"Norristown / Montgomery County, PA","Shenandoah NP, VA","Newport, RI",New York City,"Vancouver, Canada","San Francisco, United States","London, England","Paris, France","Tokyo, Japan",30,33,38,19,22,270,290,340,170,200,1100,1200,1400,670,810
194,"Norristown area, PA","Shenandoah NP, VA","Newport, RI",New York City,"Vancouver, Canada","San Francisco, United States","London, England","Paris, France","Tokyo, Japan",30,33,38,19,22,270,290,340,170,200,1100,1200,1400,670,810
195,"Reading, PA","Shenandoah NP, VA","Saratoga Springs, NY",Philadelphia,"Vancouver, Canada","San Francisco, United States","London, England","Paris, France","Tokyo, Japan",23,24,64,21,16,210,220,580,190,140,840,880,2300,750,580
196,"Reading east, PA","Shenandoah NP, VA","Pittsburgh, PA",Newark,"Vancouver, Canada","San Francisco, United States","London, England","Paris, France","Tokyo, Japan",28,34,45,16,21,250,300,410,140,190,1000,1200,1600,570,760
197,"Wilmington, DE","Shenandoah NP, VA","Berkshires / Williamstown, MA",Philadelphia,"Vancouver, Canada","San Francisco, United States","London, England","Paris, France","Tokyo, Japan",23,24,64,21,16,210,220,580,190,140,840,880,2300,750,580
198,"Wilmington / Newark, DE","Shenandoah NP, VA","Pittsburgh, PA",Philadelphia,"Vancouver, Canada","San Francisco, United States","London, England","Paris, France","Tokyo, Japan",23,24,64,21,16,210,220,580,190,140,840,880,2300,750,580
199,"Dover, DE","Shenandoah NP, VA","Catskills, NY",Philadelphia,"Vancouver, Canada","San Francisco, United States","London, England","Paris, France","Tokyo, Japan",23,24,64,21,16,210,220,580,190,140,840,880,2300,750,580
200,"Washington, DC","Shenandoah NP, VA","New River Gorge NP, WV",Baltimore,"Vancouver, Canada","San Francisco, United States","London, England","Paris, France","Tokyo, Japan",28,29,65,17,16,250,270,590,150,150,1000,1100,2300,610,590
201,Dulles / northern VA (DC area),"Shenandoah NP, VA","New York City, NY",Baltimore,"Vancouver, Canada","San Francisco, United States","London, England","Paris, France","Tokyo, Japan",28,29,65,17,16,250,270,590,150,150,1000,1100,2300,610,590
202,Washington DC (NW),"Shenandoah NP, VA","New River Gorge NP, WV",Baltimore,"Vancouver, Canada","San Francisco, United States","London, England","Paris, France","Tokyo, Japan",28,29,65,17,16,250,270,590,150,150,1000,1100,2300,610,590
203,Washington DC (NE),"Shenandoah NP, VA","New River Gorge NP, WV",Baltimore,"Vancouver, Canada","San Francisco, United States","London, England","Paris, France","Tokyo, Japan",28,29,65,17,16,250,270,590,150,150,1000,1100,2300,610,590
204,Washington DC (SE),"Shenandoah NP, VA","New River Gorge NP, WV",Baltimore,"Vancouver, Canada","San Francisco, United States","London, England","Paris, France","Tokyo, Japan",28,29,65,17,16,250,270,590,150,150,1000,1100,2300,610,590
205,Washington DC (SW),"Shenandoah NP, VA","New River Gorge NP, WV",Baltimore,"Vancouver, Canada","San Francisco, United States","London, England","Paris, France","Tokyo, Japan",28,29,65,17,16,250,270,590,150,150,1000,1100,2300,610,590
206,Southern MD,"Shenandoah NP, VA","New River Gorge NP, WV",Baltimore,"Vancouver, Canada","San Francisco, United States","London, England","Paris, France","Tokyo, Japan",28,29,65,17,16,250,270,590,150,150,1000,1100,2300,610,590
207,Southern MD / Clinton,"Shenandoah NP, VA","Outer Banks, NC",Baltimore,"Vancouver, Canada","San Francisco, United States","London, England","Paris, France","Tokyo, Japan",28,29,65,17,16,250,270,590,150,150,1000,1100,2300,610,590
208,"Chevy Chase / Bethesda, MD","Shenandoah NP, VA","New River Gorge NP, WV",Baltimore,"Vancouver, Canada","San Francisco, United States","London, England","Paris, France","Tokyo, Japan",28,29,65,17,16,250,270,590,150,150,1000,1100,2300,610,590
209,"Gaithersburg / Rockville, MD","Shenandoah NP, VA","New River Gorge NP, WV",Baltimore,"Vancouver, Canada","San Francisco, United States","London, England","Paris, France","Tokyo, Japan",28,29,65,17,16,250,270,590,150,150,1000,1100,2300,610,590
210,"Baltimore, MD","Shenandoah NP, VA","Finger Lakes, NY",Philadelphia,"Vancouver, Canada","San Francisco, United States","London, England","Paris, France","Tokyo, Japan",23,24,64,21,16,210,220,580,190,140,840,880,2300,750,580
211,"Baltimore (north), MD","Shenandoah NP, VA","Finger Lakes, NY",Philadelphia,"Vancouver, Canada","San Francisco, United States","London, England","Paris, France","Tokyo, Japan",23,24,64,21,16,210,220,580,190,140,840,880,2300,750,580
212,"Baltimore (east), MD","Shenandoah NP, VA","Finger Lakes, NY",Philadelphia,"Vancouver, Canada","San Francisco, United States","London, England","Paris, France","Tokyo, Japan",23,24,64,21,16,210,220,580,190,140,840,880,2300,750,580
214,"Annapolis, MD","Shenandoah NP, VA","Hudson Valley, NY",Philadelphia,"Vancouver, Canada","San Francisco, United States","London, England","Paris, France","Tokyo, Japan",23,24,64,21,16,210,220,580,190,140,840,880,2300,750,580
215,"Cumberland, MD","Shenandoah NP, VA","Niagara Falls, NY",Washington,"Vancouver, Canada","San Francisco, United States","London, England","Paris, France","Tokyo, Japan",33,33,64,15,17,300,290,580,130,150,1200,1200,2300,530,620
216,"Hagerstown, MD","Shenandoah NP, VA","Cuyahoga Valley NP, OH",Baltimore,"Vancouver, Canada","San Francisco, United States","London, England","Paris, France","Tokyo, Japan",28,29,65,17,16,250,270,590,150,150,1000,1100,2300,610,590
217,"Frederick, MD","Shenandoah NP, VA","Finger Lakes, NY",Baltimore,"Vancouver, Canada","San Francisco, United States","London, England","Paris, France","Tokyo, Japan",28,29,65,17,16,250,270,590,150,150,1000,1100,2300,610,590
218,"Salisbury, MD","Shenandoah NP, VA","Outer Banks, NC",Baltimore,"Vancouver, Canada","San Francisco, United States","London, England","Paris, France","Tokyo, Japan",28,29,65,17,16,250,270,590,150,150,1000,1100,2300,610,590
219,"Prince Frederick, MD","Shenandoah NP, VA","Pittsburgh, PA",Baltimore,"Vancouver, Canada","San Francisco, United States","London, England","Paris, France","Tokyo, Japan",28,29,65,17,16,250,270,590,150,150,1000,1100,2300,610,590
220,Northern VA / Fairfax,"Shenandoah NP, VA","New York City, NY",Baltimore,"Vancouver, Canada","San Francisco, United States","London, England","Paris, France","Tokyo, Japan",28,29,65,17,16,250,270,590,150,150,1000,1100,2300,610,590
221,Northern VA / Falls Church,"Shenandoah NP, VA","New River Gorge NP, WV",Baltimore,"Vancouver, Canada","San Francisco, United States","London, England","Paris, France","Tokyo, Japan",28,29,65,17,16,250,270,590,150,150,1000,1100,2300,610,590
222,"Arlington, VA","Shenandoah NP, VA","New River Gorge NP, WV",Baltimore,"Vancouver, Canada","San Francisco, United States","London, England","Paris, France","Tokyo, Japan",28,29,65,17,16,250,270,590,150,150,1000,1100,2300,610,590
223,"Alexandria, VA","Shenandoah NP, VA","New River Gorge NP, WV",Baltimore,"Vancouver, Canada","San Francisco, United States","London, England","Paris, France","Tokyo, Japan",28,29,65,17,16,250,270,590,150,150,1000,1100,2300,610,590
224,"Fredericksburg, VA","Shenandoah NP, VA","Outer Banks, NC",Baltimore,"Vancouver, Canada","San Francisco, United States","London, England","Paris, France","Tokyo, Japan",28,29,65,17,16,250,270,590,150,150,1000,1100,2300,610,590
225,"Fredericksburg south, VA","Shenandoah NP, VA","Outer Banks, NC",Baltimore,"Vancouver, Canada","San Francisco, United States","London, England","Paris, France","Tokyo, Japan",28,29,65,17,16,250,270,590,150,150,1000,1100,2300,610,590
226,"Winchester, VA","Shenandoah NP, VA","Cuyahoga Valley NP, OH",Baltimore,"Vancouver, Canada","San Francisco, United States","London, England","Paris, France","Tokyo, Japan",28,29,65,17,16,250,270,590,150,150,1000,1100,2300,610,590
227,"Culpeper, VA","Shenandoah NP, VA","Atlantic City, NJ",Baltimore,"Vancouver, Canada","San Francisco, United States","London, England","Paris, France","Tokyo, Japan",28,29,65,17,16,250,270,590,150,150,1000,1100,2300,610,590
228,"Harrisonburg, VA","Shenandoah NP, VA","Philadelphia, PA",Washington,"Vancouver, Canada","San Francisco, United States","London, England","Paris, France","Tokyo, Japan",33,33,64,15,17,300,290,580,130,150,1200,1200,2300,530,620
229,"Charlottesville, VA","Shenandoah NP, VA","Outer Banks, NC",Washington,"Vancouver, Canada","San Francisco, United States","London, England","Paris, France","Tokyo, Japan",33,33,64,15,17,300,290,580,130,150,1200,1200,2300,530,620
230,"Richmond, VA","Shenandoah NP, VA","Philadelphia, PA",Washington,"Vancouver, Canada","San Francisco, United States","London, England","Paris, France","Tokyo, Japan",32,27,65,17,16,290,250,590,160,150,1200,980,2300,630,580
231,"Richmond (south), VA","Shenandoah NP, VA","Philadelphia, PA",Norfolk,"Vancouver, Canada","San Francisco, United States","London, England","Paris, France","Tokyo, Japan",31,25,53,20,17,280,230,480,180,150,1100,910,1900,710,610
232,"Richmond metro, VA","Shenandoah NP, VA","Philadelphia, PA",Washington,"Vancouver, Canada","San Francisco, United States","London, England","Paris, France","Tokyo, Japan",32,27,65,17,16,290,250,590,160,150,1200,980,2300,630,580
233,"Norfolk / Chesapeake, VA","Shenandoah NP, VA","Hershey, PA",Norfolk,"Vancouver, Canada","San Francisco, United States","London, England","Paris, France","Tokyo, Japan",31,25,53,20,17,280,230,480,180,150,1100,910,1900,710,610
234,"Norfolk, VA","Shenandoah NP, VA","Hershey, PA",Norfolk,"Vancouver, Canada","San Francisco, United States","London, England","Paris, France","Tokyo, Japan",31,25,53,20,17,280,230,480,180,150,1100,910,1900,710,610
235,"Norfolk (east), VA","Shenandoah NP, VA","Hershey, PA",Norfolk,"Vancouver, Canada","San Francisco, United States","London, England","Paris, France","Tokyo, Japan",31,25,53,20,17,280,230,480,180,150,1100,910,1900,710,610
236,"Norfolk (south), VA","Shenandoah NP, VA","Philadelphia, PA",Norfolk,"Vancouver, Canada","San Francisco, United States","London, England","Paris, France","Tokyo, Japan",31,25,53,20,17,280,230,480,180,150,1100,910,1900,710,610
237,"Portsmouth, VA","Shenandoah NP, VA","Philadelphia, PA",Norfolk,"Vancouver, Canada","San Francisco, United States","London, England","Paris, France","Tokyo, Japan",31,25,53,20,17,280,230,480,180,150,1100,910,1900,710,610
238,"Richmond (NW), VA","Shenandoah NP, VA","Pittsburgh, PA",Washington,"Vancouver, Canada","San Francisco, United States","London, England","Paris, France","Tokyo, Japan",32,27,65,17,16,290,250,590,160,150,1200,980,2300,630,580
239,"Farmville, VA","Shenandoah NP, VA","Pittsburgh, PA",Richmond,"Vancouver, Canada","San Francisco, United States","London, England","Paris, France","Tokyo, Japan",30,29,55,16,19,270,260,500,140,170,1100,1000,2000,570,680
240,"Roanoke, VA","Great Smoky Mountains NP, TN/NC","Gettysburg, PA",Greensboro,"Vancouver, Canada","San Francisco, United States","London, England","Paris, France","Tokyo, Japan",34,29,53,16,15,310,260,480,150,140,1200,1100,1900,580,550
241,"Roanoke (south), VA","Great Smoky Mountains NP, TN/NC","Gettysburg, PA",Greensboro,"Vancouver, Canada","San Francisco, United States","London, England","Paris, France","Tokyo, Japan",34,29,53,16,15,310,260,480,150,140,1200,1100,1900,580,550
242,"Bristol / Abingdon, VA","Great Smoky Mountains NP, TN/NC","Columbus, OH",Asheville,"Vancouver, Canada","San Francisco, United States","London, England","Paris, France","Tokyo, Japan",33,27,60,15,17,300,240,540,130,160,1200,970,2200,540,630
243,"Pulaski / Radford, VA","Great Smoky Mountains NP, TN/NC","Pittsburgh, PA",Greensboro,"Vancouver, Canada","San Francisco, United States","London, England","Paris, France","Tokyo, Japan",34,29,53,16,15,310,260,480,150,140,1200,1100,1900,580,550
244,"Staunton / Waynesboro, VA","Shenandoah NP, VA","Cape May, NJ",Washington,"Vancouver, Canada","San Francisco, United States","London, England","Paris, France","Tokyo, Japan",33,33,64,15,17,300,290,580,130,150,1200,1200,2300,530,620
245,"Lynchburg, VA","Shenandoah NP, VA","Rehoboth Beach, DE",Richmond,"Vancouver, Canada","San Francisco, United States","London, England","Paris, France","Tokyo, Japan",30,29,55,16,19,270,260,500,140,170,1100,1000,2000,570,680
246,"Bluefield / Tazewell, VA","Great Smoky Mountains NP, TN/NC","Pittsburgh, PA",Greensboro,"Vancouver, Canada","San Francisco, United States","London, England","Paris, France","Tokyo, Japan",34,29,53,16,15,310,260,480,150,140,1200,1100,1900,580,550
247,"Bluefield, WV","Great Smoky Mountains NP, TN/NC","Pittsburgh, PA",Greensboro,"Vancouver, Canada","San Francisco, United States","London, England","Paris, France","Tokyo, Japan",34,29,53,16,15,310,260,480,150,140,1200,1100,1900,580,550
248,"Beckley, WV","Great Smoky Mountains NP, TN/NC","Washington, DC",Greensboro,"Vancouver, Canada","San Francisco, United States","London, England","Paris, France","Tokyo, Japan",34,29,53,16,15,310,260,480,150,140,1200,1100,1900,580,550
249,"Lewisburg, WV","Great Smoky Mountains NP, TN/NC","Cincinnati, OH",Greensboro,"Vancouver, Canada","San Francisco, United States","London, England","Paris, France","Tokyo, Japan",34,29,53,16,15,310,260,480,150,140,1200,1100,1900,580,550
250,"Charleston, WV","Great Smoky Mountains NP, TN/NC","Richmond, VA",Columbus,"Vancouver, Canada","San Francisco, United States","London, England","Paris, France","Tokyo, Japan",33,32,51,14,20,300,290,460,120,180,1200,1200,1800,500,720
251,"Charleston (east), WV","Great Smoky Mountains NP, TN/NC","Richmond, VA",Columbus,"Vancouver, Canada","San Francisco, United States","London, England","Paris, France","Tokyo, Japan",33,32,51,14,20,300,290,460,120,180,1200,1200,1800,500,720
252,"Charleston (north), WV","Great Smoky Mountains NP, TN/NC","Richmond, VA",Columbus,"Vancouver, Canada","San Francisco, United States","London, England","Paris, France","Tokyo, Japan",33,32,51,14,20,300,290,460,120,180,1200,1200,1800,500,720
253,"Charleston (south), WV","Great Smoky Mountains NP, TN/NC","Richmond, VA",Columbus,"Vancouver, Canada","San Francisco, United States","London, England","Paris, France","Tokyo, Japan",33,32,51,14,20,300,290,460,120,180,1200,1200,1800,500,720
254,"Martinsburg, WV","Shenandoah NP, VA","Finger Lakes, NY",Baltimore,"Vancouver, Canada","San Francisco, United States","London, England","Paris, France","Tokyo, Japan",28,29,65,17,16,250,270,590,150,150,1000,1100,2300,610,590
255,"Huntington, WV","Great Smoky Mountains NP, TN/NC","Shenandoah NP, VA",Columbus,"Vancouver, Canada","San Francisco, United States","London, England","Paris, France","Tokyo, Japan",33,32,51,14,20,300,290,460,120,180,1200,1200,1800,500,720
256,"Huntington (east), WV","Great Smoky Mountains NP, TN/NC","Indianapolis, IN",Columbus,"Vancouver, Canada","San Francisco, United States","London, England","Paris, France","Tokyo, Japan",33,32,51,14,20,300,290,460,120,180,1200,1200,1800,500,720
257,"Huntington (north), WV","Great Smoky Mountains NP, TN/NC","Shenandoah NP, VA",Columbus,"Vancouver, Canada","San Francisco, United States","London, England","Paris, France","Tokyo, Japan",33,32,51,14,20,300,290,460,120,180,1200,1200,1800,500,720
258,"Clarksburg, WV","Shenandoah NP, VA","Cincinnati, OH",Pittsburgh,"Vancouver, Canada","San Francisco, United States","London, England","Paris, France","Tokyo, Japan",29,25,47,15,15,260,230,420,130,140,1100,920,1700,530,550
259,"Clarksburg (east), WV","Shenandoah NP, VA","Williamsburg, VA",Pittsburgh,"Vancouver, Canada","San Francisco, United States","London, England","Paris, France","Tokyo, Japan",29,25,47,15,15,260,230,420,130,140,1100,920,1700,530,550
260,"Wheeling, WV","Shenandoah NP, VA","Annapolis, MD",Pittsburgh,"Vancouver, Canada","San Francisco, United States","London, England","Paris, France","Tokyo, Japan",29,25,47,15,15,260,230,420,130,140,1100,920,1700,530,550
261,"Parkersburg, WV","Shenandoah NP, VA","Louisville, KY",Columbus,"Vancouver, Canada","San Francisco, United States","London, England","Paris, France","Tokyo, Japan",33,32,51,14,20,300,290,460,120,180,1200,1200,1800,500,720
262,"Parkersburg (east), WV","Shenandoah NP, VA","Louisville, KY",Columbus,"Vancouver, Canada","San Francisco, United States","London, England","Paris, France","Tokyo, Japan",33,32,51,14,20,300,290,460,120,180,1200,1200,1800,500,720
263,"Elkins, WV","Shenandoah NP, VA","Williamsburg, VA",Pittsburgh,"Vancouver, Canada","San Francisco, United States","London, England","Paris, France","Tokyo, Japan",29,25,47,15,15,260,230,420,130,140,1100,920,1700,530,550
264,"Romney / Keyser, WV","Shenandoah NP, VA","Ocean City, MD",Washington,"Vancouver, Canada","San Francisco, United States","London, England","Paris, France","Tokyo, Japan",33,33,64,15,17,300,290,580,130,150,1200,1200,2300,530,620
265,"Morgantown, WV","Shenandoah NP, VA","Richmond, VA",Pittsburgh,"Vancouver, Canada","San Francisco, United States","London, England","Paris, France","Tokyo, Japan",29,25,47,15,15,260,230,420,130,140,1100,920,1700,530,550
266,"Morgantown (north), WV","Shenandoah NP, VA","Niagara Falls, ON, Canada",Pittsburgh,"Vancouver, Canada","San Francisco, United States","London, England","Paris, France","Tokyo, Japan",29,25,47,15,15,260,230,420,130,140,1100,920,1700,530,550
267,"Romney, WV","Shenandoah NP, VA","Atlantic City, NJ",Washington,"Vancouver, Canada","San Francisco, United States","London, England","Paris, France","Tokyo, Japan",33,33,64,15,17,300,290,580,130,150,1200,1200,2300,530,620
268,"Petersburg, WV","Shenandoah NP, VA","Cape May, NJ",Washington,"Vancouver, Canada","San Francisco, United States","London, England","Paris, France","Tokyo, Japan",33,33,64,15,17,300,290,580,130,150,1200,1200,2300,530,620
270,"Greensboro, NC","Great Smoky Mountains NP, TN/NC","Charleston, SC",Charlotte,"Vancouver, Canada","San Francisco, United States","London, England","Paris, France","Tokyo, Japan",35,32,51,19,17,320,290,460,170,150,1300,1200,1800,680,610
271,"Winston-Salem, NC","Great Smoky Mountains NP, TN/NC","Charleston, SC",Charlotte,"Vancouver, Canada","San Francisco, United States","London, England","Paris, France","Tokyo, Japan",35,32,51,19,17,320,290,460,170,150,1300,1200,1800,680,610
272,"Greensboro (east), NC","Great Smoky Mountains NP, TN/NC","Outer Banks, NC",Charlotte,"Vancouver, Canada","San Francisco, United States","London, England","Paris, France","Tokyo, Japan",35,32,51,19,17,320,290,460,170,150,1300,1200,1800,680,610
273,"Greensboro (west), NC","Great Smoky Mountains NP, TN/NC","Charleston, SC",Charlotte,"Vancouver, Canada","San Francisco, United States","London, England","Paris, France","Tokyo, Japan",35,32,51,19,17,320,290,460,170,150,1300,1200,1800,680,610
274,"Winston-Salem area, NC","Great Smoky Mountains NP, TN/NC","Charleston, SC",Charlotte,"Vancouver, Canada","San Francisco, United States","London, England","Paris, France","Tokyo, Japan",35,32,51,19,17,320,290,460,170,150,1300,1200,1800,680,610
275,"Raleigh, NC","Shenandoah NP, VA","Washington, DC",Raleigh,"Vancouver, Canada","San Francisco, United States","London, England","Paris, France","Tokyo, Japan",28,32,52,14,16,250,290,470,130,150,990,1200,1900,510,580
276,"Raleigh (north), NC","Shenandoah NP, VA","Washington, DC",Raleigh,"Vancouver, Canada","San Francisco, United States","London, England","Paris, France","Tokyo, Japan",28,32,52,14,16,250,290,470,130,150,990,1200,1900,510,580
277,"Durham, NC","Shenandoah NP, VA","Charleston, SC",Raleigh,"Vancouver, Canada","San Francisco, United States","London, England","Paris, France","Tokyo, Japan",28,32,52,14,16,250,290,470,130,150,990,1200,1900,510,580
278,"Rocky Mount, NC","Shenandoah NP, VA","Ocean City, MD",Raleigh,"Vancouver, Canada","San Francisco, United States","London, England","Paris, France","Tokyo, Japan",28,32,52,14,16,250,290,470,130,150,990,1200,1900,510,580
279,"Rocky Mount (south), NC","Shenandoah NP, VA","Annapolis, MD",Raleigh,"Vancouver, Canada","San Francisco, United States","London, England","Paris, France","Tokyo, Japan",28,32,52,14,16,250,290,470,130,150,990,1200,1900,510,580
280,"Charlotte, NC","Great Smoky Mountains NP, TN/NC","Atlanta, GA",Charlotte,"Vancouver, Canada","San Francisco, United States","London, England","Paris, France","Tokyo, Japan",35,32,51,19,17,320,290,460,170,150,1300,1200,1800,680,610
281,"Charlotte (north), NC","Great Smoky Mountains NP, TN/NC","Atlanta, GA",Charlotte,"Vancouver, Canada","San Francisco, United States","London, England","Paris, France","Tokyo, Japan",35,32,51,19,17,320,290,460,170,150,1300,1200,1800,680,610
282,"Charlotte (east), NC","Great Smoky Mountains NP, TN/NC","Atlanta, GA",Charlotte,"Vancouver, Canada","San Francisco, United States","London, England","Paris, France","Tokyo, Japan",35,32,51,19,17,320,290,460,170,150,1300,1200,1800,680,610
283,"Fayetteville, NC","New River Gorge NP, WV","Hilton Head Island, SC",Raleigh,"Vancouver, Canada","San Francisco, United States","London, England","Paris, France","Tokyo, Japan",28,32,52,14,16,250,290,470,130,150,990,1200,1900,510,580
284,"Wilmington, NC","Savannah, GA","Richmond, VA",Myrtle Beach,"Vancouver, Canada","San Francisco, United States","London, England","Paris, France","Tokyo, Japan",32,29,44,17,17,290,260,390,160,150,1200,1000,1600,620,610
285,"Kinston, NC","Shenandoah NP, VA","Charleston, SC",Raleigh,"Vancouver, Canada","San Francisco, United States","London, England","Paris, France","Tokyo, Japan",28,32,52,14,16,250,290,470,130,150,990,1200,1900,510,580
286,"Hickory / Morganton, NC","Great Smoky Mountains NP, TN/NC","Chattanooga, TN",Charlotte,"Vancouver, Canada","San Francisco, United States","London, England","Paris, France","Tokyo, Japan",35,32,51,19,17,320,290,460,170,150,1300,1200,1800,680,610
287,"Asheville, NC","Great Smoky Mountains NP, TN/NC","Mammoth Cave NP, KY",Greenville,"Vancouver, Canada","San Francisco, United States","London, England","Paris, France","Tokyo, Japan",30,31,53,17,14,270,280,480,150,130,1100,1100,1900,610,500
288,"Asheville (east), NC","Great Smoky Mountains NP, TN/NC","Mammoth Cave NP, KY",Charlotte,"Vancouver, Canada","San Francisco, United States","London, England","Paris, France","Tokyo, Japan",35,32,51,19,17,320,290,460,170,150,1300,1200,1800,680,610
289,"Asheville (west), NC","Great Smoky Mountains NP, TN/NC","Nashville, TN",Greenville,"Vancouver, Canada","San Francisco, United States","London, England","Paris, France","Tokyo, Japan",30,31,53,17,14,270,280,480,150,130,1100,1100,1900,610,500
290,"Columbia, SC","Great Smoky Mountains NP, TN/NC","Okefenokee Swamp, GA",Charlotte,"Vancouver, Canada","San Francisco, United States","London, England","Paris, France","Tokyo, Japan",35,32,51,19,17,320,290,460,170,150,1300,1200,1800,680,610
291,"Columbia (east), SC","Great Smoky Mountains NP, TN/NC","Okefenokee Swamp, GA",Charlotte,"Vancouver, Canada","San Francisco, United States","London, England","Paris, France","Tokyo, Japan",35,32,51,19,17,320,290,460,170,150,1300,1200,1800,680,610
292,"Columbia (north), SC","Great Smoky Mountains NP, TN/NC","Amelia Island, FL",Charlotte,"Vancouver, Canada","San Francisco, United States","London, England","Paris, France","Tokyo, Japan",35,32,51,19,17,320,290,460,170,150,1300,1200,1800,680,610
293,"Spartanburg, SC","Great Smoky Mountains NP, TN/NC","New River Gorge NP, WV",Charlotte,"Vancouver, Canada","San Francisco, United States","London, England","Paris, France","Tokyo, Japan",35,32,51,19,17,320,290,460,170,150,1300,1200,1800,680,610
294,"Charleston, SC","Savannah, GA","St. Augustine, FL",Charleston,"Vancouver, Canada","San Francisco, United States","London, England","Paris, France","Tokyo, Japan",30,34,45,23,17,270,310,410,210,150,1100,1200,1600,840,610
295,"Florence, SC","Great Smoky Mountains NP, TN/NC","Gatlinburg, TN",Charleston,"Vancouver, Canada","San Francisco, United States","London, England","Paris, France","Tokyo, Japan",30,34,45,23,17,270,310,410,210,150,1100,1200,1600,840,610
296,"Greenville, SC","Great Smoky Mountains NP, TN/NC","New River Gorge NP, WV",Charlotte,"Vancouver, Canada","San Francisco, United States","London, England","Paris, France","Tokyo, Japan",35,32,51,19,17,320,290,460,170,150,1300,1200,1800,680,610
297,"Rock Hill, SC","Great Smoky Mountains NP, TN/NC","Atlanta, GA",Charlotte,"Vancouver, Canada","San Francisco, United States","London, England","Paris, France","Tokyo, Japan",35,32,51,19,17,320,290,460,170,150,1300,1200,1800,680,610
298,"Aiken, SC","Great Smoky Mountains NP, TN/NC","Chattanooga, TN",Greenville,"Vancouver, Canada","San Francisco, United States","London, England","Paris, France","Tokyo, Japan",30,31,53,17,14,270,280,480,150,130,1100,1100,1900,610,500
299,"Beaufort, SC","Atlanta, GA","St. Augustine, FL",Charleston,"Vancouver, Canada","San Francisco, United States","London, England","Paris, France","Tokyo, Japan",30,34,45,23,17,270,310,410,210,150,1100,1200,1600,840,610
300,"Atlanta, GA","Great Smoky Mountains NP, TN/NC","Hilton Head Island, SC",Atlanta,"Vancouver, Canada","San Francisco, United States","London, England","Paris, France","Tokyo, Japan",33,35,53,17,15,300,320,480,150,130,1200,1300,1900,610,530
301,"Atlanta (NE), GA","Great Smoky Mountains NP, TN/NC","Hilton Head Island, SC",Atlanta,"Vancouver, Canada","San Francisco, United States","London, England","Paris, France","Tokyo, Japan",33,35,53,17,15,300,320,480,150,130,1200,1300,1900,610,530
302,"Atlanta (south), GA","Great Smoky Mountains NP, TN/NC","Okefenokee Swamp, GA",Atlanta,"Vancouver, Canada","San Francisco, United States","London, England","Paris, France","Tokyo, Japan",33,35,53,17,15,300,320,480,150,130,1200,1300,1900,610,530
303,"Atlanta (NW), GA","Great Smoky Mountains NP, TN/NC","Savannah, GA",Atlanta,"Vancouver, Canada","San Francisco, United States","London, England","Paris, France","Tokyo, Japan",33,35,53,17,15,300,320,480,150,130,1200,1300,1900,610,530
304,"Atlanta (north), GA","Great Smoky Mountains NP, TN/NC","Mammoth Cave NP, KY",Atlanta,"Vancouver, Canada","San Francisco, United States","London, England","Paris, France","Tokyo, Japan",33,35,53,17,15,300,320,480,150,130,1200,1300,1900,610,530
305,"Atlanta metro north, GA","Great Smoky Mountains NP, TN/NC","Savannah, GA",Atlanta,"Vancouver, Canada","San Francisco, United States","London, England","Paris, France","Tokyo, Japan",33,35,53,17,15,300,320,480,150,130,1200,1300,1900,610,530
306,"Atlanta (west), GA","Great Smoky Mountains NP, TN/NC","Savannah, GA",Atlanta,"Vancouver, Canada","San Francisco, United States","London, England","Paris, France","Tokyo, Japan",33,35,53,17,15,300,320,480,150,130,1200,1300,1900,610,530
307,Chattanooga area GA/TN border,"Great Smoky Mountains NP, TN/NC","Louisville, KY",Huntsville,"Vancouver, Canada","San Francisco, United States","London, England","Paris, France","Tokyo, Japan",38,23,56,15,13,340,210,500,140,120,1400,840,2000,540,460
308,"Augusta, GA","Great Smoky Mountains NP, TN/NC","Chattanooga, TN",Greenville,"Vancouver, Canada","San Francisco, United States","London, England","Paris, France","Tokyo, Japan",30,31,53,17,14,270,280,480,150,130,1100,1100,1900,610,500
309,"Augusta (south), GA","Great Smoky Mountains NP, TN/NC","Chattanooga, TN",Savannah,"Vancouver, Canada","San Francisco, United States","London, England","Paris, France","Tokyo, Japan",27,27,49,17,17,250,250,440,150,150,980,990,1800,610,600
310,"Macon, GA","Great Smoky Mountains NP, TN/NC","Destin / Emerald Coast, FL",Atlanta,"Vancouver, Canada","San Francisco, United States","London, England","Paris, France","Tokyo, Japan",33,35,53,17,15,300,320,480,150,130,1200,1300,1900,610,530
311,"Macon (east), GA","Great Smoky Mountains NP, TN/NC","Panama City Beach, FL",Atlanta,"Vancouver, Canada","San Francisco, United States","London, England","Paris, France","Tokyo, Japan",33,35,53,17,15,300,320,480,150,130,1200,1300,1900,610,530
312,"Macon (south), GA","Great Smoky Mountains NP, TN/NC","St. Augustine, FL",Atlanta,"Vancouver, Canada","San Francisco, United States","London, England","Paris, France","Tokyo, Japan",33,35,53,17,15,300,320,480,150,130,1200,1300,1900,610,530
313,"Savannah, GA","Atlanta, GA","Myrtle Beach, SC",Charleston,"Vancouver, Canada","San Francisco, United States","London, England","Paris, France","Tokyo, Japan",30,34,45,23,17,270,310,410,210,150,1100,1200,1600,840,610
314,"Savannah (south), GA","Atlanta, GA","Myrtle Beach, SC",Charleston,"Vancouver, Canada","San Francisco, United States","London, England","Paris, France","Tokyo, Japan",30,34,45,23,17,270,310,410,210,150,1100,1200,1600,840,610
315,"Waycross / Valdosta, GA","Orlando, FL","Clearwater Beach, FL",Jacksonville,"Vancouver, Canada","San Francisco, United States","London, England","Paris, France","Tokyo, Japan",32,25,58,15,18,290,230,530,140,170,1200,910,2100,550,660
316,"Valdosta, GA","Orlando, FL","Charleston, SC",Tallahassee,"Vancouver, Canada","San Francisco, United States","London, England","Paris, France","Tokyo, Japan",35,27,45,16,17,310,250,410,150,150,1300,990,1600,600,610
317,"Albany, GA","Atlanta, GA","Gulf Shores, AL",Tallahassee,"Vancouver, Canada","San Francisco, United States","London, England","Paris, France","Tokyo, Japan",35,27,45,16,17,310,250,410,150,150,1300,990,1600,600,610
318,"Columbus, GA","Great Smoky Mountains NP, TN/NC","Jekyll Island, GA",Atlanta,"Vancouver, Canada","San Francisco, United States","London, England","Paris, France","Tokyo, Japan",33,35,53,17,15,300,320,480,150,130,1200,1300,1900,610,530
319,"Columbus (south), GA","Atlanta, GA","Amelia Island, FL",Atlanta,"Vancouver, Canada","San Francisco, United States","London, England","Paris, France","Tokyo, Japan",33,35,53,17,15,300,320,480,150,130,1200,1300,1900,610,530
320,"Jacksonville, FL","Orlando, FL","Siesta Key, FL",Jacksonville,"Vancouver, Canada","San Francisco, United States","London, England","Paris, France","Tokyo, Japan",32,25,58,15,18,290,230,530,140,170,1200,910,2100,550,660
321,"Daytona Beach, FL","Orlando, FL","Hilton Head Island, SC",Orlando,"Vancouver, Canada","San Francisco, United States","London, England","Paris, France","Tokyo, Japan",25,35,59,18,17,220,320,530,170,160,900,1300,2100,660,620
322,"Jacksonville (south), FL","Orlando, FL","Siesta Key, FL",Jacksonville,"Vancouver, Canada","San Francisco, United States","London, England","Paris, France","Tokyo, Japan",32,25,58,15,18,290,230,530,140,170,1200,910,2100,550,660
323,"Tallahassee, FL","Orlando, FL","Atlanta, GA",Panama City,"Vancouver, Canada","San Francisco, United States","London, England","Paris, France","Tokyo, Japan",34,37,56,16,16,310,340,500,150,140,1200,1300,2000,580,560
324,"Panama City, FL","Destin / Emerald Coast, FL","Clearwater Beach, FL",Pensacola,"Vancouver, Canada","San Francisco, United States","London, England","Paris, France","Tokyo, Japan",32,30,55,14,12,290,270,500,130,110,1200,1100,2000,500,440
325,"Pensacola, FL","New Orleans, LA","Panama City Beach, FL",Pensacola,"Vancouver, Canada","San Francisco, United States","London, England","Paris, France","Tokyo, Japan",32,30,55,14,12,290,270,500,130,110,1200,1100,2000,500,440
326,"Gainesville, FL","Orlando, FL","Sanibel Island, FL",Jacksonville,"Vancouver, Canada","San Francisco, United States","London, England","Paris, France","Tokyo, Japan",32,25,58,15,18,290,230,530,140,170,1200,910,2100,550,660
327,"Orlando, FL","Miami, FL","Jekyll Island, GA",Orlando,"Vancouver, Canada","San Francisco, United States","London, England","Paris, France","Tokyo, Japan",25,35,59,18,17,220,320,530,170,160,900,1300,2100,660,620
328,"Orlando (south), FL","Miami, FL","Jekyll Island, GA",Orlando,"Vancouver, Canada","San Francisco, United States","London, England","Paris, France","Tokyo, Japan",25,35,59,18,17,220,320,530,170,160,900,1300,2100,660,620
329,"Melbourne / Cocoa, FL","Orlando, FL","Jekyll Island, GA",Orlando,"Vancouver, Canada","San Francisco, United States","London, England","Paris, France","Tokyo, Japan",25,35,59,18,17,220,320,530,170,160,900,1300,2100,660,620
330,"Miami, FL","Orlando, FL","Clearwater Beach, FL",Miami,"Vancouver, Canada","San Francisco, United States","London, England","Paris, France","Tokyo, Japan",36,37,66,18,16,330,340,600,160,150,1300,1400,2400,640,590
331,"Miami Beach / Hialeah, FL","Orlando, FL","Clearwater Beach, FL",Miami,"Vancouver, Canada","San Francisco, United States","London, England","Paris, France","Tokyo, Japan",36,37,66,18,16,330,340,600,160,150,1300,1400,2400,640,590
332,"Miami (south), FL","Orlando, FL","Clearwater Beach, FL",Miami,"Vancouver, Canada","San Francisco, United States","London, England","Paris, France","Tokyo, Japan",36,37,66,18,16,330,340,600,160,150,1300,1400,2400,640,590
333,"Fort Lauderdale, FL","Orlando, FL","Clearwater Beach, FL",Miami,"Vancouver, Canada","San Francisco, United States","London, England","Paris, France","Tokyo, Japan",36,37,66,18,16,330,340,600,160,150,1300,1400,2400,640,590
334,"Sarasota / Bradenton, FL","Orlando, FL","Amelia Island, FL",Tampa,"Vancouver, Canada","San Francisco, United States","London, England","Paris, France","Tokyo, Japan",31,41,57,17,17,280,370,520,150,150,1100,1500,2100,600,600
335,"Tampa, FL","Orlando, FL","Key West, FL",Orlando,"Vancouver, Canada","San Francisco, United States","London, England","Paris, France","Tokyo, Japan",25,35,59,18,17,220,320,530,170,160,900,1300,2100,660,620
336,"Tampa (east), FL","Orlando, FL","Key West, FL",Orlando,"Vancouver, Canada","San Francisco, United States","London, England","Paris, France","Tokyo, Japan",25,35,59,18,17,220,320,530,170,160,900,1300,2100,660,620
337,"Saint Petersburg, FL","Orlando, FL","Jekyll Island, GA",Orlando,"Vancouver, Canada","San Francisco, United States","London, England","Paris, France","Tokyo, Japan",25,35,59,18,17,220,320,530,170,160,900,1300,2100,660,620
338,"Ocala / Leesburg, FL","Orlando, FL","Panama City Beach, FL",Orlando,"Vancouver, Canada","San Francisco, United States","London, England","Paris, France","Tokyo, Japan",25,35,59,18,17,220,320,530,170,160,900,1300,2100,660,620
339,"Fort Myers / Naples, FL","Orlando, FL","St. Augustine, FL",Fort Myers,"Vancouver, Canada","San Francisco, United States","London, England","Paris, France","Tokyo, Japan",29,30,52,20,20,260,280,470,180,180,1000,1100,1900,730,730
340,USPS Miami (special),"Orlando, FL","Clearwater Beach, FL",Miami,"Vancouver, Canada","San Francisco, United States","London, England","Paris, France","Tokyo, Japan",36,37,66,18,16,330,340,600,160,150,1300,1400,2400,640,590
341,"Fort Myers area, FL","Orlando, FL","St. Augustine, FL",Fort Myers,"Vancouver, Canada","San Francisco, United States","London, England","Paris, France","Tokyo, Japan",29,30,52,20,20,260,280,470,180,180,1000,1100,1900,730,730
342,"Clearwater / Largo, FL","Orlando, FL","Panama City Beach, FL",Tampa,"Vancouver, Canada","San Francisco, United States","London, England","Paris, France","Tokyo, Japan",31,41,57,17,17,280,370,520,150,150,1100,1500,2100,600,600
344,"Gainesville north, FL","Orlando, FL","Sanibel Island, FL",Jacksonville,"Vancouver, Canada","San Francisco, United States","London, England","Paris, France","Tokyo, Japan",32,25,58,15,18,290,230,530,140,170,1200,910,2100,550,660
346,"Tampa / Land O Lakes, FL","Orlando, FL","Miami, FL",Orlando,"Vancouver, Canada","San Francisco, United States","London, England","Paris, France","Tokyo, Japan",25,35,59,18,17,220,320,530,170,160,900,1300,2100,660,620
347,"Orlando (NE), FL","Orlando, FL","Savannah, GA",Orlando,"Vancouver, Canada","San Francisco, United States","London, England","Paris, France","Tokyo, Japan",25,35,59,18,17,220,320,530,170,160,900,1300,2100,660,620
349,"Port Saint Lucie / Fort Pierce, FL","Orlando, FL","Amelia Island, FL",Orlando,"Vancouver, Canada","San Francisco, United States","London, England","Paris, France","Tokyo, Japan",25,35,59,18,17,220,320,530,170,160,900,1300,2100,660,620
350,"Birmingham, AL","Great Smoky Mountains NP, TN/NC","Panama City Beach, FL",Birmingham,"Vancouver, Canada","San Francisco, United States","London, England","Paris, France","Tokyo, Japan",29,28,68,16,14,270,250,610,150,120,1100,1000,2500,580,500
351,"Birmingham (north), AL","Great Smoky Mountains NP, TN/NC","Gatlinburg, TN",Birmingham,"Vancouver, Canada","San Francisco, United States","London, England","Paris, France","Tokyo, Japan",29,28,68,16,14,270,250,610,150,120,1100,1000,2500,580,500
352,"Birmingham (south), AL","Nashville, TN","Panama City Beach, FL",Birmingham,"Vancouver, Canada","San Francisco, United States","London, England","Paris, France","Tokyo, Japan",29,28,68,16,14,270,250,610,150,120,1100,1000,2500,580,500
354,"Tuscaloosa, AL","Nashville, TN","Panama City Beach, FL",Birmingham,"Vancouver, Canada","San Francisco, United States","London, England","Paris, France","Tokyo, Japan",29,28,68,16,14,270,250,610,150,120,1100,1000,2500,580,500
355,"Tuscaloosa (north), AL","Nashville, TN","Gulf Shores, AL",Birmingham,"Vancouver, Canada","San Francisco, United States","London, England","Paris, France","Tokyo, Japan",29,28,68,16,14,270,250,610,150,120,1100,1000,2500,580,500
356,"Anniston / Gadsden, AL","Great Smoky Mountains NP, TN/NC","Asheville, NC",Atlanta,"Vancouver, Canada","San Francisco, United States","London, England","Paris, France","Tokyo, Japan",33,35,53,17,15,300,320,480,150,130,1200,1300,1900,610,530
357,"Huntsville, AL","Great Smoky Mountains NP, TN/NC","Asheville, NC",Birmingham,"Vancouver, Canada","San Francisco, United States","London, England","Paris, France","Tokyo, Japan",29,28,68,16,14,270,250,610,150,120,1100,1000,2500,580,500
358,"Huntsville (north), AL","Great Smoky Mountains NP, TN/NC","Asheville, NC",Nashville,"Vancouver, Canada","San Francisco, United States","London, England","Paris, France","Tokyo, Japan",27,34,41,13,14,250,310,370,120,130,990,1200,1500,460,510
359,"Gadsden, AL","Great Smoky Mountains NP, TN/NC","Asheville, NC",Birmingham,"Vancouver, Canada","San Francisco, United States","London, England","Paris, France","Tokyo, Japan",29,28,68,16,14,270,250,610,150,120,1100,1000,2500,580,500
360,"Montgomery, AL","Atlanta, GA","Chattanooga, TN",Birmingham,"Vancouver, Canada","San Francisco, United States","London, England","Paris, France","Tokyo, Japan",29,28,68,16,14,270,250,610,150,120,1100,1000,2500,580,500
361,"Montgomery (north), AL","Atlanta, GA","Chattanooga, TN",Birmingham,"Vancouver, Canada","San Francisco, United States","London, England","Paris, France","Tokyo, Japan",29,28,68,16,14,270,250,610,150,120,1100,1000,2500,580,500
362,"Anniston, AL","Great Smoky Mountains NP, TN/NC","Destin / Emerald Coast, FL",Atlanta,"Vancouver, Canada","San Francisco, United States","London, England","Paris, France","Tokyo, Japan",33,35,53,17,15,300,320,480,150,130,1200,1300,1900,610,530
363,"Dothan, AL","Atlanta, GA","Amelia Island, FL",Fort Walton Beach,"Vancouver, Canada","San Francisco, United States","London, England","Paris, France","Tokyo, Japan",38,30,54,16,15,340,270,490,140,140,1400,1100,2000,580,540
364,"Evergreen / Brewton, AL","New Orleans, LA","Vicksburg, MS",Pensacola,"Vancouver, Canada","San Francisco, United States","London, England","Paris, France","Tokyo, Japan",32,30,55,14,12,290,270,500,130,110,1200,1100,2000,500,440
365,"Mobile, AL","New Orleans, LA","Natchez, MS",Pensacola,"Vancouver, Canada","San Francisco, United States","London, England","Paris, France","Tokyo, Japan",32,30,55,14,12,290,270,500,130,110,1200,1100,2000,500,440
366,"Mobile (north), AL","New Orleans, LA","Natchez, MS",Pensacola,"Vancouver, Canada","San Francisco, United States","London, England","Paris, France","Tokyo, Japan",32,30,55,14,12,290,270,500,130,110,1200,1100,2000,500,440
367,"Selma, AL","Atlanta, GA","Vicksburg, MS",Birmingham,"Vancouver, Canada","San Francisco, United States","London, England","Paris, France","Tokyo, Japan",29,28,68,16,14,270,250,610,150,120,1100,1000,2500,580,500
368,"Selma (south), AL","Atlanta, GA","Vicksburg, MS",Birmingham,"Vancouver, Canada","San Francisco, United States","London, England","Paris, France","Tokyo, Japan",29,28,68,16,14,270,250,610,150,120,1100,1000,2500,580,500
369,Meridian MS area / Demopolis AL,"New Orleans, LA","Chattanooga, TN",Birmingham,"Vancouver, Canada","San Francisco, United States","London, England","Paris, France","Tokyo, Japan",29,28,68,16,14,270,250,610,150,120,1100,1000,2500,580,500
370,"Nashville, TN","Great Smoky Mountains NP, TN/NC","Cincinnati, OH",Nashville,"Vancouver, Canada","San Francisco, United States","London, England","Paris, France","Tokyo, Japan",27,34,41,13,14,250,310,370,120,130,990,1200,1500,460,510
371,"Nashville (north), TN","Great Smoky Mountains NP, TN/NC","Cincinnati, OH",Nashville,"Vancouver, Canada","San Francisco, United States","London, England","Paris, France","Tokyo, Japan",27,34,41,13,14,250,310,370,120,130,990,1200,1500,460,510
372,"Nashville (east), TN","Great Smoky Mountains NP, TN/NC","Cincinnati, OH",Nashville,"Vancouver, Canada","San Francisco, United States","London, England","Paris, France","Tokyo, Japan",27,34,41,13,14,250,310,370,120,130,990,1200,1500,460,510
373,"Cookeville, TN","Great Smoky Mountains NP, TN/NC","Cincinnati, OH",Nashville,"Vancouver, Canada","San Francisco, United States","London, England","Paris, France","Tokyo, Japan",27,34,41,13,14,250,310,370,120,130,990,1200,1500,460,510
374,"Chattanooga, TN","Great Smoky Mountains NP, TN/NC","Louisville, KY",Knoxville,"Vancouver, Canada","San Francisco, United States","London, England","Paris, France","Tokyo, Japan",35,28,63,15,17,310,250,570,140,150,1300,1000,2300,560,610
375,"Memphis, TN","Nashville, TN","Eureka Springs, AR",Memphis,"Vancouver, Canada","San Francisco, United States","London, England","Paris, France","Tokyo, Japan",26,28,46,14,12,230,250,410,130,110,920,1000,1700,500,430
376,"Johnson City, TN","Great Smoky Mountains NP, TN/NC","Louisville, KY",Asheville,"Vancouver, Canada","San Francisco, United States","London, England","Paris, France","Tokyo, Japan",33,27,60,15,17,300,240,540,130,160,1200,970,2200,540,630
377,"Knoxville, TN","Great Smoky Mountains NP, TN/NC","Cincinnati, OH",Knoxville,"Vancouver, Canada","San Francisco, United States","London, England","Paris, France","Tokyo, Japan",35,28,63,15,17,310,250,570,140,150,1300,1000,2300,560,610
378,"Knoxville (north), TN","Great Smoky Mountains NP, TN/NC","Cincinnati, OH",Knoxville,"Vancouver, Canada","San Francisco, United States","London, England","Paris, France","Tokyo, Japan",35,28,63,15,17,310,250,570,140,150,1300,1000,2300,560,610
379,"Knoxville (west), TN","Great Smoky Mountains NP, TN/NC","Cincinnati, OH",Knoxville,"Vancouver, Canada","San Francisco, United States","London, England","Paris, France","Tokyo, Japan",35,28,63,15,17,310,250,570,140,150,1300,1000,2300,560,610
380,"Memphis (east), TN","Nashville, TN","Eureka Springs, AR",Memphis,"Vancouver, Canada","San Francisco, United States","London, England","Paris, France","Tokyo, Japan",26,28,46,14,12,230,250,410,130,110,920,1000,1700,500,430
381,"Memphis (south), TN","Nashville, TN","Eureka Springs, AR",Memphis,"Vancouver, Canada","San Francisco, United States","London, England","Paris, France","Tokyo, Japan",26,28,46,14,12,230,250,410,130,110,920,1000,1700,500,430
382,"McKenzie / Jackson, TN","Mammoth Cave NP, KY","Buffalo National River, AR",Memphis,"Vancouver, Canada","San Francisco, United States","London, England","Paris, France","Tokyo, Japan",26,28,46,14,12,230,250,410,130,110,920,1000,1700,500,430
383,"Jackson, TN","Mammoth Cave NP, KY","Buffalo National River, AR",Memphis,"Vancouver, Canada","San Francisco, United States","London, England","Paris, France","Tokyo, Japan",26,28,46,14,12,230,250,410,130,110,920,1000,1700,500,430
384,"Columbia, TN","Great Smoky Mountains NP, TN/NC","Atlanta, GA",Nashville,"Vancouver, Canada","San Francisco, United States","London, England","Paris, France","Tokyo, Japan",27,34,41,13,14,250,310,370,120,130,990,1200,1500,460,510
385,"Clarksville, TN","Great Smoky Mountains NP, TN/NC","Cincinnati, OH",Nashville,"Vancouver, Canada","San Francisco, United States","London, England","Paris, France","Tokyo, Japan",27,34,41,13,14,250,310,370,120,130,990,1200,1500,460,510
386,"Clarksdale, MS","Branson, MO","Eureka Springs, AR",Memphis,"Vancouver, Canada","San Francisco, United States","London, England","Paris, France","Tokyo, Japan",26,28,46,14,12,230,250,410,130,110,920,1000,1700,500,430
387,"Greenville, MS","Memphis, TN","Buffalo National River, AR",Jackson,"Vancouver, Canada","San Francisco, United States","London, England","Paris, France","Tokyo, Japan",33,37,56,15,14,300,330,510,130,120,1200,1300,2000,530,490
388,"Tupelo, MS","Nashville, TN","Chattanooga, TN",Memphis,"Vancouver, Canada","San Francisco, United States","London, England","Paris, France","Tokyo, Japan",26,28,46,14,12,230,250,410,130,110,920,1000,1700,500,430
389,"Greenwood, MS","Memphis, TN","Buffalo National River, AR",Jackson,"Vancouver, Canada","San Francisco, United States","London, England","Paris, France","Tokyo, Japan",33,37,56,15,14,300,330,510,130,120,1200,1300,2000,530,490
390,"Jackson, MS","New Orleans, LA","Hot Springs, AR",Jackson,"Vancouver, Canada","San Francisco, United States","London, England","Paris, France","Tokyo, Japan",33,37,56,15,14,300,330,510,130,120,1200,1300,2000,530,490
391,"Jackson (north), MS","New Orleans, LA","Hot Springs, AR",Jackson,"Vancouver, Canada","San Francisco, United States","London, England","Paris, France","Tokyo, Japan",33,37,56,15,14,300,330,510,130,120,1200,1300,2000,530,490
392,"Jackson (east), MS","New Orleans, LA","Hot Springs, AR",Jackson,"Vancouver, Canada","San Francisco, United States","London, England","Paris, France","Tokyo, Japan",33,37,56,15,14,300,330,510,130,120,1200,1300,2000,530,490
393,"Meridian, MS","New Orleans, LA","Panama City Beach, FL",Jackson,"Vancouver, Canada","San Francisco, United States","London, England","Paris, France","Tokyo, Japan",33,37,56,15,14,300,330,510,130,120,1200,1300,2000,530,490
394,"Hattiesburg, MS","New Orleans, LA","Natchitoches, LA",Jackson,"Vancouver, Canada","San Francisco, United States","London, England","Paris, France","Tokyo, Japan",33,37,56,15,14,300,330,510,130,120,1200,1300,2000,530,490
395,"Gulfport / Biloxi, MS","New Orleans, LA","Panama City Beach, FL",New Orleans,"Vancouver, Canada","San Francisco, United States","London, England","Paris, France","Tokyo, Japan",40,38,55,15,14,360,340,500,130,120,1400,1400,2000,530,490
396,"McComb, MS","New Orleans, LA","Gulf Shores, AL",New Orleans,"Vancouver, Canada","San Francisco, United States","London, England","Paris, France","Tokyo, Japan",40,38,55,15,14,360,340,500,130,120,1400,1400,2000,530,490
397,"Columbus, MS","Nashville, TN","Atlanta, GA",Birmingham,"Vancouver, Canada","San Francisco, United States","London, England","Paris, France","Tokyo, Japan",29,28,68,16,14,270,250,610,150,120,1100,1000,2500,580,500
398,"Savannah (west), GA","Atlanta, GA","Myrtle Beach, SC",Charleston,"Vancouver, Canada","San Francisco, United States","London, England","Paris, France","Tokyo, Japan",30,34,45,23,17,270,310,410,210,150,1100,1200,1600,840,610
399,"Jekyll Island / Brunswick, GA","Orlando, FL","Clearwater Beach, FL",Jacksonville,"Vancouver, Canada","San Francisco, United States","London, England","Paris, France","Tokyo, Japan",32,25,58,15,18,290,230,530,140,170,1200,910,2100,550,660
400,"Louisville, KY","Great Smoky Mountains NP, TN/NC","Chattanooga, TN",Cincinnati,"Vancouver, Canada","San Francisco, United States","London, England","Paris, France","Tokyo, Japan",35,28,50,14,15,320,250,450,130,140,1300,1000,1800,500,540
401,"Louisville (east), KY","Great Smoky Mountains NP, TN/NC","Chattanooga, TN",Cincinnati,"Vancouver, Canada","San Francisco, United States","London, England","Paris, France","Tokyo, Japan",35,28,50,14,15,320,250,450,130,140,1300,1000,1800,500,540
402,"Louisville (south), KY","Great Smoky Mountains NP, TN/NC","Chattanooga, TN",Cincinnati,"Vancouver, Canada","San Francisco, United States","London, England","Paris, France","Tokyo, Japan",35,28,50,14,15,320,250,450,130,140,1300,1000,1800,500,540
403,"Frankfort, KY","Great Smoky Mountains NP, TN/NC","Asheville, NC",Cincinnati,"Vancouver, Canada","San Francisco, United States","London, England","Paris, France","Tokyo, Japan",35,28,50,14,15,320,250,450,130,140,1300,1000,1800,500,540
404,"Frankfort area, KY","Great Smoky Mountains NP, TN/NC","Asheville, NC",Cincinnati,"Vancouver, Canada","San Francisco, United States","London, England","Paris, France","Tokyo, Japan",35,28,50,14,15,320,250,450,130,140,1300,1000,1800,500,540
405,"Lexington, KY","Great Smoky Mountains NP, TN/NC","Chattanooga, TN",Cincinnati,"Vancouver, Canada","San Francisco, United States","London, England","Paris, France","Tokyo, Japan",35,28,50,14,15,320,250,450,130,140,1300,1000,1800,500,540
406,"Lexington (south), KY","Great Smoky Mountains NP, TN/NC","Chattanooga, TN",Cincinnati,"Vancouver, Canada","San Francisco, United States","London, England","Paris, France","Tokyo, Japan",35,28,50,14,15,320,250,450,130,140,1300,1000,1800,500,540
407,"London / Corbin, KY","Great Smoky Mountains NP, TN/NC","Atlanta, GA",Knoxville,"Vancouver, Canada","San Francisco, United States","London, England","Paris, France","Tokyo, Japan",35,28,63,15,17,310,250,570,140,150,1300,1000,2300,560,610
408,"Middlesboro, KY","Great Smoky Mountains NP, TN/NC","Columbus, OH",Knoxville,"Vancouver, Canada","San Francisco, United States","London, England","Paris, France","Tokyo, Japan",35,28,63,15,17,310,250,570,140,150,1300,1000,2300,560,610
409,"Hazard, KY","Great Smoky Mountains NP, TN/NC","Indianapolis, IN",Knoxville,"Vancouver, Canada","San Francisco, United States","London, England","Paris, France","Tokyo, Japan",35,28,63,15,17,310,250,570,140,150,1300,1000,2300,560,610
410,"Covington, KY","Cuyahoga Valley NP, OH","Detroit, MI",Cincinnati,"Vancouver, Canada","San Francisco, United States","London, England","Paris, France","Tokyo, Japan",35,28,50,14,15,320,250,450,130,140,1300,1000,1800,500,540
411,"Covington (north), KY","Cuyahoga Valley NP, OH","Gatlinburg, TN",Cincinnati,"Vancouver, Canada","San Francisco, United States","London, England","Paris, France","Tokyo, Japan",35,28,50,14,15,320,250,450,130,140,1300,1000,1800,500,540
412,"Ashland, KY","Great Smoky Mountains NP, TN/NC","Shenandoah NP, VA",Columbus,"Vancouver, Canada","San Francisco, United States","London, England","Paris, France","Tokyo, Japan",33,32,51,14,20,300,290,460,120,180,1200,1200,1800,500,720
413,"Paintsville, KY","Great Smoky Mountains NP, TN/NC","Chattanooga, TN",Cincinnati,"Vancouver, Canada","San Francisco, United States","London, England","Paris, France","Tokyo, Japan",35,28,50,14,15,320,250,450,130,140,1300,1000,1800,500,540
414,"Pikeville, KY","Great Smoky Mountains NP, TN/NC","Shenandoah NP, VA",Asheville,"Vancouver, Canada","San Francisco, United States","London, England","Paris, France","Tokyo, Japan",33,27,60,15,17,300,240,540,130,160,1200,970,2200,540,630
415,Catlettsburg / Huntington area KY,"Great Smoky Mountains NP, TN/NC","Shenandoah NP, VA",Columbus,"Vancouver, Canada","San Francisco, United States","London, England","Paris, France","Tokyo, Japan",33,32,51,14,20,300,290,460,120,180,1200,1200,1800,500,720
416,"Prestonsburg, KY","Great Smoky Mountains NP, TN/NC","Indianapolis, IN",Cincinnati,"Vancouver, Canada","San Francisco, United States","London, England","Paris, France","Tokyo, Japan",35,28,50,14,15,320,250,450,130,140,1300,1000,1800,500,540
417,"Somerset, KY","Great Smoky Mountains NP, TN/NC","Atlanta, GA",Knoxville,"Vancouver, Canada","San Francisco, United States","London, England","Paris, France","Tokyo, Japan",35,28,63,15,17,310,250,570,140,150,1300,1000,2300,560,610
418,"Bowling Green area, KY","Great Smoky Mountains NP, TN/NC","Memphis, TN",Nashville,"Vancouver, Canada","San Francisco, United States","London, England","Paris, France","Tokyo, Japan",27,34,41,13,14,250,310,370,120,130,990,1200,1500,460,510
420,"Bowling Green, KY","Great Smoky Mountains NP, TN/NC","Memphis, TN",Nashville,"Vancouver, Canada","San Francisco, United States","London, England","Paris, France","Tokyo, Japan",27,34,41,13,14,250,310,370,120,130,990,1200,1500,460,510
421,"Bowling Green (south), KY","Great Smoky Mountains NP, TN/NC","St. Louis, MO",Nashville,"Vancouver, Canada","San Francisco, United States","London, England","Paris, France","Tokyo, Japan",27,34,41,13,14,250,310,370,120,130,990,1200,1500,460,510
422,"Bowling Green (north), KY","Great Smoky Mountains NP, TN/NC","St. Louis, MO",Nashville,"Vancouver, Canada","San Francisco, United States","London, England","Paris, France","Tokyo, Japan",27,34,41,13,14,250,310,370,120,130,990,1200,1500,460,510
423,"Hopkinsville, KY","Great Smoky Mountains NP, TN/NC","Gatlinburg, TN",Nashville,"Vancouver, Canada","San Francisco, United States","London, England","Paris, France","Tokyo, Japan",27,34,41,13,14,250,310,370,120,130,990,1200,1500,460,510
424,"Owensboro, KY","Mammoth Cave NP, KY","Chattanooga, TN",Louisville,"Vancouver, Canada","San Francisco, United States","London, England","Paris, France","Tokyo, Japan",30,27,52,13,15,270,240,470,120,130,1100,960,1900,470,530
425,"Paducah, KY","Mammoth Cave NP, KY","Chattanooga, TN",Nashville,"Vancouver, Canada","San Francisco, United States","London, England","Paris, France","Tokyo, Japan",27,34,41,13,14,250,310,370,120,130,990,1200,1500,460,510
426,"Henderson, KY","Mammoth Cave NP, KY","Chattanooga, TN",Louisville,"Vancouver, Canada","San Francisco, United States","London, England","Paris, France","Tokyo, Japan",30,27,52,13,15,270,240,470,120,130,1100,960,1900,470,530
427,"Elizabethtown, KY","Great Smoky Mountains NP, TN/NC","Asheville, NC",Louisville,"Vancouver, Canada","San Francisco, United States","London, England","Paris, France","Tokyo, Japan",30,27,52,13,15,270,240,470,120,130,1100,960,1900,470,530
430,"Columbus, OH","Cuyahoga Valley NP, OH","Louisville, KY",Columbus,"Vancouver, Canada","San Francisco, United States","London, England","Paris, France","Tokyo, Japan",33,32,51,14,20,300,290,460,120,180,1200,1200,1800,500,720
431,"Columbus (north), OH","Cuyahoga Valley NP, OH","Louisville, KY",Columbus,"Vancouver, Canada","San Francisco, United States","London, England","Paris, France","Tokyo, Japan",33,32,51,14,20,300,290,460,120,180,1200,1200,1800,500,720
432,"Columbus (east), OH","Cuyahoga Valley NP, OH","Louisville, KY",Columbus,"Vancouver, Canada","San Francisco, United States","London, England","Paris, France","Tokyo, Japan",33,32,51,14,20,300,290,460,120,180,1200,1200,1800,500,720
433,"Columbus (south), OH","Cuyahoga Valley NP, OH","Louisville, KY",Columbus,"Vancouver, Canada","San Francisco, United States","London, England","Paris, France","Tokyo, Japan",33,32,51,14,20,300,290,460,120,180,1200,1200,1800,500,720
434,"Toledo, OH","Cuyahoga Valley NP, OH","Traverse City, MI",Detroit,"Vancouver, Canada","San Francisco, United States","London, England","Paris, France","Tokyo, Japan",30,31,39,14,15,270,280,350,130,130,1100,1100,1400,520,540
435,"Toledo (south), OH","Cuyahoga Valley NP, OH","Chicago, IL",Detroit,"Vancouver, Canada","San Francisco, United States","London, England","Paris, France","Tokyo, Japan",30,31,39,14,15,270,280,350,130,130,1100,1100,1400,520,540
436,"Toledo (east), OH","Cuyahoga Valley NP, OH","Chicago, IL",Detroit,"Vancouver, Canada","San Francisco, United States","London, England","Paris, France","Tokyo, Japan",30,31,39,14,15,270,280,350,130,130,1100,1100,1400,520,540
437,"Zanesville / Newark, OH","Shenandoah NP, VA","Louisville, KY",Columbus,"Vancouver, Canada","San Francisco, United States","London, England","Paris, France","Tokyo, Japan",33,32,51,14,20,300,290,460,120,180,1200,1200,1800,500,720
438,"Zanesville, OH","Shenandoah NP, VA","Louisville, KY",Columbus,"Vancouver, Canada","San Francisco, United States","London, England","Paris, France","Tokyo, Japan",33,32,51,14,20,300,290,460,120,180,1200,1200,1800,500,720
439,"Steubenville, OH","Shenandoah NP, VA","Toronto, ON, Canada",Pittsburgh,"Vancouver, Canada","San Francisco, United States","London, England","Paris, France","Tokyo, Japan",29,25,47,15,15,260,230,420,130,140,1100,920,1700,530,550
440,"Cleveland, OH","Cuyahoga Valley NP, OH","Cincinnati, OH",Cleveland,"Vancouver, Canada","San Francisco, United States","London, England","Paris, France","Tokyo, Japan",34,29,52,16,15,300,270,470,140,130,1200,1100,1900,570,530
441,"Cleveland (east), OH","Cuyahoga Valley NP, OH","Cincinnati, OH",Cleveland,"Vancouver, Canada","San Francisco, United States","London, England","Paris, France","Tokyo, Japan",34,29,52,16,15,300,270,470,140,130,1200,1100,1900,570,530
442,"Akron, OH","New River Gorge NP, WV","Toronto, ON, Canada",Cleveland,"Vancouver, Canada","San Francisco, United States","London, England","Paris, France","Tokyo, Japan",34,29,52,16,15,300,270,470,140,130,1200,1100,1900,570,530
443,"Akron (south), OH","Shenandoah NP, VA","New River Gorge NP, WV",Cleveland,"Vancouver, Canada","San Francisco, United States","London, England","Paris, France","Tokyo, Japan",34,29,52,16,15,300,270,470,140,130,1200,1100,1900,570,530
444,"Youngstown, OH","Shenandoah NP, VA","New River Gorge NP, WV",Cleveland,"Vancouver, Canada","San Francisco, United States","London, England","Paris, France","Tokyo, Japan",34,29,52,16,15,300,270,470,140,130,1200,1100,1900,570,530
445,"Youngstown (south), OH","Shenandoah NP, VA","Finger Lakes, NY",Cleveland,"Vancouver, Canada","San Francisco, United States","London, England","Paris, France","Tokyo, Japan",34,29,52,16,15,300,270,470,140,130,1200,1100,1900,570,530
446,"Cleveland (south), OH","Cuyahoga Valley NP, OH","Cincinnati, OH",Cleveland,"Vancouver, Canada","San Francisco, United States","London, England","Paris, France","Tokyo, Japan",34,29,52,16,15,300,270,470,140,130,1200,1100,1900,570,530
447,"Canton, OH","Shenandoah NP, VA","Gettysburg, PA",Cleveland,"Vancouver, Canada","San Francisco, United States","London, England","Paris, France","Tokyo, Japan",34,29,52,16,15,300,270,470,140,130,1200,1100,1900,570,530
448,"Mansfield, OH","Cuyahoga Valley NP, OH","New River Gorge NP, WV",Cleveland,"Vancouver, Canada","San Francisco, United States","London, England","Paris, France","Tokyo, Japan",34,29,52,16,15,300,270,470,140,130,1200,1100,1900,570,530
449,"Mansfield (north), OH","Cuyahoga Valley NP, OH","Niagara Falls, NY",Cleveland,"Vancouver, Canada","San Francisco, United States","London, England","Paris, France","Tokyo, Japan",34,29,52,16,15,300,270,470,140,130,1200,1100,1900,570,530
450,"Hamilton / Middletown, OH","Cuyahoga Valley NP, OH","Chicago, IL",Cincinnati,"Vancouver, Canada","San Francisco, United States","London, England","Paris, France","Tokyo, Japan",35,28,50,14,15,320,250,450,130,140,1300,1000,1800,500,540
451,"Cincinnati, OH","Cuyahoga Valley NP, OH","Nashville, TN",Cincinnati,"Vancouver, Canada","San Francisco, United States","London, England","Paris, France","Tokyo, Japan",35,28,50,14,15,320,250,450,130,140,1300,1000,1800,500,540
452,"Cincinnati (north), OH","Cuyahoga Valley NP, OH","Detroit, MI",Cincinnati,"Vancouver, Canada","San Francisco, United States","London, England","Paris, France","Tokyo, Japan",35,28,50,14,15,320,250,450,130,140,1300,1000,1800,500,540
453,"Dayton, OH","Cuyahoga Valley NP, OH","Chicago, IL",Cincinnati,"Vancouver, Canada","San Francisco, United States","London, England","Paris, France","Tokyo, Japan",35,28,50,14,15,320,250,450,130,140,1300,1000,1800,500,540
454,"Dayton (south), OH","Cuyahoga Valley NP, OH","Chicago, IL",Cincinnati,"Vancouver, Canada","San Francisco, United States","London, England","Paris, France","Tokyo, Japan",35,28,50,14,15,320,250,450,130,140,1300,1000,1800,500,540
455,"Springfield, OH","Cuyahoga Valley NP, OH","Mammoth Cave NP, KY",Cincinnati,"Vancouver, Canada","San Francisco, United States","London, England","Paris, France","Tokyo, Japan",35,28,50,14,15,320,250,450,130,140,1300,1000,1800,500,540
456,"Chillicothe, OH","Cuyahoga Valley NP, OH","Mammoth Cave NP, KY",Cincinnati,"Vancouver, Canada","San Francisco, United States","London, England","Paris, France","Tokyo, Japan",35,28,50,14,15,320,250,450,130,140,1300,1000,1800,500,540
457,"Athens / Gallipolis, OH","Shenandoah NP, VA","Indianapolis, IN",Columbus,"Vancouver, Canada","San Francisco, United States","London, England","Paris, France","Tokyo, Japan",33,32,51,14,20,300,290,460,120,180,1200,1200,1800,500,720
458,"Lima, OH","Cuyahoga Valley NP, OH","Pittsburgh, PA",Columbus,"Vancouver, Canada","San Francisco, United States","London, England","Paris, France","Tokyo, Japan",33,32,51,14,20,300,290,460,120,180,1200,1200,1800,500,720
460,"Indianapolis, IN","Mammoth Cave NP, KY","St. Louis, MO",Indianapolis,"Vancouver, Canada","San Francisco, United States","London, England","Paris, France","Tokyo, Japan",32,32,50,13,15,290,290,450,120,130,1200,1100,1800,480,530
461,"Indianapolis (east), IN","Mammoth Cave NP, KY","St. Louis, MO",Indianapolis,"Vancouver, Canada","San Francisco, United States","London, England","Paris, France","Tokyo, Japan",32,32,50,13,15,290,290,450,120,130,1200,1100,1800,480,530
462,"Indianapolis (south), IN","Mammoth Cave NP, KY","St. Louis, MO",Indianapolis,"Vancouver, Canada","San Francisco, United States","London, England","Paris, France","Tokyo, Japan",32,32,50,13,15,290,290,450,120,130,1200,1100,1800,480,530
463,"Gary / Hammond, IN","Chicago, IL","Door County, WI",Chicago,"Vancouver, Canada","San Francisco, United States","London, England","Paris, France","Tokyo, Japan",27,34,66,13,13,240,310,600,110,110,980,1200,2400,460,450
464,"Gary (east), IN","Chicago, IL","Door County, WI",Chicago,"Vancouver, Canada","San Francisco, United States","London, England","Paris, France","Tokyo, Japan",27,34,66,13,13,240,310,600,110,110,980,1200,2400,460,450
465,"South Bend, IN","Chicago, IL","Louisville, KY",Chicago,"Vancouver, Canada","San Francisco, United States","London, England","Paris, France","Tokyo, Japan",27,34,66,13,13,240,310,600,110,110,980,1200,2400,460,450
466,"South Bend (east), IN","Chicago, IL","Louisville, KY",Chicago,"Vancouver, Canada","San Francisco, United States","London, England","Paris, France","Tokyo, Japan",30,35,39,12,12,270,310,350,110,110,1100,1200,1400,420,440
467,"Fort Wayne, IN","Cuyahoga Valley NP, OH","Louisville, KY",Indianapolis,"Vancouver, Canada","San Francisco, United States","London, England","Paris, France","Tokyo, Japan",32,32,50,13,15,290,290,450,120,130,1200,1100,1800,480,530
468,"Fort Wayne (south), IN","Cuyahoga Valley NP, OH","Louisville, KY",Indianapolis,"Vancouver, Canada","San Francisco, United States","London, England","Paris, France","Tokyo, Japan",32,32,50,13,15,290,290,450,120,130,1200,1100,1800,480,530
469,"Kokomo / Muncie, IN","Cuyahoga Valley NP, OH","Mammoth Cave NP, KY",Indianapolis,"Vancouver, Canada","San Francisco, United States","London, England","Paris, France","Tokyo, Japan",32,32,50,13,15,290,290,450,120,130,1200,1100,1800,480,530
470,"New Albany / Jeffersonville, IN","Great Smoky Mountains NP, TN/NC","St. Louis, MO",Cincinnati,"Vancouver, Canada","San Francisco, United States","London, England","Paris, France","Tokyo, Japan",35,28,50,14,15,320,250,450,130,140,1300,1000,1800,500,540
471,"Evansville, IN","Mammoth Cave NP, KY","Chattanooga, TN",Louisville,"Vancouver, Canada","San Francisco, United States","London, England","Paris, France","Tokyo, Japan",30,27,52,13,15,270,240,470,120,130,1100,960,1900,470,530
472,"Columbus / Bloomington, IN","Mammoth Cave NP, KY","St. Louis, MO",Indianapolis,"Vancouver, Canada","San Francisco, United States","London, England","Paris, France","Tokyo, Japan",32,32,50,13,15,290,290,450,120,130,1200,1100,1800,480,530
473,"Muncie, IN","Cuyahoga Valley NP, OH","Cleveland, OH",Indianapolis,"Vancouver, Canada","San Francisco, United States","London, England","Paris, France","Tokyo, Japan",32,32,50,13,15,290,290,450,120,130,1200,1100,1800,480,530
474,"Bloomington, IN","Mammoth Cave NP, KY","Nashville, TN",Indianapolis,"Vancouver, Canada","San Francisco, United States","London, England","Paris, France","Tokyo, Japan",32,32,50,13,15,290,290,450,120,130,1200,1100,1800,480,530
475,"Washington / Vincennes, IN","Mammoth Cave NP, KY","Chicago, IL",Indianapolis,"Vancouver, Canada","San Francisco, United States","London, England","Paris, France","Tokyo, Japan",32,32,50,13,15,290,290,450,120,130,1200,1100,1800,480,530
476,"Terre Haute, IN","Mammoth Cave NP, KY","Columbus, OH",Indianapolis,"Vancouver, Canada","San Francisco, United States","London, England","Paris, France","Tokyo, Japan",32,32,50,13,15,290,290,450,120,130,1200,1100,1800,480,530
477,"Terre Haute (north), IN","Mammoth Cave NP, KY","Nashville, TN",Indianapolis,"Vancouver, Canada","San Francisco, United States","London, England","Paris, France","Tokyo, Japan",32,32,50,13,15,290,290,450,120,130,1200,1100,1800,480,530
478,"Terre Haute (south), IN","Mammoth Cave NP, KY","Columbus, OH",Indianapolis,"Vancouver, Canada","San Francisco, United States","London, England","Paris, France","Tokyo, Japan",32,32,50,13,15,290,290,450,120,130,1200,1100,1800,480,530
479,"Lafayette, IN","Mammoth Cave NP, KY","Detroit, MI",Indianapolis,"Vancouver, Canada","San Francisco, United States","London, England","Paris, France","Tokyo, Japan",32,32,50,13,15,290,290,450,120,130,1200,1100,1800,480,530
480,"Royal Oak / Detroit metro, MI","Cuyahoga Valley NP, OH","Chicago, IL",Detroit,"Vancouver, Canada","San Francisco, United States","London, England","Paris, France","Tokyo, Japan",30,31,39,14,15,270,280,350,130,130,1100,1100,1400,520,540
481,"Detroit, MI","Cuyahoga Valley NP, OH","Chicago, IL",Detroit,"Vancouver, Canada","San Francisco, United States","London, England","Paris, France","Tokyo, Japan",30,31,39,14,15,270,280,350,130,130,1100,1100,1400,520,540
482,"Detroit (west), MI","Cuyahoga Valley NP, OH","Indianapolis, IN",Detroit,"Vancouver, Canada","San Francisco, United States","London, England","Paris, France","Tokyo, Japan",30,31,39,14,15,270,280,350,130,130,1100,1100,1400,520,540
483,"Royal Oak / Troy, MI","Cuyahoga Valley NP, OH","Chicago, IL",Detroit,"Vancouver, Canada","San Francisco, United States","London, England","Paris, France","Tokyo, Japan",30,31,39,14,15,270,280,350,130,130,1100,1100,1400,520,540
484,"Flint, MI","Cuyahoga Valley NP, OH","Niagara Falls, NY",Detroit,"Vancouver, Canada","San Francisco, United States","London, England","Paris, France","Tokyo, Japan",30,31,39,14,15,270,280,350,130,130,1100,1100,1400,520,540
485,"Saginaw, MI","Cuyahoga Valley NP, OH","Toronto, ON, Canada",Detroit,"Vancouver, Canada","San Francisco, United States","London, England","Paris, France","Tokyo, Japan",30,31,39,14,15,270,280,350,130,130,1100,1100,1400,520,540
486,"Saginaw (north), MI","Cuyahoga Valley NP, OH","Toronto, ON, Canada",Grand Rapids,"Vancouver, Canada","San Francisco, United States","London, England","Paris, France","Tokyo, Japan",34,28,52,15,14,310,250,470,130,120,1200,1000,1900,540,500
487,"Bay City, MI","Cuyahoga Valley NP, OH","Pictured Rocks NL, MI",Grand Rapids,"Vancouver, Canada","San Francisco, United States","London, England","Paris, France","Tokyo, Japan",34,28,52,15,14,310,250,470,130,120,1200,1000,1900,540,500
488,"Lansing, MI","Cuyahoga Valley NP, OH","Indianapolis, IN",Detroit,"Vancouver, Canada","San Francisco, United States","London, England","Paris, France","Tokyo, Japan",30,31,39,14,15,270,280,350,130,130,1100,1100,1400,520,540
489,"Lansing (east), MI","Cuyahoga Valley NP, OH","Indianapolis, IN",Detroit,"Vancouver, Canada","San Francisco, United States","London, England","Paris, France","Tokyo, Japan",30,31,39,14,15,270,280,350,130,130,1100,1100,1400,520,540
490,"Kalamazoo, MI","Cuyahoga Valley NP, OH","Wisconsin Dells, WI",Grand Rapids,"Vancouver, Canada","San Francisco, United States","London, England","Paris, France","Tokyo, Japan",34,28,52,15,14,310,250,470,130,120,1200,1000,1900,540,500
491,"Battle Creek, MI","Cuyahoga Valley NP, OH","Cincinnati, OH",Grand Rapids,"Vancouver, Canada","San Francisco, United States","London, England","Paris, France","Tokyo, Japan",34,28,52,15,14,310,250,470,130,120,1200,1000,1900,540,500
492,"Jackson, MI","Cuyahoga Valley NP, OH","Door County, WI",Detroit,"Vancouver, Canada","San Francisco, United States","London, England","Paris, France","Tokyo, Japan",30,31,39,14,15,270,280,350,130,130,1100,1100,1400,520,540
493,"Grand Rapids, MI","Chicago, IL","Cleveland, OH",Grand Rapids,"Vancouver, Canada","San Francisco, United States","London, England","Paris, France","Tokyo, Japan",34,28,52,15,14,310,250,470,130,120,1200,1000,1900,540,500
494,"Grand Rapids (north), MI","Chicago, IL","Indianapolis, IN",Grand Rapids,"Vancouver, Canada","San Francisco, United States","London, England","Paris, France","Tokyo, Japan",34,28,52,15,14,310,250,470,130,120,1200,1000,1900,540,500
495,"Grand Rapids (east), MI","Cuyahoga Valley NP, OH","Indianapolis, IN",Grand Rapids,"Vancouver, Canada","San Francisco, United States","London, England","Paris, France","Tokyo, Japan",34,28,52,15,14,310,250,470,130,120,1200,1000,1900,540,500
496,"Traverse City, MI","Chicago, IL","Wisconsin Dells, WI",Grand Rapids,"Vancouver, Canada","San Francisco, United States","London, England","Paris, France","Tokyo, Japan",34,28,52,15,14,310,250,470,130,120,1200,1000,1900,540,500
497,"Gaylord / Petoskey, MI","Detroit, MI","Pictured Rocks NL, MI",Grand Rapids,"Vancouver, Canada","San Francisco, United States","London, England","Paris, France","Tokyo, Japan",34,28,52,15,14,310,250,470,130,120,1200,1000,1900,540,500
498,"Iron Mountain / Upper Peninsula, MI","Traverse City, MI","Duluth, MN",Milwaukee,"Vancouver, Canada","San Francisco, United States","London, England","Paris, France","Tokyo, Japan",31,28,44,11,13,280,250,400,100,110,1100,1000,1600,410,460
499,"Marquette / Upper Peninsula, MI","Traverse City, MI","Wisconsin Dells, WI",Milwaukee,"Vancouver, Canada","San Francisco, United States","London, England","Paris, France","Tokyo, Japan",31,28,44,11,13,280,250,400,100,110,1100,1000,1600,410,460
500,"Des Moines, IA","Minneapolis, MN","Sioux Falls, SD",Des Moines,"Vancouver, Canada","San Francisco, United States","London, England","Paris, France","Tokyo, Japan",32,33,42,11,11,290,290,380,95,96,1200,1200,1500,380,380
501,"Des Moines (north), IA","Minneapolis, MN","Wisconsin Dells, WI",Des Moines,"Vancouver, Canada","San Francisco, United States","London, England","Paris, France","Tokyo, Japan",32,33,42,11,11,290,290,380,95,96,1200,1200,1500,380,380
502,"Des Moines (south), IA","Kansas City, MO","Sioux Falls, SD",Des Moines,"Vancouver, Canada","San Francisco, United States","London, England","Paris, France","Tokyo, Japan",32,33,42,11,11,290,290,380,95,96,1200,1200,1500,380,380
503,"Des Moines (east), IA","Minneapolis, MN","Wisconsin Dells, WI",Des Moines,"Vancouver, Canada","San Francisco, United States","London, England","Paris, France","Tokyo, Japan",32,33,42,11,11,290,290,380,95,96,1200,1200,1500,380,380
504,"Mason City, IA","Minneapolis, MN","Omaha, NE",Des Moines,"Vancouver, Canada","San Francisco, United States","London, England","Paris, France","Tokyo, Japan",32,33,42,11,11,290,290,380,95,96,1200,1200,1500,380,380
505,"Fort Dodge, IA","Minneapolis, MN","Kansas City, MO",Des Moines,"Vancouver, Canada","San Francisco, United States","London, England","Paris, France","Tokyo, Japan",32,33,42,11,11,290,290,380,95,96,1200,1200,1500,380,380
506,"Waterloo, IA","Minneapolis, MN","Sioux Falls, SD",Des Moines,"Vancouver, Canada","San Francisco, United States","London, England","Paris, France","Tokyo, Japan",32,33,42,11,11,290,290,380,95,96,1200,1200,1500,380,380
507,"Waterloo (south), IA","Minneapolis, MN","Sioux Falls, SD",Des Moines,"Vancouver, Canada","San Francisco, United States","London, England","Paris, France","Tokyo, Japan",32,33,42,11,11,290,290,380,95,96,1200,1200,1500,380,380
508,"Ottumwa, IA","St. Louis, MO","Wisconsin Dells, WI",Des Moines,"Vancouver, Canada","San Francisco, United States","London, England","Paris, France","Tokyo, Japan",32,33,42,11,11,290,290,380,95,96,1200,1200,1500,380,380
509,"Iowa City, IA","Chicago, IL","Kansas City, MO",Des Moines,"Vancouver, Canada","San Francisco, United States","London, England","Paris, France","Tokyo, Japan",32,33,42,11,11,290,290,380,95,96,1200,1200,1500,380,380
510,"Sioux City, IA","Minneapolis, MN","Des Moines, IA",Omaha,"Vancouver, Canada","San Francisco, United States","London, England","Paris, France","Tokyo, Japan",29,29,43,10,14,260,260,390,92,120,1000,1000,1600,370,490
511,"Sioux City (south), IA","Minneapolis, MN","Des Moines, IA",Omaha,"Vancouver, Canada","San Francisco, United States","London, England","Paris, France","Tokyo, Japan",29,29,43,10,14,260,260,390,92,120,1000,1000,1600,370,490
512,"Sioux City (north), IA","Minneapolis, MN","Des Moines, IA",Sioux Falls,"Vancouver, Canada","San Francisco, United States","London, England","Paris, France","Tokyo, Japan",26,31,39,9.1,11,230,280,360,83,99,920,1100,1400,330,390
513,"Spencer, IA","Minneapolis, MN","Omaha, NE",Sioux Falls,"Vancouver, Canada","San Francisco, United States","London, England","Paris, France","Tokyo, Japan",26,31,39,9.1,11,230,280,360,83,99,920,1100,1400,330,390
514,"Carroll / Storm Lake, IA","Minneapolis, MN","Galena, IL",Omaha,"Vancouver, Canada","San Francisco, United States","London, England","Paris, France","Tokyo, Japan",29,29,43,10,14,260,260,390,92,120,1000,1000,1600,370,490
515,"Council Bluffs, IA","Badlands NP, SD","Rapid City / Mount Rushmore, SD",Omaha,"Vancouver, Canada","San Francisco, United States","London, England","Paris, France","Tokyo, Japan",29,29,43,10,14,260,260,390,92,120,1000,1000,1600,370,490
516,"Shenandoah / Red Oak, IA","Kansas City, MO","Sioux Falls, SD",Omaha,"Vancouver, Canada","San Francisco, United States","London, England","Paris, France","Tokyo, Japan",29,29,43,10,14,260,260,390,92,120,1000,1000,1600,370,490
520,"Dubuque, IA","Chicago, IL","Minneapolis, MN",Milwaukee,"Vancouver, Canada","San Francisco, United States","London, England","Paris, France","Tokyo, Japan",31,28,44,11,13,280,250,400,100,110,1100,1000,1600,410,460
521,"Decorah / Postville, IA","Chicago, IL","Des Moines, IA",Minneapolis,"Vancouver, Canada","San Francisco, United States","London, England","Paris, France","Tokyo, Japan",35,39,45,10,13,320,360,410,95,120,1300,1400,1600,380,480
522,"Cedar Rapids, IA","Chicago, IL","Omaha, NE",Des Moines,"Vancouver, Canada","San Francisco, United States","London, England","Paris, France","Tokyo, Japan",32,33,42,11,11,290,290,380,95,96,1200,1200,1500,380,380
523,"Clinton / Davenport, IA","Chicago, IL","St. Louis, MO",Chicago,"Vancouver, Canada","San Francisco, United States","London, England","Paris, France","Tokyo, Japan",27,34,66,13,13,240,310,600,110,110,980,1200,2400,460,450
524,"Cedar Rapids (south), IA","Chicago, IL","Minneapolis, MN",Des Moines,"Vancouver, Canada","San Francisco, United States","London, England","Paris, France","Tokyo, Japan",32,33,42,11,11,290,290,380,95,96,1200,1200,1500,380,380
525,"Davenport / Muscatine, IA","Chicago, IL","St. Louis, MO",Des Moines,"Vancouver, Canada","San Francisco, United States","London, England","Paris, France","Tokyo, Japan",32,33,42,11,11,290,290,380,95,96,1200,1200,1500,380,380
526,"Burlington, IA","Chicago, IL","Kansas City, MO",Des Moines,"Vancouver, Canada","San Francisco, United States","London, England","Paris, France","Tokyo, Japan",32,33,42,11,11,290,290,380,95,96,1200,1200,1500,380,380
527,"Burlington (south), IA","Chicago, IL","Kansas City, MO",St. Louis,"Vancouver, Canada","San Francisco, United States","London, England","Paris, France","Tokyo, Japan",34,27,40,12,15,310,250,360,100,130,1200,980,1400,420,530
528,"Keokuk, IA","Chicago, IL","Wisconsin Dells, WI",St. Louis,"Vancouver, Canada","San Francisco, United States","London, England","Paris, France","Tokyo, Japan",34,27,40,12,15,310,250,360,100,130,1200,980,1400,420,530
530,"Milwaukee, WI","Chicago, IL","Traverse City, MI",Chicago,"Vancouver, Canada","San Francisco, United States","London, England","Paris, France","Tokyo, Japan",27,34,66,13,13,240,310,600,110,110,980,1200,2400,460,450
531,"Milwaukee (north), WI","Chicago, IL","Traverse City, MI",Chicago,"Vancouver, Canada","San Francisco, United States","London, England","Paris, France","Tokyo, Japan",27,34,66,13,13,240,310,600,110,110,980,1200,2400,460,450
532,"Milwaukee (south), WI","Chicago, IL","Indianapolis, IN",Chicago,"Vancouver, Canada","San Francisco, United States","London, England","Paris, France","Tokyo, Japan",27,34,66,13,13,240,310,600,110,110,980,1200,2400,460,450
534,"Racine / Kenosha, WI","Chicago, IL","Indianapolis, IN",Chicago,"Vancouver, Canada","San Francisco, United States","London, England","Paris, France","Tokyo, Japan",27,34,66,13,13,240,310,600,110,110,980,1200,2400,460,450
535,"Beloit / Janesville, WI","Chicago, IL","Indianapolis, IN",Chicago,"Vancouver, Canada","San Francisco, United States","London, England","Paris, France","Tokyo, Japan",27,34,66,13,13,240,310,600,110,110,980,1200,2400,460,450
537,"Madison, WI","Chicago, IL","Des Moines, IA",Milwaukee,"Vancouver, Canada","San Francisco, United States","London, England","Paris, France","Tokyo, Japan",31,28,44,11,13,280,250,400,100,110,1100,1000,1600,410,460
538,"Madison (east), WI","Chicago, IL","Minneapolis, MN",Milwaukee,"Vancouver, Canada","San Francisco, United States","London, England","Paris, France","Tokyo, Japan",31,28,44,11,13,280,250,400,100,110,1100,1000,1600,410,460
539,"Portage / Wisconsin Dells, WI","Chicago, IL","Minneapolis, MN",Milwaukee,"Vancouver, Canada","San Francisco, United States","London, England","Paris, France","Tokyo, Japan",31,28,44,11,13,280,250,400,100,110,1100,1000,1600,410,460
540,"Saint Paul area (WI side), WI","Duluth, MN","Des Moines, IA",Minneapolis,"Vancouver, Canada","San Francisco, United States","London, England","Paris, France","Tokyo, Japan",35,39,45,10,13,320,360,410,95,120,1300,1400,1600,380,480
541,"Green Bay, WI","Chicago, IL","Apostle Islands NL, WI",Milwaukee,"Vancouver, Canada","San Francisco, United States","London, England","Paris, France","Tokyo, Japan",31,28,44,11,13,280,250,400,100,110,1100,1000,1600,410,460
542,"Green Bay (north), WI","Chicago, IL","Apostle Islands NL, WI",Milwaukee,"Vancouver, Canada","San Francisco, United States","London, England","Paris, France","Tokyo, Japan",31,28,44,11,13,280,250,400,100,110,1100,1000,1600,410,460
543,"Green Bay (west), WI","Chicago, IL","Apostle Islands NL, WI",Milwaukee,"Vancouver, Canada","San Francisco, United States","London, England","Paris, France","Tokyo, Japan",31,28,44,11,13,280,250,400,100,110,1100,1000,1600,410,460
544,"Wausau, WI","Chicago, IL","Traverse City, MI",Milwaukee,"Vancouver, Canada","San Francisco, United States","London, England","Paris, France","Tokyo, Japan",31,28,44,11,13,280,250,400,100,110,1100,1000,1600,410,460
545,"Rhinelander, WI","Minneapolis, MN","Mackinac Island, MI",Minneapolis,"Vancouver, Canada","San Francisco, United States","London, England","Paris, France","Tokyo, Japan",35,39,45,10,13,320,360,410,95,120,1300,1400,1600,380,480
546,"La Crosse, WI","Chicago, IL","Door County, WI",Minneapolis,"Vancouver, Canada","San Francisco, United States","London, England","Paris, France","Tokyo, Japan",35,39,45,10,13,320,360,410,95,120,1300,1400,1600,380,480
547,"Eau Claire, WI","Minneapolis, MN","Door County, WI",Minneapolis,"Vancouver, Canada","San Francisco, United States","London, England","Paris, France","Tokyo, Japan",35,39,45,10,13,320,360,410,95,120,1300,1400,1600,380,480
548,"Superior / Ashland, WI","Chicago, IL","Kansas City, MO",Minneapolis,"Vancouver, Canada","San Francisco, United States","London, England","Paris, France","Tokyo, Japan",35,39,45,10,13,320,360,410,95,120,1300,1400,1600,380,480
549,"Oshkosh / Fond du Lac, WI","Chicago, IL","Mackinac Island, MI",Milwaukee,"Vancouver, Canada","San Francisco, United States","London, England","Paris, France","Tokyo, Japan",31,28,44,11,13,280,250,400,100,110,1100,1000,1600,410,460
550,"Saint Paul, MN","Duluth, MN","Des Moines, IA",Minneapolis,"Vancouver, Canada","San Francisco, United States","London, England","Paris, France","Tokyo, Japan",35,39,45,10,13,320,360,410,95,120,1300,1400,1600,380,480
551,"Minneapolis, MN","Duluth, MN","Des Moines, IA",Minneapolis,"Vancouver, Canada","San Francisco, United States","London, England","Paris, France","Tokyo, Japan",35,39,45,10,13,320,360,410,95,120,1300,1400,1600,380,480
553,"Minneapolis (south), MN","Duluth, MN","Des Moines, IA",Minneapolis,"Vancouver, Canada","San Francisco, United States","London, England","Paris, France","Tokyo, Japan",35,39,45,10,13,320,360,410,95,120,1300,1400,1600,380,480
554,"Saint Paul (east), MN","Minneapolis, MN","Des Moines, IA",Minneapolis,"Vancouver, Canada","San Francisco, United States","London, England","Paris, France","Tokyo, Japan",35,39,45,10,13,320,360,410,95,120,1300,1400,1600,380,480
555,"Minneapolis (north), MN","Duluth, MN","Galena, IL",Minneapolis,"Vancouver, Canada","San Francisco, United States","London, England","Paris, France","Tokyo, Japan",35,39,45,10,13,320,360,410,95,120,1300,1400,1600,380,480
556,"Duluth, MN","Chicago, IL","Kansas City, MO",Minneapolis,"Vancouver, Canada","San Francisco, United States","London, England","Paris, France","Tokyo, Japan",35,39,45,10,13,320,360,410,95,120,1300,1400,1600,380,480
557,"Duluth (south), MN","Chicago, IL","Theodore Roosevelt NP, ND",Minneapolis,"Vancouver, Canada","San Francisco, United States","London, England","Paris, France","Tokyo, Japan",35,39,45,10,13,320,360,410,95,120,1300,1400,1600,380,480
558,"Duluth (north), MN","Badlands NP, SD","Detroit, MI",Minneapolis,"Vancouver, Canada","San Francisco, United States","London, England","Paris, France","Tokyo, Japan",35,39,45,10,13,320,360,410,95,120,1300,1400,1600,380,480
559,"Rochester, MN","Minneapolis, MN","Apostle Islands NL, WI",Minneapolis,"Vancouver, Canada","San Francisco, United States","London, England","Paris, France","Tokyo, Japan",35,39,45,10,13,320,360,410,95,120,1300,1400,1600,380,480
560,"Mankato, MN","Minneapolis, MN","Fargo, ND",Minneapolis,"Vancouver, Canada","San Francisco, United States","London, England","Paris, France","Tokyo, Japan",35,39,45,10,13,320,360,410,95,120,1300,1400,1600,380,480
561,"Mankato (south), MN","Minneapolis, MN","Fargo, ND",Minneapolis,"Vancouver, Canada","San Francisco, United States","London, England","Paris, France","Tokyo, Japan",35,39,45,10,13,320,360,410,95,120,1300,1400,1600,380,480
562,"Willmar, MN","Minneapolis, MN","Grand Forks, ND",Minneapolis,"Vancouver, Canada","San Francisco, United States","London, England","Paris, France","Tokyo, Japan",35,39,45,10,13,320,360,410,95,120,1300,1400,1600,380,480
563,"Saint Cloud, MN","Minneapolis, MN","Grand Forks, ND",Minneapolis,"Vancouver, Canada","San Francisco, United States","London, England","Paris, France","Tokyo, Japan",35,39,45,10,13,320,360,410,95,120,1300,1400,1600,380,480
564,"Saint Cloud (north), MN","Minneapolis, MN","Grand Forks, ND",Minneapolis,"Vancouver, Canada","San Francisco, United States","London, England","Paris, France","Tokyo, Japan",35,39,45,10,13,320,360,410,95,120,1300,1400,1600,380,480
565,"Detroit Lakes / Bemidji, MN","Minneapolis, MN","Apostle Islands NL, WI",Fargo,"Vancouver, Canada","San Francisco, United States","London, England","Paris, France","Tokyo, Japan",25,33,34,8.1,10,220,300,300,74,93,900,1200,1200,290,370
566,"Moorhead / Fargo area, MN","Minneapolis, MN","Sioux Falls, SD",Fargo,"Vancouver, Canada","San Francisco, United States","London, England","Paris, France","Tokyo, Japan",25,33,34,8.1,10,220,300,300,74,93,900,1200,1200,290,370
567,"Thief River Falls, MN","Duluth, MN","Bismarck, ND",Fargo,"Vancouver, Canada","San Francisco, United States","London, England","Paris, France","Tokyo, Japan",25,33,34,8.1,10,220,300,300,74,93,900,1200,1200,290,370
570,"Sioux Falls, SD","Minneapolis, MN","Fargo, ND",Sioux Falls,"Vancouver, Canada","San Francisco, United States","London, England","Paris, France","Tokyo, Japan",26,31,39,9.1,11,230,280,360,83,99,920,1100,1400,330,390
571,"Sioux Falls (north), SD","Minneapolis, MN","Fargo, ND",Sioux Falls,"Vancouver, Canada","San Francisco, United States","London, England","Paris, France","Tokyo, Japan",26,31,39,9.1,11,230,280,360,83,99,920,1100,1400,330,390
572,"Watertown, SD","Minneapolis, MN","Bismarck, ND",Sioux Falls,"Vancouver, Canada","San Francisco, United States","London, England","Paris, France","Tokyo, Japan",26,31,39,9.1,11,230,280,360,83,99,920,1100,1400,330,390
573,"Mitchell / Huron, SD","Badlands NP, SD","Bismarck, ND",Sioux Falls,"Vancouver, Canada","San Francisco, United States","London, England","Paris, France","Tokyo, Japan",26,31,39,9.1,11,230,280,360,83,99,920,1100,1400,330,390
574,"Aberdeen, SD","Badlands NP, SD","Grand Forks, ND",Fargo,"Vancouver, Canada","San Francisco, United States","London, England","Paris, France","Tokyo, Japan",25,33,34,8.1,10,220,300,300,74,93,900,1200,1200,290,370
575,"Pierre, SD","Badlands NP, SD","Theodore Roosevelt NP, ND",Rapid City,"Toronto, Canada","New York City, United States","London, England","Paris, France","Tokyo, Japan",34,34,42,8.3,10,310,310,380,75,91,1200,1200,1500,300,360
576,"Mobridge, SD","Badlands NP, SD","Grand Forks, ND",Bismarck,"Toronto, Canada","New York City, United States","London, England","Paris, France","Tokyo, Japan",34,32,41,8.1,12,300,290,370,73,100,1200,1200,1500,290,420
577,"Rapid City, SD","Badlands NP, SD","Bismarck, ND",Rapid City,"Toronto, Canada","New York City, United States","London, England","Paris, France","Tokyo, Japan",34,34,42,8.3,10,310,310,380,75,91,1200,1200,1500,300,360
580,"Fargo, ND","Minneapolis, MN","Sioux Falls, SD",Fargo,"Vancouver, Canada","San Francisco, United States","London, England","Paris, France","Tokyo, Japan",25,33,34,8.1,10,220,300,300,74,93,900,1200,1200,290,370
581,"Fargo (west), ND","Minneapolis, MN","Sioux Falls, SD",Fargo,"Vancouver, Canada","San Francisco, United States","London, England","Paris, France","Tokyo, Japan",25,33,34,8.1,10,220,300,300,74,93,900,1200,1200,290,370
582,"Grand Forks, ND","Badlands NP, SD","Billings, MT",Fargo,"Vancouver, Canada","San Francisco, United States","London, England","Paris, France","Tokyo, Japan",25,33,34,8.1,10,220,300,300,74,93,900,1200,1200,290,370
583,"Devils Lake, ND","Theodore Roosevelt NP, ND","Medora, ND",Grand Forks,"Vancouver, Canada","San Francisco, United States","London, England","Paris, France","Tokyo, Japan",32,36,44,7.9,9.3,290,320,400,71,84,1100,1300,1600,280,340
584,"Jamestown, ND","Theodore Roosevelt NP, ND","Medora, ND",Fargo,"Vancouver, Canada","San Francisco, United States","London, England","Paris, France","Tokyo, Japan",25,33,34,8.1,10,220,300,300,74,93,900,1200,1200,290,370
585,"Bismarck, ND","Badlands NP, SD","Rapid City / Mount Rushmore, SD",Bismarck,"Toronto, Canada","New York City, United States","London, England","Paris, France","Tokyo, Japan",34,32,41,8.1,12,300,290,370,73,100,1200,1200,1500,290,420
586,"Bismarck (north), ND","Badlands NP, SD","Grand Forks, ND",Bismarck,"Toronto, Canada","New York City, United States","London, England","Paris, France","Tokyo, Japan",34,32,41,8.1,12,300,290,370,73,100,1200,1200,1500,290,420
587,"Minot, ND","Theodore Roosevelt NP, ND","Fargo, ND",Minot,"Toronto, Canada","New York City, United States","London, England","Paris, France","Tokyo, Japan",36,28,38,8.5,11,330,250,340,77,95,1300,1000,1400,310,380
588,"Williston, ND","Yellowstone NP, WY","Grand Teton NP, WY",Minot,"Toronto, Canada","New York City, United States","London, England","Paris, France","Tokyo, Japan",36,28,38,8.5,11,330,250,340,77,95,1300,1000,1400,310,380
590,"Billings, MT","Yellowstone NP, WY","Butte, MT",Billings,"Toronto, Canada","New York City, United States","London, England","Paris, France","Tokyo, Japan",31,29,45,9.1,12,280,260,400,82,110,1100,1000,1600,330,440
591,"Billings (east), MT","Yellowstone NP, WY","Butte, MT",Billings,"Toronto, Canada","New York City, United States","London, England","Paris, France","Tokyo, Japan",31,29,45,9.1,12,280,260,400,82,110,1100,1000,1600,330,440
592,"Wolf Point / Glasgow, MT","Theodore Roosevelt NP, ND","Great Falls, MT",Billings,"Toronto, Canada","New York City, United States","London, England","Paris, France","Tokyo, Japan",31,29,45,9.1,12,280,260,400,82,110,1100,1000,1600,330,440
593,"Miles City, MT","Wind Cave NP, SD","Mt. Rushmore / Keystone, SD",Billings,"Toronto, Canada","New York City, United States","London, England","Paris, France","Tokyo, Japan",31,29,45,9.1,12,280,260,400,82,110,1100,1000,1600,330,440
594,"Great Falls, MT","Yellowstone NP, WY","Cody, WY",Great Falls,"Toronto, Canada","New York City, United States","London, England","Paris, France","Tokyo, Japan",31,29,37,11,13,280,260,340,99,120,1100,1000,1400,390,490
595,"Havre, MT","Glacier NP, MT","Beartooth Highway, MT",Great Falls,"Toronto, Canada","New York City, United States","London, England","Paris, France","Tokyo, Japan",31,29,37,11,13,280,260,340,99,120,1100,1000,1400,390,490
596,"Helena, MT","Yellowstone NP, WY","Lewiston, ID",Bozeman,"Toronto, Canada","New York City, United States","London, England","Paris, France","Tokyo, Japan",33,24,36,11,17,300,210,320,97,150,1200,850,1300,390,610
597,"Butte, MT","Yellowstone NP, WY","Coeur d'Alene, ID",Bozeman,"Toronto, Canada","New York City, United States","London, England","Paris, France","Tokyo, Japan",33,24,36,11,17,300,210,320,97,150,1200,850,1300,390,610
598,"Missoula, MT","Yellowstone NP, WY","Sun Valley, ID",Missoula,"Toronto, Canada","New York City, United States","London, England","Paris, France","Tokyo, Japan",33,35,30,11,14,300,320,270,96,130,1200,1300,1100,380,510
599,"Kalispell, MT","Glacier NP, MT","Bozeman / Yellowstone gateway, MT",Missoula,"Toronto, Canada","New York City, United States","London, England","Paris, France","Tokyo, Japan",33,35,30,11,14,300,320,270,96,130,1200,1300,1100,380,510
600,"Chicago, IL","Indianapolis, IN","Detroit, MI",Chicago,"Vancouver, Canada","San Francisco, United States","London, England","Paris, France","Tokyo, Japan",27,34,66,13,13,240,310,600,110,110,980,1200,2400,460,450
601,"Chicago (NW), IL","Indianapolis, IN","Traverse City, MI",Chicago,"Vancouver, Canada","San Francisco, United States","London, England","Paris, France","Tokyo, Japan",27,34,66,13,13,240,310,600,110,110,980,1200,2400,460,450
602,"Chicago (south), IL","Indianapolis, IN","Detroit, MI",Chicago,"Vancouver, Canada","San Francisco, United States","London, England","Paris, France","Tokyo, Japan",27,34,66,13,13,240,310,600,110,110,980,1200,2400,460,450
603,"Chicago (west), IL","Indianapolis, IN","Traverse City, MI",Chicago,"Vancouver, Canada","San Francisco, United States","London, England","Paris, France","Tokyo, Japan",27,34,66,13,13,240,310,600,110,110,980,1200,2400,460,450
604,"Chicago (far south), IL","Chicago, IL","Traverse City, MI",Chicago,"Vancouver, Canada","San Francisco, United States","London, England","Paris, France","Tokyo, Japan",27,34,66,13,13,240,310,600,110,110,980,1200,2400,460,450
605,"Oak Park / Berwyn, IL","Indianapolis, IN","Traverse City, MI",Chicago,"Vancouver, Canada","San Francisco, United States","London, England","Paris, France","Tokyo, Japan",27,34,66,13,13,240,310,600,110,110,980,1200,2400,460,450
606,"Chicago (lake), IL","Indianapolis, IN","Detroit, MI",Chicago,"Vancouver, Canada","San Francisco, United States","London, England","Paris, France","Tokyo, Japan",27,34,66,13,13,240,310,600,110,110,980,1200,2400,460,450
607,"Chicago (north), IL","Indianapolis, IN","Detroit, MI",Chicago,"Vancouver, Canada","San Francisco, United States","London, England","Paris, France","Tokyo, Japan",27,34,66,13,13,240,310,600,110,110,980,1200,2400,460,450
608,"Joliet, IL","Chicago, IL","St. Louis, MO",Chicago,"Vancouver, Canada","San Francisco, United States","London, England","Paris, France","Tokyo, Japan",27,34,66,13,13,240,310,600,110,110,980,1200,2400,460,450
609,"Kankakee, IL","Chicago, IL","Louisville, KY",Chicago,"Vancouver, Canada","San Francisco, United States","London, England","Paris, France","Tokyo, Japan",27,34,66,13,13,240,310,600,110,110,980,1200,2400,460,450
610,"Rockford, IL","Chicago, IL","Des Moines, IA",Chicago,"Vancouver, Canada","San Francisco, United States","London, England","Paris, France","Tokyo, Japan",27,34,66,13,13,240,310,600,110,110,980,1200,2400,460,450
611,"Rockford (south), IL","Chicago, IL","Des Moines, IA",Chicago,"Vancouver, Canada","San Francisco, United States","London, England","Paris, France","Tokyo, Japan",27,34,66,13,13,240,310,600,110,110,980,1200,2400,460,450
612,"Rock Island / Moline, IL","Chicago, IL","St. Louis, MO",Chicago,"Vancouver, Canada","San Francisco, United States","London, England","Paris, France","Tokyo, Japan",27,34,66,13,13,240,310,600,110,110,980,1200,2400,460,450
613,"La Salle / Ottawa, IL","Chicago, IL","St. Louis, MO",Chicago,"Vancouver, Canada","San Francisco, United States","London, England","Paris, France","Tokyo, Japan",27,34,66,13,13,240,310,600,110,110,980,1200,2400,460,450
614,"Galesburg, IL","Chicago, IL","Indianapolis, IN",Chicago,"Vancouver, Canada","San Francisco, United States","London, England","Paris, France","Tokyo, Japan",27,34,66,13,13,240,310,600,110,110,980,1200,2400,460,450
615,"Peoria, IL","Chicago, IL","Des Moines, IA",Chicago,"Vancouver, Canada","San Francisco, United States","London, England","Paris, France","Tokyo, Japan",30,35,39,12,12,270,310,350,110,110,1100,1200,1400,420,440
616,"Peoria (north), IL","Chicago, IL","Des Moines, IA",Chicago,"Vancouver, Canada","San Francisco, United States","London, England","Paris, France","Tokyo, Japan",30,35,39,12,12,270,310,350,110,110,1100,1200,1400,420,440
617,"Bloomington, IL","Chicago, IL","Louisville, KY",Chicago,"Vancouver, Canada","San Francisco, United States","London, England","Paris, France","Tokyo, Japan",30,35,39,12,12,270,310,350,110,110,1100,1200,1400,420,440
618,"Champaign, IL","Mammoth Cave NP, KY","Cincinnati, OH",Indianapolis,"Vancouver, Canada","San Francisco, United States","London, England","Paris, France","Tokyo, Japan",32,32,50,13,15,290,290,450,120,130,1200,1100,1800,480,530
619,"Champaign (south), IL","Mammoth Cave NP, KY","Cincinnati, OH",Indianapolis,"Vancouver, Canada","San Francisco, United States","London, England","Paris, France","Tokyo, Japan",32,32,50,13,15,290,290,450,120,130,1200,1100,1800,480,530
620,"Saint Louis (IL side), IL","Branson, MO","Kansas City, MO",St. Louis,"Vancouver, Canada","San Francisco, United States","London, England","Paris, France","Tokyo, Japan",34,27,40,12,15,310,250,360,100,130,1200,980,1400,420,530
621,"East Saint Louis, IL","Branson, MO","Louisville, KY",St. Louis,"Vancouver, Canada","San Francisco, United States","London, England","Paris, France","Tokyo, Japan",34,27,40,12,15,310,250,360,100,130,1200,980,1400,420,530
622,"Belleville / Alton, IL","Branson, MO","Louisville, KY",St. Louis,"Vancouver, Canada","San Francisco, United States","London, England","Paris, France","Tokyo, Japan",34,27,40,12,15,310,250,360,100,130,1200,980,1400,420,530
623,"Quincy, IL","Chicago, IL","Galena, IL",St. Louis,"Vancouver, Canada","San Francisco, United States","London, England","Paris, France","Tokyo, Japan",34,27,40,12,15,310,250,360,100,130,1200,980,1400,420,530
624,"Effingham, IL","Mammoth Cave NP, KY","Nashville, TN",St. Louis,"Vancouver, Canada","San Francisco, United States","London, England","Paris, France","Tokyo, Japan",34,27,40,12,15,310,250,360,100,130,1200,980,1400,420,530
625,"Springfield, IL","Chicago, IL","Louisville, KY",St. Louis,"Vancouver, Canada","San Francisco, United States","London, England","Paris, France","Tokyo, Japan",34,27,40,12,15,310,250,360,100,130,1200,980,1400,420,530
626,"Springfield (east), IL","Chicago, IL","Louisville, KY",St. Louis,"Vancouver, Canada","San Francisco, United States","London, England","Paris, France","Tokyo, Japan",34,27,40,12,15,310,250,360,100,130,1200,980,1400,420,530
627,"Springfield (north), IL","Chicago, IL","Des Moines, IA",St. Louis,"Vancouver, Canada","San Francisco, United States","London, England","Paris, France","Tokyo, Japan",34,27,40,12,15,310,250,360,100,130,1200,980,1400,420,530
628,"Centralia / Mount Vernon, IL","Mammoth Cave NP, KY","Memphis, TN",St. Louis,"Vancouver, Canada","San Francisco, United States","London, England","Paris, France","Tokyo, Japan",34,27,40,12,15,310,250,360,100,130,1200,980,1400,420,530
629,"Carbondale / Marion, IL","Mammoth Cave NP, KY","Branson, MO",St. Louis,"Vancouver, Canada","San Francisco, United States","London, England","Paris, France","Tokyo, Japan",34,27,40,12,15,310,250,360,100,130,1200,980,1400,420,530
630,"Saint Louis, MO","Branson, MO","Kansas City, MO",St. Louis,"Vancouver, Canada","San Francisco, United States","London, England","Paris, France","Tokyo, Japan",34,27,40,12,15,310,250,360,100,130,1200,980,1400,420,530
631,"Saint Louis (west), MO","Branson, MO","Indianapolis, IN",St. Louis,"Vancouver, Canada","San Francisco, United States","London, England","Paris, France","Tokyo, Japan",34,27,40,12,15,310,250,360,100,130,1200,980,1400,420,530
633,"Saint Louis (south), MO","Branson, MO","Memphis, TN",St. Louis,"Vancouver, Canada","San Francisco, United States","London, England","Paris, France","Tokyo, Japan",34,27,40,12,15,310,250,360,100,130,1200,980,1400,420,530
634,"Hannibal, MO","Branson, MO","Galena, IL",St. Louis,"Vancouver, Canada","San Francisco, United States","London, England","Paris, France","Tokyo, Japan",34,27,40,12,15,310,250,360,100,130,1200,980,1400,420,530
635,"Kirksville, MO","St. Louis, MO","Omaha, NE",Des Moines,"Vancouver, Canada","San Francisco, United States","London, England","Paris, France","Tokyo, Japan",32,33,42,11,11,290,290,380,95,96,1200,1200,1500,380,380
636,"Flat River / Farmington, MO","Nashville, TN","Fayetteville / Ozarks, AR",St. Louis,"Vancouver, Canada","San Francisco, United States","London, England","Paris, France","Tokyo, Japan",34,27,40,12,15,310,250,360,100,130,1200,980,1400,420,530
637,"Cape Girardeau, MO","Mammoth Cave NP, KY","Louisville, KY",St. Louis,"Vancouver, Canada","San Francisco, United States","London, England","Paris, France","Tokyo, Japan",34,27,40,12,15,310,250,360,100,130,1200,980,1400,420,530
638,"Cape Girardeau (east), MO","Mammoth Cave NP, KY","Branson, MO",St. Louis,"Vancouver, Canada","San Francisco, United States","London, England","Paris, France","Tokyo, Japan",34,27,40,12,15,310,250,360,100,130,1200,980,1400,420,530
639,"Poplar Bluff, MO","Mammoth Cave NP, KY","Hot Springs, AR",Memphis,"Vancouver, Canada","San Francisco, United States","London, England","Paris, France","Tokyo, Japan",26,28,46,14,12,230,250,410,130,110,920,1000,1700,500,430
640,"Kansas City, MO","Branson, MO","St. Louis, MO",Kansas City,"Vancouver, Canada","San Francisco, United States","London, England","Paris, France","Tokyo, Japan",35,35,51,11,14,320,320,460,95,130,1300,1300,1900,380,520
641,"Kansas City (north), MO","Branson, MO","St. Louis, MO",Kansas City,"Vancouver, Canada","San Francisco, United States","London, England","Paris, France","Tokyo, Japan",35,35,51,11,14,320,320,460,95,130,1300,1300,1900,380,520
644,"Saint Joseph, MO","Branson, MO","Wichita, KS",Kansas City,"Vancouver, Canada","San Francisco, United States","London, England","Paris, France","Tokyo, Japan",35,35,51,11,14,320,320,460,95,130,1300,1300,1900,380,520
645,"Chillicothe, MO","Branson, MO","Eureka Springs, AR",Kansas City,"Vancouver, Canada","San Francisco, United States","London, England","Paris, France","Tokyo, Japan",35,35,51,11,14,320,320,460,95,130,1300,1300,1900,380,520
646,"Chillicothe (north), MO","Branson, MO","Galena, IL",Kansas City,"Vancouver, Canada","San Francisco, United States","London, England","Paris, France","Tokyo, Japan",35,35,51,11,14,320,320,460,95,130,1300,1300,1900,380,520
647,"Harrisonville, MO","Branson, MO","St. Louis, MO",Kansas City,"Vancouver, Canada","San Francisco, United States","London, England","Paris, France","Tokyo, Japan",35,35,51,11,14,320,320,460,95,130,1300,1300,1900,380,520
648,"Joplin / Carthage, MO","Branson, MO","Oklahoma City, OK",Fayetteville,"Vancouver, Canada","San Francisco, United States","London, England","Paris, France","Tokyo, Japan",32,35,46,11,10,290,320,410,98,95,1200,1300,1700,390,380
649,"Joplin, MO","Branson, MO","Oklahoma City, OK",Fayetteville,"Vancouver, Canada","San Francisco, United States","London, England","Paris, France","Tokyo, Japan",32,35,46,11,10,290,320,410,98,95,1200,1300,1700,390,380
650,"Jefferson City, MO","Branson, MO","Des Moines, IA",St. Louis,"Vancouver, Canada","San Francisco, United States","London, England","Paris, France","Tokyo, Japan",34,27,40,12,15,310,250,360,100,130,1200,980,1400,420,530
651,"Jefferson City (east), MO","Branson, MO","Des Moines, IA",St. Louis,"Vancouver, Canada","San Francisco, United States","London, England","Paris, France","Tokyo, Japan",34,27,40,12,15,310,250,360,100,130,1200,980,1400,420,530
652,"Columbia, MO","Branson, MO","Fayetteville / Ozarks, AR",St. Louis,"Vancouver, Canada","San Francisco, United States","London, England","Paris, France","Tokyo, Japan",34,27,40,12,15,310,250,360,100,130,1200,980,1400,420,530
653,"Columbia (north), MO","Branson, MO","Fayetteville / Ozarks, AR",St. Louis,"Vancouver, Canada","San Francisco, United States","London, England","Paris, France","Tokyo, Japan",34,27,40,12,15,310,250,360,100,130,1200,980,1400,420,530
654,"Rolla, MO","Branson, MO","Memphis, TN",St. Louis,"Vancouver, Canada","San Francisco, United States","London, England","Paris, France","Tokyo, Japan",34,27,40,12,15,310,250,360,100,130,1200,980,1400,420,530
655,"Rolla (east), MO","Branson, MO","Memphis, TN",St. Louis,"Vancouver, Canada","San Francisco, United States","London, England","Paris, France","Tokyo, Japan",34,27,40,12,15,310,250,360,100,130,1200,980,1400,420,530
656,"Springfield, MO","Branson, MO","Memphis, TN",Fayetteville,"Vancouver, Canada","San Francisco, United States","London, England","Paris, France","Tokyo, Japan",32,35,46,11,10,290,320,410,98,95,1200,1300,1700,390,380
657,"Springfield (east), MO","Branson, MO","Wichita, KS",Fayetteville,"Vancouver, Canada","San Francisco, United States","London, England","Paris, France","Tokyo, Japan",32,35,46,11,10,290,320,410,98,95,1200,1300,1700,390,380
658,"Springfield (north), MO","Branson, MO","Memphis, TN",Fayetteville,"Vancouver, Canada","San Francisco, United States","London, England","Paris, France","Tokyo, Japan",32,35,46,11,10,290,320,410,98,95,1200,1300,1700,390,380
660,"Kansas City, KS","Branson, MO","Fayetteville / Ozarks, AR",Kansas City,"Vancouver, Canada","San Francisco, United States","London, England","Paris, France","Tokyo, Japan",35,35,51,11,14,320,320,460,95,130,1300,1300,1900,380,520
661,"Kansas City (north), KS","Branson, MO","Fayetteville / Ozarks, AR",Kansas City,"Vancouver, Canada","San Francisco, United States","London, England","Paris, France","Tokyo, Japan",35,35,51,11,14,320,320,460,95,130,1300,1300,1900,380,520
662,"Shawnee Mission / Overland Park, KS","Branson, MO","Buffalo National River, AR",Kansas City,"Vancouver, Canada","San Francisco, United States","London, England","Paris, France","Tokyo, Japan",35,35,51,11,14,320,320,460,95,130,1300,1300,1900,380,520
664,"Topeka, KS","Branson, MO","Fayetteville / Ozarks, AR",Kansas City,"Vancouver, Canada","San Francisco, United States","London, England","Paris, France","Tokyo, Japan",35,35,51,11,14,320,320,460,95,130,1300,1300,1900,380,520
665,"Topeka (east), KS","Branson, MO","Fayetteville / Ozarks, AR",Kansas City,"Vancouver, Canada","San Francisco, United States","London, England","Paris, France","Tokyo, Japan",35,35,51,11,14,320,320,460,95,130,1300,1300,1900,380,520
666,"Topeka (north), KS","Branson, MO","Fayetteville / Ozarks, AR",Kansas City,"Vancouver, Canada","San Francisco, United States","London, England","Paris, France","Tokyo, Japan",35,35,51,11,14,320,320,460,95,130,1300,1300,1900,380,520
667,"Fort Scott, KS","Branson, MO","Oklahoma City, OK",Kansas City,"Vancouver, Canada","San Francisco, United States","London, England","Paris, France","Tokyo, Japan",35,35,51,11,14,320,320,460,95,130,1300,1300,1900,380,520
668,"Emporia, KS","Branson, MO","Oklahoma City, OK",Wichita,"Vancouver, Canada","San Francisco, United States","London, England","Paris, France","Tokyo, Japan",34,31,48,11,10,310,280,430,97,95,1200,1100,1700,390,380
669,"Hutchinson, KS","Rocky Mountain NP, CO","Badlands NP, SD",Wichita,"Vancouver, Canada","San Francisco, United States","London, England","Paris, France","Tokyo, Japan",34,31,48,11,10,310,280,430,97,95,1200,1100,1700,390,380
670,"Wichita, KS","Branson, MO","Eureka Springs, AR",Wichita,"Vancouver, Canada","San Francisco, United States","London, England","Paris, France","Tokyo, Japan",34,31,48,11,10,310,280,430,97,95,1200,1100,1700,390,380
671,"Wichita (north), KS","Kansas City, MO","Eureka Springs, AR",Wichita,"Vancouver, Canada","San Francisco, United States","London, England","Paris, France","Tokyo, Japan",34,31,48,11,10,310,280,430,97,95,1200,1100,1700,390,380
672,"Wichita (east), KS","Branson, MO","Eureka Springs, AR",Wichita,"Vancouver, Canada","San Francisco, United States","London, England","Paris, France","Tokyo, Japan",34,31,48,11,10,310,280,430,97,95,1200,1100,1700,390,380
673,"Independence, KS","Branson, MO","Buffalo National River, AR",Tulsa,"Vancouver, Canada","San Francisco, United States","London, England","Paris, France","Tokyo, Japan",43,31,56,11,10,390,280,510,98,92,1500,1100,2000,390,370
674,"Salina, KS","Kansas City, MO","Oklahoma City, OK",Wichita,"Vancouver, Canada","San Francisco, United States","London, England","Paris, France","Tokyo, Japan",34,31,48,11,10,310,280,430,97,95,1200,1100,1700,390,380
675,"Colby, KS","Rocky Mountain NP, CO","Des Moines, IA",Denver,"Toronto, Canada","New York City, United States","London, England","Paris, France","Tokyo, Japan",32,32,36,10,11,290,290,320,94,98,1200,1100,1300,380,390
676,"Hays, KS","Rocky Mountain NP, CO","Crazy Horse Memorial, SD",Wichita,"Vancouver, Canada","San Francisco, United States","London, England","Paris, France","Tokyo, Japan",34,31,48,11,10,310,280,430,97,95,1200,1100,1700,390,380
677,"Liberal, KS","Rocky Mountain NP, CO","Eureka Springs, AR",Amarillo,"Toronto, Canada","New York City, United States","London, England","Paris, France","Tokyo, Japan",34,34,41,9.5,10,310,310,370,86,93,1200,1200,1500,340,370
678,"Dodge City, KS","Rocky Mountain NP, CO","Buffalo National River, AR",Wichita,"Vancouver, Canada","San Francisco, United States","London, England","Paris, France","Tokyo, Japan",34,31,48,11,10,310,280,430,97,95,1200,1100,1700,390,380
679,"Pratt, KS","Rocky Mountain NP, CO","Midland / Odessa, TX",Wichita,"Vancouver, Canada","San Francisco, United States","London, England","Paris, France","Tokyo, Japan",34,31,48,11,10,310,280,430,97,95,1200,1100,1700,390,380
680,"Omaha, NE","Badlands NP, SD","Crazy Horse Memorial, SD",Omaha,"Vancouver, Canada","San Francisco, United States","London, England","Paris, France","Tokyo, Japan",29,29,43,10,14,260,260,390,92,120,1000,1000,1600,370,490
681,"Omaha (south), NE","Badlands NP, SD","Chicago, IL",Omaha,"Vancouver, Canada","San Francisco, United States","London, England","Paris, France","Tokyo, Japan",29,29,43,10,14,260,260,390,92,120,1000,1000,1600,370,490
683,"Lincoln, NE","Kansas City, MO","Wichita, KS",Omaha,"Vancouver, Canada","San Francisco, United States","London, England","Paris, France","Tokyo, Japan",29,29,43,10,14,260,260,390,92,120,1000,1000,1600,370,490
684,"Lincoln (north), NE","Kansas City, MO","Wichita, KS",Omaha,"Vancouver, Canada","San Francisco, United States","London, England","Paris, France","Tokyo, Japan",29,29,43,10,14,260,260,390,92,120,1000,1000,1600,370,490
685,"Lincoln (east), NE","Kansas City, MO","Wichita, KS",Omaha,"Vancouver, Canada","San Francisco, United States","London, England","Paris, France","Tokyo, Japan",29,29,43,10,14,260,260,390,92,120,1000,1000,1600,370,490
686,"Columbus, NE","Kansas City, MO","Des Moines, IA",Omaha,"Vancouver, Canada","San Francisco, United States","London, England","Paris, France","Tokyo, Japan",29,29,43,10,14,260,260,390,92,120,1000,1000,1600,370,490
687,"Norfolk, NE","Badlands NP, SD","Eureka Springs, AR",Omaha,"Vancouver, Canada","San Francisco, United States","London, England","Paris, France","Tokyo, Japan",29,29,43,10,14,260,260,390,92,120,1000,1000,1600,370,490
688,"Grand Island, NE","Kansas City, MO","Wichita, KS",Omaha,"Vancouver, Canada","San Francisco, United States","London, England","Paris, France","Tokyo, Japan",29,29,43,10,14,260,260,390,92,120,1000,1000,1600,370,490
689,"Hastings / Kearney, NE","Kansas City, MO","Sioux Falls, SD",Omaha,"Vancouver, Canada","San Francisco, United States","London, England","Paris, France","Tokyo, Japan",29,29,43,10,14,260,260,390,92,120,1000,1000,1600,370,490
690,"McCook, NE","Rocky Mountain NP, CO","Fayetteville / Ozarks, AR",Denver,"Toronto, Canada","New York City, United States","London, England","Paris, France","Tokyo, Japan",32,32,36,10,11,290,290,320,94,98,1200,1100,1300,380,390
691,"North Platte, NE","Badlands NP, SD","Rapid City / Mount Rushmore, SD",Denver,"Toronto, Canada","New York City, United States","London, England","Paris, France","Tokyo, Japan",32,32,36,10,11,290,290,320,94,98,1200,1100,1300,380,390
692,"Valentine / Alliance, NE","Rocky Mountain NP, CO","Denver, CO",Rapid City,"Toronto, Canada","New York City, United States","London, England","Paris, France","Tokyo, Japan",34,34,42,8.3,10,310,310,380,75,91,1200,1200,1500,300,360
693,"Scottsbluff, NE","Rocky Mountain NP, CO","Vail, CO",Denver,"Toronto, Canada","New York City, United States","London, England","Paris, France","Tokyo, Japan",32,32,36,10,11,290,290,320,94,98,1200,1100,1300,380,390
700,"New Orleans, LA","Destin / Emerald Coast, FL","Natchitoches, LA",New Orleans,"Vancouver, Canada","San Francisco, United States","London, England","Paris, France","Tokyo, Japan",40,38,55,15,14,360,340,500,130,120,1400,1400,2000,530,490
701,"New Orleans (east), LA","Destin / Emerald Coast, FL","Natchitoches, LA",New Orleans,"Vancouver, Canada","San Francisco, United States","London, England","Paris, France","Tokyo, Japan",40,38,55,15,14,360,340,500,130,120,1400,1400,2000,530,490
703,"Thibodaux / Houma, LA","New Orleans, LA","Natchitoches, LA",New Orleans,"Vancouver, Canada","San Francisco, United States","London, England","Paris, France","Tokyo, Japan",40,38,55,15,14,360,340,500,130,120,1400,1400,2000,530,490
704,"Hammond, LA","New Orleans, LA","Destin / Emerald Coast, FL",New Orleans,"Vancouver, Canada","San Francisco, United States","London, England","Paris, France","Tokyo, Japan",40,38,55,15,14,360,340,500,130,120,1400,1400,2000,530,490
705,"Lafayette, LA","New Orleans, LA","Houston, TX",New Orleans,"Vancouver, Canada","San Francisco, United States","London, England","Paris, France","Tokyo, Japan",40,38,55,15,14,360,340,500,130,120,1400,1400,2000,530,490
706,"Lake Charles, LA","New Orleans, LA","Vicksburg, MS",Houston,"Vancouver, Canada","San Francisco, United States","London, England","Paris, France","Tokyo, Japan",32,41,46,14,12,290,370,420,130,110,1200,1500,1700,500,420
707,"Baton Rouge, LA","New Orleans, LA","Galveston Island, TX",New Orleans,"Vancouver, Canada","San Francisco, United States","London, England","Paris, France","Tokyo, Japan",40,38,55,15,14,360,340,500,130,120,1400,1400,2000,530,490
708,"Baton Rouge (east), LA","New Orleans, LA","Gulf Shores, AL",New Orleans,"Vancouver, Canada","San Francisco, United States","London, England","Paris, France","Tokyo, Japan",40,38,55,15,14,360,340,500,130,120,1400,1400,2000,530,490
710,"Shreveport, LA","Galveston Island, TX","Houston, TX",Shreveport,"Vancouver, Canada","San Francisco, United States","London, England","Paris, France","Tokyo, Japan",39,27,46,14,11,350,240,410,130,100,1400,970,1700,520,410
711,"Shreveport (south), LA","Galveston Island, TX","Houston, TX",Shreveport,"Vancouver, Canada","San Francisco, United States","London, England","Paris, France","Tokyo, Japan",39,27,46,14,11,350,240,410,130,100,1400,970,1700,520,410
712,"Monroe, LA","New Orleans, LA","Memphis, TN",Shreveport,"Vancouver, Canada","San Francisco, United States","London, England","Paris, France","Tokyo, Japan",39,27,46,14,11,350,240,410,130,100,1400,970,1700,520,410
713,"Ruston / Alexandria, LA","New Orleans, LA","Hot Springs, AR",Shreveport,"Vancouver, Canada","San Francisco, United States","London, England","Paris, France","Tokyo, Japan",39,27,46,14,11,350,240,410,130,100,1400,970,1700,520,410
714,"Alexandria, LA","New Orleans, LA","Hot Springs, AR",Shreveport,"Vancouver, Canada","San Francisco, United States","London, England","Paris, France","Tokyo, Japan",39,27,46,14,11,350,240,410,130,100,1400,970,1700,520,410
716,"Pine Bluff, AR","Branson, MO","Natchez, MS",Little Rock,"Vancouver, Canada","San Francisco, United States","London, England","Paris, France","Tokyo, Japan",31,34,46,13,11,280,310,420,120,100,1100,1200,1700,480,410
717,"Camden / El Dorado, AR","Branson, MO","Dallas, TX",Little Rock,"Vancouver, Canada","San Francisco, United States","London, England","Paris, France","Tokyo, Japan",31,34,46,13,11,280,310,420,120,100,1100,1200,1700,480,410
718,"Texarkana, AR","Branson, MO","Eureka Springs, AR",Shreveport,"Vancouver, Canada","San Francisco, United States","London, England","Paris, France","Tokyo, Japan",39,27,46,14,11,350,240,410,130,100,1400,970,1700,520,410
719,"Hot Springs, AR","Branson, MO","Natchez, MS",Little Rock,"Vancouver, Canada","San Francisco, United States","London, England","Paris, France","Tokyo, Japan",31,34,46,13,11,280,310,420,120,100,1100,1200,1700,480,410
720,"Little Rock, AR","Branson, MO","Natchez, MS",Little Rock,"Vancouver, Canada","San Francisco, United States","London, England","Paris, France","Tokyo, Japan",31,34,46,13,11,280,310,420,120,100,1100,1200,1700,480,410
721,"Little Rock (west), AR","Branson, MO","Natchez, MS",Little Rock,"Vancouver, Canada","San Francisco, United States","London, England","Paris, France","Tokyo, Japan",31,34,46,13,11,280,310,420,120,100,1100,1200,1700,480,410
722,"Little Rock (north), AR","Branson, MO","Natchez, MS",Little Rock,"Vancouver, Canada","San Francisco, United States","London, England","Paris, France","Tokyo, Japan",31,34,46,13,11,280,310,420,120,100,1100,1200,1700,480,410
723,West Memphis / Jonesboro AR,"Nashville, TN","St. Louis, MO",Memphis,"Vancouver, Canada","San Francisco, United States","London, England","Paris, France","Tokyo, Japan",26,28,46,14,12,230,250,410,130,110,920,1000,1700,500,430
724,"Jonesboro, AR","Nashville, TN","St. Louis, MO",Memphis,"Vancouver, Canada","San Francisco, United States","London, England","Paris, France","Tokyo, Japan",26,28,46,14,12,230,250,410,130,110,920,1000,1700,500,430
725,"Batesville / Mountain Home, AR","Branson, MO","St. Louis, MO",Little Rock,"Vancouver, Canada","San Francisco, United States","London, England","Paris, France","Tokyo, Japan",31,34,46,13,11,280,310,420,120,100,1100,1200,1700,480,410
726,"Harrison, AR","Branson, MO","St. Louis, MO",Fayetteville,"Vancouver, Canada","San Francisco, United States","London, England","Paris, France","Tokyo, Japan",32,35,46,11,10,290,320,410,98,95,1200,1300,1700,390,380
727,"Fayetteville, AR","Branson, MO","Kansas City, MO",Fayetteville,"Vancouver, Canada","San Francisco, United States","London, England","Paris, France","Tokyo, Japan",32,35,46,11,10,290,320,410,98,95,1200,1300,1700,390,380
728,"Fayetteville (south), AR","Branson, MO","Memphis, TN",Fayetteville,"Vancouver, Canada","San Francisco, United States","London, England","Paris, France","Tokyo, Japan",32,35,46,11,10,290,320,410,98,95,1200,1300,1700,390,380
729,"Fort Smith, AR","Branson, MO","Wichita, KS",Fayetteville,"Vancouver, Canada","San Francisco, United States","London, England","Paris, France","Tokyo, Japan",32,35,46,11,10,290,320,410,98,95,1200,1300,1700,390,380
730,"Oklahoma City, OK","Dallas, TX","Eureka Springs, AR",Oklahoma City,"Vancouver, Canada","San Francisco, United States","London, England","Paris, France","Tokyo, Japan",35,28,39,11,10,320,250,360,100,91,1300,1000,1400,410,360
731,"Oklahoma City (east), OK","Dallas, TX","Eureka Springs, AR",Oklahoma City,"Vancouver, Canada","San Francisco, United States","London, England","Paris, France","Tokyo, Japan",35,28,39,11,10,320,250,360,100,91,1300,1000,1400,410,360
733,"Ardmore, OK","Dallas, TX","Hot Springs, AR",Dallas,"Vancouver, Canada","San Francisco, United States","London, England","Paris, France","Tokyo, Japan",35,41,50,12,10,320,370,450,110,94,1300,1500,1800,450,380
734,"Ardmore (east), OK","Dallas, TX","Hot Springs, AR",Dallas,"Vancouver, Canada","San Francisco, United States","London, England","Paris, France","Tokyo, Japan",35,41,50,12,10,320,370,450,110,94,1300,1500,1800,450,380
735,"Lawton, OK","Dallas, TX","Wichita, KS",Oklahoma City,"Vancouver, Canada","San Francisco, United States","London, England","Paris, France","Tokyo, Japan",35,28,39,11,10,320,250,360,100,91,1300,1000,1400,410,360
736,"Oklahoma City (NW), OK","Dallas, TX","Eureka Springs, AR",Oklahoma City,"Vancouver, Canada","San Francisco, United States","London, England","Paris, France","Tokyo, Japan",35,28,39,11,10,320,250,360,100,91,1300,1000,1400,410,360
737,"Enid, OK","Eureka Springs, AR","Amarillo, TX",Oklahoma City,"Vancouver, Canada","San Francisco, United States","London, England","Paris, France","Tokyo, Japan",35,28,39,11,10,320,250,360,100,91,1300,1000,1400,410,360
738,"Woodward, OK","Denver, CO","Fredericksburg, TX",Oklahoma City,"Vancouver, Canada","San Francisco, United States","London, England","Paris, France","Tokyo, Japan",35,28,39,11,10,320,250,360,100,91,1300,1000,1400,410,360
739,Liberal KS / Guyman OK area,"Taos, NM","Wichita, KS",Amarillo,"Toronto, Canada","New York City, United States","London, England","Paris, France","Tokyo, Japan",34,34,41,9.5,10,310,310,370,86,93,1200,1200,1500,340,370
740,"Tulsa, OK","Branson, MO","Dallas, TX",Tulsa,"Vancouver, Canada","San Francisco, United States","London, England","Paris, France","Tokyo, Japan",43,31,56,11,10,390,280,510,98,92,1500,1100,2000,390,370
741,"Tulsa (south), OK","Branson, MO","Dallas, TX",Tulsa,"Vancouver, Canada","San Francisco, United States","London, England","Paris, France","Tokyo, Japan",43,31,56,11,10,390,280,510,98,92,1500,1100,2000,390,370
743,"Tulsa (north), OK","Branson, MO","Kansas City, MO",Tulsa,"Vancouver, Canada","San Francisco, United States","London, England","Paris, France","Tokyo, Japan",43,31,56,11,10,390,280,510,98,92,1500,1100,2000,390,370
744,"Muskogee, OK","Branson, MO","Kansas City, MO",Tulsa,"Vancouver, Canada","San Francisco, United States","London, England","Paris, France","Tokyo, Japan",43,31,56,11,10,390,280,510,98,92,1500,1100,2000,390,370
745,"McAlester, OK","Branson, MO","Wichita, KS",Tulsa,"Vancouver, Canada","San Francisco, United States","London, England","Paris, France","Tokyo, Japan",43,31,56,11,10,390,280,510,98,92,1500,1100,2000,390,370
746,"Ponca City, OK","Branson, MO","Kansas City, MO",Tulsa,"Vancouver, Canada","San Francisco, United States","London, England","Paris, France","Tokyo, Japan",43,31,56,11,10,390,280,510,98,92,1500,1100,2000,390,370
747,"Durant, OK","Dallas, TX","Eureka Springs, AR",Dallas,"Vancouver, Canada","San Francisco, United States","London, England","Paris, France","Tokyo, Japan",35,41,50,12,10,320,370,450,110,94,1300,1500,1800,450,380
748,"Shawnee, OK","Branson, MO","Buffalo National River, AR",Oklahoma City,"Vancouver, Canada","San Francisco, United States","London, England","Paris, France","Tokyo, Japan",35,28,39,11,10,320,250,360,100,91,1300,1000,1400,410,360
749,"Poteau / Sallisaw, OK","Branson, MO","Wichita, KS",Fayetteville,"Vancouver, Canada","San Francisco, United States","London, England","Paris, France","Tokyo, Japan",32,35,46,11,10,290,320,410,98,95,1200,1300,1700,390,380
750,"Dallas, TX","Austin, TX","Natchitoches, LA",Dallas,"Vancouver, Canada","San Francisco, United States","London, England","Paris, France","Tokyo, Japan",35,41,50,12,10,320,370,450,110,94,1300,1500,1800,450,380
751,"Dallas (north), TX","Austin, TX","Houston, TX",Dallas,"Vancouver, Canada","San Francisco, United States","London, England","Paris, France","Tokyo, Japan",35,41,50,12,10,320,370,450,110,94,1300,1500,1800,450,380
752,"Dallas (south), TX","Austin, TX","Natchitoches, LA",Dallas,"Vancouver, Canada","San Francisco, United States","London, England","Paris, France","Tokyo, Japan",35,41,50,12,10,320,370,450,110,94,1300,1500,1800,450,380
753,"Dallas (east), TX","Austin, TX","Houston, TX",Dallas,"Vancouver, Canada","San Francisco, United States","London, England","Paris, France","Tokyo, Japan",35,41,50,12,10,320,370,450,110,94,1300,1500,1800,450,380
754,"Greenville / Sherman, TX","Austin, TX","Houston, TX",Dallas,"Vancouver, Canada","San Francisco, United States","London, England","Paris, France","Tokyo, Japan",35,41,50,12,10,320,370,450,110,94,1300,1500,1800,450,380
755,Texarkana area TX,"Branson, MO","Eureka Springs, AR",Shreveport,"Vancouver, Canada","San Francisco, United States","London, England","Paris, France","Tokyo, Japan",39,27,46,14,11,350,240,410,130,100,1400,970,1700,520,410
756,"Longview, TX","Austin, TX","Vicksburg, MS",Shreveport,"Vancouver, Canada","San Francisco, United States","London, England","Paris, France","Tokyo, Japan",39,27,46,14,11,350,240,410,130,100,1400,970,1700,520,410
757,"Tyler, TX","Austin, TX","Natchez, MS",Shreveport,"Vancouver, Canada","San Francisco, United States","London, England","Paris, France","Tokyo, Japan",39,27,46,14,11,350,240,410,130,100,1400,970,1700,520,410
758,"Palestine, TX","Austin, TX","San Antonio, TX",Dallas,"Vancouver, Canada","San Francisco, United States","London, England","Paris, France","Tokyo, Japan",35,41,50,12,10,320,370,450,110,94,1300,1500,1800,450,380
759,"Lufkin, TX","Austin, TX","Vicksburg, MS",Shreveport,"Vancouver, Canada","San Francisco, United States","London, England","Paris, France","Tokyo, Japan",39,27,46,14,11,350,240,410,130,100,1400,970,1700,520,410
760,"Fort Worth, TX","Austin, TX","San Antonio, TX",Dallas,"Vancouver, Canada","San Francisco, United States","London, England","Paris, France","Tokyo, Japan",35,41,50,12,10,320,370,450,110,94,1300,1500,1800,450,380
761,"Fort Worth (north), TX","Austin, TX","San Marcos, TX",Dallas,"Vancouver, Canada","San Francisco, United States","London, England","Paris, France","Tokyo, Japan",35,41,50,12,10,320,370,450,110,94,1300,1500,1800,450,380
762,"Fort Worth (south), TX","Austin, TX","San Antonio, TX",Dallas,"Vancouver, Canada","San Francisco, United States","London, England","Paris, France","Tokyo, Japan",35,41,50,12,10,320,370,450,110,94,1300,1500,1800,450,380
763,"Wichita Falls, TX","Dallas, TX","Amarillo, TX",Dallas,"Vancouver, Canada","San Francisco, United States","London, England","Paris, France","Tokyo, Japan",35,41,50,12,10,320,370,450,110,94,1300,1500,1800,450,380
764,"Stephenville, TX","Austin, TX","Houston, TX",Dallas,"Vancouver, Canada","San Francisco, United States","London, England","Paris, France","Tokyo, Japan",35,41,50,12,10,320,370,450,110,94,1300,1500,1800,450,380
765,"Temple / Waco, TX","Austin, TX","Galveston Island, TX",Dallas,"Vancouver, Canada","San Francisco, United States","London, England","Paris, France","Tokyo, Japan",35,41,50,12,10,320,370,450,110,94,1300,1500,1800,450,380
766,"Waco, TX","Austin, TX","Galveston Island, TX",Dallas,"Vancouver, Canada","San Francisco, United States","London, England","Paris, France","Tokyo, Japan",35,41,50,12,10,320,370,450,110,94,1300,1500,1800,450,380
767,"Waco (south), TX","Austin, TX","Galveston Island, TX",Austin,"Vancouver, Canada","San Francisco, United States","London, England","Paris, France","Tokyo, Japan",33,41,50,12,11,300,370,450,110,99,1200,1500,1800,420,400
768,"Brownwood / San Angelo, TX","Austin, TX","Dallas, TX",Midland,"Vancouver, Canada","San Francisco, United States","London, England","Paris, France","Tokyo, Japan",35,41,51,11,9,320,370,470,100,81,1300,1500,1900,400,320
769,"San Angelo, TX","Austin, TX","Big Bend NP, TX",Midland,"Toronto, Canada","New York City, United States","London, England","Paris, France","Tokyo, Japan",35,41,51,10,11,320,370,470,94,100,1300,1500,1900,370,410
770,"Houston, TX","Austin, TX","Dallas, TX",Houston,"Vancouver, Canada","San Francisco, United States","London, England","Paris, France","Tokyo, Japan",32,41,46,14,12,290,370,420,130,110,1200,1500,1700,500,420
771,"Houston (east), TX","Austin, TX","Dallas, TX",Houston,"Vancouver, Canada","San Francisco, United States","London, England","Paris, France","Tokyo, Japan",32,41,46,14,12,290,370,420,130,110,1200,1500,1700,500,420
772,"Houston (south), TX","Austin, TX","Dallas, TX",Houston,"Vancouver, Canada","San Francisco, United States","London, England","Paris, France","Tokyo, Japan",32,41,46,14,12,290,370,420,130,110,1200,1500,1700,500,420
773,"Galveston, TX","Austin, TX","San Antonio, TX",Houston,"Vancouver, Canada","San Francisco, United States","London, England","Paris, France","Tokyo, Japan",32,41,46,14,12,290,370,420,130,110,1200,1500,1700,500,420
774,"Baytown, TX","Austin, TX","Fredericksburg, TX",Houston,"Vancouver, Canada","San Francisco, United States","London, England","Paris, France","Tokyo, Japan",32,41,46,14,12,290,370,420,130,110,1200,1500,1700,500,420
775,"Houston (NW), TX","Austin, TX","Dallas, TX",Houston,"Vancouver, Canada","San Francisco, United States","London, England","Paris, France","Tokyo, Japan",32,41,46,14,12,290,370,420,130,110,1200,1500,1700,500,420
776,"Beaumont, TX","Austin, TX","San Marcos, TX",Houston,"Vancouver, Canada","San Francisco, United States","London, England","Paris, France","Tokyo, Japan",32,41,46,14,12,290,370,420,130,110,1200,1500,1700,500,420
777,"Beaumont (north), TX","Austin, TX","San Marcos, TX",Houston,"Vancouver, Canada","San Francisco, United States","London, England","Paris, France","Tokyo, Japan",32,41,46,14,12,290,370,420,130,110,1200,1500,1700,500,420
778,"Bryan / College Station, TX","Austin, TX","Abilene, TX",Houston,"Vancouver, Canada","San Francisco, United States","London, England","Paris, France","Tokyo, Japan",32,41,46,14,12,290,370,420,130,110,1200,1500,1700,500,420
779,"Victoria, TX","Austin, TX","South Padre Island, TX",Corpus Christi,"Vancouver, Canada","San Francisco, United States","London, England","Paris, France","Tokyo, Japan",36,38,47,13,11,330,340,430,120,100,1300,1400,1700,470,400
780,"San Antonio, TX","Austin, TX","Galveston Island, TX",Austin,"Vancouver, Canada","San Francisco, United States","London, England","Paris, France","Tokyo, Japan",33,41,50,12,11,300,370,450,110,99,1200,1500,1800,420,400
781,"San Antonio (north), TX","Austin, TX","Galveston Island, TX",Austin,"Vancouver, Canada","San Francisco, United States","London, England","Paris, France","Tokyo, Japan",33,41,50,12,11,300,370,450,110,99,1200,1500,1800,420,400
782,"San Antonio (south), TX","Austin, TX","South Padre Island, TX",Austin,"Vancouver, Canada","San Francisco, United States","London, England","Paris, France","Tokyo, Japan",33,41,50,12,11,300,370,450,110,99,1200,1500,1800,420,400
783,"Corpus Christi, TX","Austin, TX","Fredericksburg, TX",Corpus Christi,"Vancouver, Canada","San Francisco, United States","London, England","Paris, France","Tokyo, Japan",36,38,47,13,11,330,340,430,120,100,1300,1400,1700,470,400
784,"Corpus Christi (south), TX","Austin, TX","Fredericksburg, TX",Corpus Christi,"Vancouver, Canada","San Francisco, United States","London, England","Paris, France","Tokyo, Japan",36,38,47,13,11,330,340,430,120,100,1300,1400,1700,470,400
785,"McAllen / Harlingen, TX","San Antonio, TX","Corpus Christi, TX",McAllen,"Vancouver, Canada","San Francisco, United States","London, England","Paris, France","Tokyo, Japan",36,33,56,14,11,320,300,500,120,100,1300,1200,2000,490,410
786,"Austin, TX","San Antonio, TX","Abilene, TX",Austin,"Vancouver, Canada","San Francisco, United States","London, England","Paris, France","Tokyo, Japan",33,41,50,12,11,300,370,450,110,99,1200,1500,1800,420,400
787,"Austin (north), TX","San Antonio, TX","Galveston Island, TX",Austin,"Vancouver, Canada","San Francisco, United States","London, England","Paris, France","Tokyo, Japan",33,41,50,12,11,300,370,450,110,99,1200,1500,1800,420,400
788,"Austin (south), TX","San Antonio, TX","Abilene, TX",Austin,"Vancouver, Canada","San Francisco, United States","London, England","Paris, France","Tokyo, Japan",33,41,50,12,11,300,370,450,110,99,1200,1500,1800,420,400
789,"Georgetown / Round Rock, TX","Austin, TX","Corpus Christi, TX",Austin,"Vancouver, Canada","San Francisco, United States","London, England","Paris, France","Tokyo, Japan",33,41,50,12,11,300,370,450,110,99,1200,1500,1800,420,400
790,"Amarillo, TX","Santa Fe, NM","Abilene, TX",Amarillo,"Toronto, Canada","New York City, United States","London, England","Paris, France","Tokyo, Japan",34,34,41,9.5,10,310,310,370,86,93,1200,1200,1500,340,370
791,"Amarillo (east), TX","Taos, NM","Oklahoma City, OK",Amarillo,"Toronto, Canada","New York City, United States","London, England","Paris, France","Tokyo, Japan",34,34,41,9.5,10,310,310,370,86,93,1200,1200,1500,340,370
792,"Childress / Pampa, TX","Dallas, TX","Midland / Odessa, TX",Amarillo,"Vancouver, Canada","San Francisco, United States","London, England","Paris, France","Tokyo, Japan",34,34,41,9.8,7.5,310,310,370,88,68,1200,1200,1500,350,270
793,"Lubbock, TX","Carlsbad Caverns NP, NM","Abilene, TX",Lubbock,"Toronto, Canada","New York City, United States","London, England","Paris, France","Tokyo, Japan",39,37,49,10,11,350,340,440,93,98,1400,1300,1800,370,390
794,"Lubbock (east), TX","Carlsbad Caverns NP, NM","Abilene, TX",Lubbock,"Toronto, Canada","New York City, United States","London, England","Paris, France","Tokyo, Japan",39,37,49,10,11,350,340,440,93,98,1400,1300,1800,370,390
795,"Abilene, TX","Austin, TX","Amarillo, TX",Lubbock,"Vancouver, Canada","San Francisco, United States","London, England","Paris, France","Tokyo, Japan",39,37,49,11,7.4,350,340,440,97,67,1400,1300,1800,390,270
796,"Abilene (north), TX","Austin, TX","Oklahoma City, OK",Lubbock,"Vancouver, Canada","San Francisco, United States","London, England","Paris, France","Tokyo, Japan",39,37,49,11,7.4,350,340,440,97,67,1400,1300,1800,390,270
797,"Midland, TX","Carlsbad Caverns NP, NM","Fredericksburg, TX",Midland,"Toronto, Canada","New York City, United States","London, England","Paris, France","Tokyo, Japan",35,41,51,10,11,320,370,470,94,100,1300,1500,1900,370,410
798,"Odessa, TX","White Sands NM, NM","Amarillo, TX",Midland,"Toronto, Canada","New York City, United States","London, England","Paris, France","Tokyo, Japan",35,41,51,10,11,320,370,470,94,100,1300,1500,1900,370,410
799,"El Paso, TX","White Sands NM, NM","Albuquerque, NM",El Paso,"Toronto, Canada","New York City, United States","London, England","Paris, France","Tokyo, Japan",45,49,42,12,13,410,440,380,110,120,1600,1800,1500,420,490
800,"Denver, CO","Rocky Mountain NP, CO","Taos, NM",Denver,"Toronto, Canada","New York City, United States","London, England","Paris, France","Tokyo, Japan",32,32,36,10,11,290,290,320,94,98,1200,1100,1300,380,390
801,"Denver (north), CO","Rocky Mountain NP, CO","Telluride, CO",Denver,"Toronto, Canada","New York City, United States","London, England","Paris, France","Tokyo, Japan",32,32,36,10,11,290,290,320,94,98,1200,1100,1300,380,390
802,"Denver (south), CO","Rocky Mountain NP, CO","Taos, NM",Denver,"Toronto, Canada","New York City, United States","London, England","Paris, France","Tokyo, Japan",32,32,36,10,11,290,290,320,94,98,1200,1100,1300,380,390
803,"Denver metro, CO","Rocky Mountain NP, CO","Taos, NM",Denver,"Toronto, Canada","New York City, United States","London, England","Paris, France","Tokyo, Japan",32,32,36,10,11,290,290,320,94,98,1200,1100,1300,380,390
804,"Denver (east), CO","Rocky Mountain NP, CO","Taos, NM",Denver,"Toronto, Canada","New York City, United States","London, England","Paris, France","Tokyo, Japan",32,32,36,10,11,290,290,320,94,98,1200,1100,1300,380,390
805,"Longmont / Boulder, CO","Rocky Mountain NP, CO","Telluride, CO",Denver,"Toronto, Canada","New York City, United States","London, England","Paris, France","Tokyo, Japan",32,32,36,10,11,290,290,320,94,98,1200,1100,1300,380,390
806,"Greeley, CO","Rocky Mountain NP, CO","Telluride, CO",Denver,"Toronto, Canada","New York City, United States","London, England","Paris, France","Tokyo, Japan",32,32,36,10,11,290,290,320,94,98,1200,1100,1300,380,390
807,"Fort Collins, CO","Rocky Mountain NP, CO","Crazy Horse Memorial, SD",Denver,"Toronto, Canada","New York City, United States","London, England","Paris, France","Tokyo, Japan",32,32,36,10,11,290,290,320,94,98,1200,1100,1300,380,390
808,"Colorado Springs, CO","Rocky Mountain NP, CO","Mesa Verde NP, CO",Denver,"Toronto, Canada","New York City, United States","London, England","Paris, France","Tokyo, Japan",32,32,36,10,11,290,290,320,94,98,1200,1100,1300,380,390
809,"Colorado Springs (south), CO","Rocky Mountain NP, CO","Mesa Verde NP, CO",Denver,"Toronto, Canada","New York City, United States","London, England","Paris, France","Tokyo, Japan",32,32,36,10,11,290,290,320,94,98,1200,1100,1300,380,390
810,"Pueblo, CO","Rocky Mountain NP, CO","Mesa Verde NP, CO",Colorado Springs,"Toronto, Canada","New York City, United States","London, England","Paris, France","Tokyo, Japan",33,37,38,9.9,12,300,340,350,90,100,1200,1300,1400,360,420
811,"Alamosa / Trinidad, CO","Rocky Mountain NP, CO","Monument Valley, AZ/UT",Colorado Springs,"Toronto, Canada","New York City, United States","London, England","Paris, France","Tokyo, Japan",33,37,38,9.9,12,300,340,350,90,100,1200,1300,1400,360,420
812,"Durango, CO","Bryce Canyon NP, UT","Denver, CO",Grand Junction,"Toronto, Canada","New York City, United States","London, England","Paris, France","Tokyo, Japan",40,39,44,12,12,360,360,400,110,110,1400,1400,1600,420,450
813,"Grand Junction, CO","Rocky Mountain NP, CO","Bryce Canyon NP, UT",Grand Junction,"Toronto, Canada","New York City, United States","London, England","Paris, France","Tokyo, Japan",40,39,44,12,12,360,360,400,110,110,1400,1400,1600,420,450
814,"Glenwood Springs / Aspen, CO","Rocky Mountain NP, CO","Park City, UT",Grand Junction,"Toronto, Canada","New York City, United States","London, England","Paris, France","Tokyo, Japan",40,39,44,12,12,360,360,400,110,110,1400,1400,1600,420,450
815,"Steamboat Springs / Craig, CO","Rocky Mountain NP, CO","Moab, UT",Denver,"Toronto, Canada","New York City, United States","London, England","Paris, France","Tokyo, Japan",32,32,36,10,11,290,290,320,94,98,1200,1100,1300,380,390
816,"Grand Junction area, CO","Rocky Mountain NP, CO","Bryce Canyon NP, UT",Grand Junction,"Toronto, Canada","New York City, United States","London, England","Paris, France","Tokyo, Japan",40,39,44,12,12,360,360,400,110,110,1400,1400,1600,420,450
820,"Cheyenne, WY","Rocky Mountain NP, CO","Badlands NP, SD",Denver,"Toronto, Canada","New York City, United States","London, England","Paris, France","Tokyo, Japan",32,32,36,10,11,290,290,320,94,98,1200,1100,1300,380,390
821,"Wheatland, WY","Rocky Mountain NP, CO","Aspen, CO",Casper,"Toronto, Canada","New York City, United States","London, England","Paris, France","Tokyo, Japan",33,24,46,9.7,12,290,220,420,88,110,1200,860,1700,350,450
822,"Sheridan, WY","Yellowstone NP, WY","Badlands NP, SD",Billings,"Toronto, Canada","New York City, United States","London, England","Paris, France","Tokyo, Japan",31,29,45,9.1,12,280,260,400,82,110,1100,1000,1600,330,440
823,"Rawlins, WY","Rocky Mountain NP, CO","Park City, UT",Casper,"Toronto, Canada","New York City, United States","London, England","Paris, France","Tokyo, Japan",33,24,46,9.7,12,290,220,420,88,110,1200,860,1700,350,450
824,"Worland, WY","Yellowstone NP, WY","Pocatello, ID",Casper,"Toronto, Canada","New York City, United States","London, England","Paris, France","Tokyo, Japan",33,24,46,9.7,12,290,220,420,88,110,1200,860,1700,350,450
825,"Riverton, WY","Rocky Mountain NP, CO","Salt Lake City, UT",Casper,"Toronto, Canada","New York City, United States","London, England","Paris, France","Tokyo, Japan",33,24,46,9.7,12,290,220,420,88,110,1200,860,1700,350,450
826,"Casper, WY","Rocky Mountain NP, CO","Grand Teton NP, WY",Casper,"Toronto, Canada","New York City, United States","London, England","Paris, France","Tokyo, Japan",33,24,46,9.7,12,290,220,420,88,110,1200,860,1700,350,450
827,"Casper (east), WY","Rocky Mountain NP, CO","Jackson Hole, WY",Casper,"Toronto, Canada","New York City, United States","London, England","Paris, France","Tokyo, Japan",33,24,46,9.7,12,290,220,420,88,110,1200,860,1700,350,450
828,"Cody, WY","Yellowstone NP, WY","Great Falls, MT",Billings,"Toronto, Canada","New York City, United States","London, England","Paris, France","Tokyo, Japan",31,29,45,9.1,12,280,260,400,82,110,1100,1000,1600,330,440
829,"Rock Springs, WY","Rocky Mountain NP, CO","Yellowstone NP, WY",Salt Lake City,"Toronto, Canada","New York City, United States","London, England","Paris, France","Tokyo, Japan",46,41,42,13,12,420,370,380,120,110,1700,1500,1500,460,450
830,"Rock Springs (west), WY","Rocky Mountain NP, CO","Yellowstone NP, WY",Salt Lake City,"Toronto, Canada","New York City, United States","London, England","Paris, France","Tokyo, Japan",46,41,42,13,12,420,370,380,120,110,1700,1500,1500,460,450
831,"Laramie, WY","Rocky Mountain NP, CO","Badlands NP, SD",Denver,"Toronto, Canada","New York City, United States","London, England","Paris, France","Tokyo, Japan",32,32,36,10,11,290,290,320,94,98,1200,1100,1300,380,390
832,"Pocatello, ID","Yellowstone NP, WY","Beartooth Highway, MT",Jackson,"Toronto, Canada","New York City, United States","London, England","Paris, France","Tokyo, Japan",37,31,37,11,16,340,280,340,99,150,1300,1100,1300,390,600
833,"Twin Falls, ID","Grand Teton NP, WY","Provo / Utah Valley, UT",Boise,"Toronto, Canada","New York City, United States","London, England","Paris, France","Tokyo, Japan",40,35,46,13,14,360,320,420,120,130,1400,1300,1700,470,510
834,"Boise, ID","Sun Valley, ID","Lolo Hot Springs, MT",Boise,"Toronto, Canada","New York City, United States","London, England","Paris, France","Tokyo, Japan",40,35,46,13,14,360,320,420,120,130,1400,1300,1700,470,510
835,"Lewiston, ID","Glacier NP, MT","Helena, MT",Missoula,"Toronto, Canada","New York City, United States","London, England","Paris, France","Tokyo, Japan",33,35,30,11,14,300,320,270,96,130,1200,1300,1100,380,510
836,"Boise (south), ID","Sun Valley, ID","Lolo Hot Springs, MT",Boise,"Toronto, Canada","New York City, United States","London, England","Paris, France","Tokyo, Japan",40,35,46,13,14,360,320,420,120,130,1400,1300,1700,470,510
837,"Boise (north), ID","Sun Valley, ID","Butte, MT",Boise,"Toronto, Canada","New York City, United States","London, England","Paris, France","Tokyo, Japan",40,35,46,13,14,360,320,420,120,130,1400,1300,1700,470,510
838,"Coeur d'Alene, ID","Glacier NP, MT","Mount Rainier NP, WA",Kalispell,"Toronto, Canada","New York City, United States","London, England","Paris, France","Tokyo, Japan",37,31,37,11,15,340,280,330,100,130,1400,1100,1300,410,530
840,"Salt Lake City, UT","Grand Teton NP, WY","Sun Valley, ID",Salt Lake City,"Toronto, Canada","New York City, United States","London, England","Paris, France","Tokyo, Japan",46,41,42,13,12,420,370,380,120,110,1700,1500,1500,460,450
841,"Salt Lake City (south), UT","Grand Teton NP, WY","Bryce Canyon NP, UT",Salt Lake City,"Toronto, Canada","New York City, United States","London, England","Paris, France","Tokyo, Japan",46,41,42,13,12,420,370,380,120,110,1700,1500,1500,460,450
842,"Ogden, UT","Grand Teton NP, WY","Moab, UT",Salt Lake City,"Toronto, Canada","New York City, United States","London, England","Paris, France","Tokyo, Japan",46,41,42,13,12,420,370,380,120,110,1700,1500,1500,460,450
843,"Ogden (north), UT","Yellowstone NP, WY","Moab, UT",Salt Lake City,"Toronto, Canada","New York City, United States","London, England","Paris, France","Tokyo, Japan",46,41,42,13,12,420,370,380,120,110,1700,1500,1500,460,450
844,"Provo / Orem, UT","Zion NP, UT","Jackson Hole, WY",Salt Lake City,"Toronto, Canada","New York City, United States","London, England","Paris, France","Tokyo, Japan",46,41,42,13,12,420,370,380,120,110,1700,1500,1500,460,450
845,"Price / Castle Dale, UT","Zion NP, UT","Vail, CO",Salt Lake City,"Toronto, Canada","New York City, United States","London, England","Paris, France","Tokyo, Japan",46,41,42,13,12,420,370,380,120,110,1700,1500,1500,460,450
846,"Logan, UT","Yellowstone NP, WY","Cody, WY",Salt Lake City,"Toronto, Canada","New York City, United States","London, England","Paris, France","Tokyo, Japan",46,41,42,13,12,420,370,380,120,110,1700,1500,1500,460,450
847,"Saint George, UT","Zion NP, UT","Monument Valley, AZ/UT",Las Vegas,"Toronto, Canada","New York City, United States","London, England","Paris, France","Tokyo, Japan",34,36,44,14,15,310,330,400,120,130,1200,1300,1600,500,530
850,"Phoenix, AZ","Grand Canyon NP, AZ","Silver City, NM",Phoenix,"Toronto, Canada","New York City, United States","London, England","Paris, France","Tokyo, Japan",35,43,40,13,14,310,390,360,120,120,1300,1600,1500,490,490
851,"Phoenix (east), AZ","Grand Canyon NP, AZ","Joshua Tree NP, CA",Phoenix,"Toronto, Canada","New York City, United States","London, England","Paris, France","Tokyo, Japan",35,43,40,13,14,310,390,360,120,120,1300,1600,1500,490,490
852,"Phoenix (south), AZ","Grand Canyon NP, AZ","Silver City, NM",Phoenix,"Toronto, Canada","New York City, United States","London, England","Paris, France","Tokyo, Japan",35,43,40,13,14,310,390,360,120,120,1300,1600,1500,490,490
853,"Phoenix (NE / Scottsdale), AZ","Grand Canyon NP, AZ","Joshua Tree NP, CA",Phoenix,"Toronto, Canada","New York City, United States","London, England","Paris, France","Tokyo, Japan",35,43,40,13,14,310,390,360,120,120,1300,1600,1500,490,490
854,"Phoenix (north), AZ","Grand Canyon NP, AZ","Silver City, NM",Phoenix,"Toronto, Canada","New York City, United States","London, England","Paris, France","Tokyo, Japan",35,43,40,13,14,310,390,360,120,120,1300,1600,1500,490,490
855,"Globe / Show Low, AZ","Grand Canyon NP, AZ","Mesa Verde NP, CO",Phoenix,"Toronto, Canada","New York City, United States","London, England","Paris, France","Tokyo, Japan",35,43,40,13,14,310,390,360,120,120,1300,1600,1500,490,490
856,"Tucson, AZ","Phoenix, AZ","Truth or Consequences, NM",Tucson,"Toronto, Canada","New York City, United States","London, England","Paris, France","Tokyo, Japan",38,34,47,13,15,340,310,430,110,130,1400,1200,1700,450,530
857,"Tucson (south), AZ","Phoenix, AZ","Truth or Consequences, NM",Tucson,"Toronto, Canada","New York City, United States","London, England","Paris, France","Tokyo, Japan",38,34,47,13,15,340,310,430,110,130,1400,1200,1700,450,530
859,"Prescott, AZ","Zion NP, UT","Palm Springs, CA",Phoenix,"Toronto, Canada","New York City, United States","London, England","Paris, France","Tokyo, Japan",35,43,40,13,14,310,390,360,120,120,1300,1600,1500,490,490
860,"Flagstaff, AZ","Zion NP, UT","Mesa Verde NP, CO",Phoenix,"Toronto, Canada","New York City, United States","London, England","Paris, France","Tokyo, Japan",35,43,40,13,14,310,390,360,120,120,1300,1600,1500,490,490
863,"Phoenix (west), AZ","Grand Canyon NP, AZ","Joshua Tree NP, CA",Phoenix,"Toronto, Canada","New York City, United States","London, England","Paris, France","Tokyo, Japan",35,43,40,13,14,310,390,360,120,120,1300,1600,1500,490,490
864,"Yuma, AZ","Joshua Tree NP, CA","Sedona, AZ",Palm Springs,"Toronto, Canada","New York City, United States","London, England","Paris, France","Tokyo, Japan",35,31,33,17,20,320,280,300,160,180,1300,1100,1200,630,710
865,"Kingman / Lake Havasu City, AZ","Zion NP, UT","San Diego, CA",Las Vegas,"Toronto, Canada","New York City, United States","London, England","Paris, France","Tokyo, Japan",34,36,44,14,15,310,330,400,120,130,1200,1300,1600,500,530
870,"Albuquerque, NM","Mesa Verde NP, CO","Carlsbad Caverns NP, NM",Albuquerque,"Toronto, Canada","New York City, United States","London, England","Paris, France","Tokyo, Japan",38,27,32,9.6,13,340,250,290,86,110,1400,980,1100,350,450
871,"Albuquerque (north), NM","Mesa Verde NP, CO","El Paso, TX",Albuquerque,"Toronto, Canada","New York City, United States","London, England","Paris, France","Tokyo, Japan",38,27,32,9.6,13,340,250,290,86,110,1400,980,1100,350,450
872,"Albuquerque (south), NM","Mesa Verde NP, CO","Monument Valley, AZ/UT",Albuquerque,"Toronto, Canada","New York City, United States","London, England","Paris, France","Tokyo, Japan",38,27,32,9.6,13,340,250,290,86,110,1400,980,1100,350,450
873,"Albuquerque (east), NM","Mesa Verde NP, CO","Carlsbad Caverns NP, NM",Albuquerque,"Toronto, Canada","New York City, United States","London, England","Paris, France","Tokyo, Japan",38,27,32,9.6,13,340,250,290,86,110,1400,980,1100,350,450
874,"Santa Fe, NM","Mesa Verde NP, CO","Las Cruces, NM",Albuquerque,"Toronto, Canada","New York City, United States","London, England","Paris, France","Tokyo, Japan",38,27,32,9.6,13,340,250,290,86,110,1400,980,1100,350,450
875,"Albuquerque (NE), NM","Mesa Verde NP, CO","Carlsbad Caverns NP, NM",Albuquerque,"Toronto, Canada","New York City, United States","London, England","Paris, France","Tokyo, Japan",38,27,32,9.6,13,340,250,290,86,110,1400,980,1100,350,450
877,"Albuquerque (west), NM","Mesa Verde NP, CO","El Paso, TX",Albuquerque,"Toronto, Canada","New York City, United States","London, England","Paris, France","Tokyo, Japan",38,27,32,9.6,13,340,250,290,86,110,1400,980,1100,350,450
878,"Socorro, NM","Mesa Verde NP, CO","Carlsbad Caverns NP, NM",Albuquerque,"Toronto, Canada","New York City, United States","London, England","Paris, France","Tokyo, Japan",38,27,32,9.6,13,340,250,290,86,110,1400,980,1100,350,450
879,"Las Cruces, NM","White Sands NM, NM","Santa Fe, NM",El Paso,"Toronto, Canada","New York City, United States","London, England","Paris, France","Tokyo, Japan",45,49,42,12,13,410,440,380,110,120,1600,1800,1500,420,490
880,"Las Cruces (east), NM","White Sands NM, NM","Santa Fe, NM",El Paso,"Toronto, Canada","New York City, United States","London, England","Paris, France","Tokyo, Japan",45,49,42,12,13,410,440,380,110,120,1600,1800,1500,420,490
881,"Roswell, NM","White Sands NM, NM","Silver City, NM",El Paso,"Toronto, Canada","New York City, United States","London, England","Paris, France","Tokyo, Japan",45,49,42,12,13,410,440,380,110,120,1600,1800,1500,420,490
882,"Artesia / Carlsbad, NM","White Sands NM, NM","Big Bend NP, TX",El Paso,"Toronto, Canada","New York City, United States","London, England","Paris, France","Tokyo, Japan",45,49,42,12,13,410,440,380,110,120,1600,1800,1500,420,490
883,"Lordsburg / Deming, NM","Phoenix, AZ","Albuquerque, NM",Tucson,"Toronto, Canada","New York City, United States","London, England","Paris, France","Tokyo, Japan",38,34,47,13,15,340,310,430,110,130,1400,1200,1700,450,530
884,"Gallup, NM","Grand Canyon NP, AZ","Phoenix, AZ",Albuquerque,"Toronto, Canada","New York City, United States","London, England","Paris, France","Tokyo, Japan",38,27,32,9.6,13,340,250,290,86,110,1400,980,1100,350,450
885,"El Paso (east), TX","White Sands NM, NM","Albuquerque, NM",El Paso,"Toronto, Canada","New York City, United States","London, England","Paris, France","Tokyo, Japan",45,49,42,12,13,410,440,380,110,120,1600,1800,1500,420,490
889,"Las Vegas, NV","Zion NP, UT","Sedona, AZ",Las Vegas,"Toronto, Canada","New York City, United States","London, England","Paris, France","Tokyo, Japan",34,36,44,14,15,310,330,400,120,130,1200,1300,1600,500,530
890,"Las Vegas (south), NV","Zion NP, UT","Sedona, AZ",Las Vegas,"Toronto, Canada","New York City, United States","London, England","Paris, France","Tokyo, Japan",34,36,44,14,15,310,330,400,120,130,1200,1300,1600,500,530
891,"Las Vegas (north), NV","Zion NP, UT","Sedona, AZ",Las Vegas,"Toronto, Canada","New York City, United States","London, England","Paris, France","Tokyo, Japan",34,36,44,14,15,310,330,400,120,130,1200,1300,1600,500,530
893,"Reno, NV","Yosemite NP, CA","Monterey / Carmel, CA",Reno,"Toronto, Canada","New York City, United States","London, England","Paris, France","Tokyo, Japan",31,45,33,15,17,280,410,300,140,160,1100,1600,1200,540,630
894,"Reno (north), NV","Yosemite NP, CA","Monterey / Carmel, CA",Reno,"Toronto, Canada","New York City, United States","London, England","Paris, France","Tokyo, Japan",31,45,33,15,17,280,410,300,140,160,1100,1600,1200,540,630
895,"Reno (south), NV","Yosemite NP, CA","Monterey / Carmel, CA",Reno,"Toronto, Canada","New York City, United States","London, England","Paris, France","Tokyo, Japan",31,45,33,15,17,280,410,300,140,160,1100,1600,1200,540,630
897,"Carson City, NV","Yosemite NP, CA","Big Sur, CA",Reno,"Toronto, Canada","New York City, United States","London, England","Paris, France","Tokyo, Japan",31,45,33,15,17,280,410,300,140,160,1100,1600,1200,540,630
898,"Elko, NV","Park City, UT","Reno, NV",Boise,"Toronto, Canada","New York City, United States","London, England","Paris, France","Tokyo, Japan",40,35,46,13,14,360,320,420,120,130,1400,1300,1700,470,510
900,"Los Angeles, CA","Joshua Tree NP, CA","Las Vegas, NV",Los Angeles,"Toronto, Canada","New York City, United States","London, England","Paris, France","Tokyo, Japan",45,46,37,15,22,400,420,330,140,200,1600,1700,1300,550,810
901,"Los Angeles (south), CA","Joshua Tree NP, CA","Las Vegas, NV",Los Angeles,"Toronto, Canada","New York City, United States","London, England","Paris, France","Tokyo, Japan",45,46,37,15,22,400,420,330,140,200,1600,1700,1300,550,810
902,"Inglewood / Hawthorne, CA","Joshua Tree NP, CA","Las Vegas, NV",Los Angeles,"Toronto, Canada","New York City, United States","London, England","Paris, France","Tokyo, Japan",45,46,37,15,22,400,420,330,140,200,1600,1700,1300,550,810
903,"Long Beach, CA","Joshua Tree NP, CA","Fresno / Sequoia gateway, CA",Los Angeles,"Toronto, Canada","New York City, United States","London, England","Paris, France","Tokyo, Japan",45,46,37,15,22,400,420,330,140,200,1600,1700,1300,550,810
904,"Santa Monica, CA","Joshua Tree NP, CA","Fresno / Sequoia gateway, CA",Los Angeles,"Toronto, Canada","New York City, United States","London, England","Paris, France","Tokyo, Japan",45,46,37,15,22,400,420,330,140,200,1600,1700,1300,550,810
905,"Torrance / Palos Verdes, CA","Joshua Tree NP, CA","Fresno / Sequoia gateway, CA",Los Angeles,"Toronto, Canada","New York City, United States","London, England","Paris, France","Tokyo, Japan",45,46,37,15,22,400,420,330,140,200,1600,1700,1300,550,810
906,"Compton / Watts, CA","Joshua Tree NP, CA","Las Vegas, NV",Los Angeles,"Toronto, Canada","New York City, United States","London, England","Paris, France","Tokyo, Japan",45,46,37,15,22,400,420,330,140,200,1600,1700,1300,550,810
907,"El Monte / Covina, CA","Joshua Tree NP, CA","Las Vegas, NV",Los Angeles,"Toronto, Canada","New York City, United States","London, England","Paris, France","Tokyo, Japan",45,46,37,15,22,400,420,330,140,200,1600,1700,1300,550,810
908,"Long Beach (east), CA","Joshua Tree NP, CA","Las Vegas, NV",Los Angeles,"Toronto, Canada","New York City, United States","London, England","Paris, France","Tokyo, Japan",45,46,37,15,22,400,420,330,140,200,1600,1700,1300,550,810
910,"Pasadena, CA","Joshua Tree NP, CA","Las Vegas, NV",Los Angeles,"Toronto, Canada","New York City, United States","London, England","Paris, France","Tokyo, Japan",45,46,37,15,22,400,420,330,140,200,1600,1700,1300,550,810
911,"Pasadena (east), CA","Joshua Tree NP, CA","Las Vegas, NV",Los Angeles,"Toronto, Canada","New York City, United States","London, England","Paris, France","Tokyo, Japan",45,46,37,15,22,400,420,330,140,200,1600,1700,1300,550,810
912,"Glendale, CA","Joshua Tree NP, CA","Las Vegas, NV",Los Angeles,"Toronto, Canada","New York City, United States","London, England","Paris, France","Tokyo, Japan",45,46,37,15,22,400,420,330,140,200,1600,1700,1300,550,810
913,"Burbank, CA","Joshua Tree NP, CA","Las Vegas, NV",Los Angeles,"Toronto, Canada","New York City, United States","London, England","Paris, France","Tokyo, Japan",45,46,37,15,22,400,420,330,140,200,1600,1700,1300,550,810
914,"Van Nuys / San Fernando Valley, CA","Joshua Tree NP, CA","Big Sur, CA",Los Angeles,"Toronto, Canada","New York City, United States","London, England","Paris, France","Tokyo, Japan",45,46,37,15,22,400,420,330,140,200,1600,1700,1300,550,810
915,"Van Nuys (east), CA","Joshua Tree NP, CA","Las Vegas, NV",Los Angeles,"Toronto, Canada","New York City, United States","London, England","Paris, France","Tokyo, Japan",45,46,37,15,22,400,420,330,140,200,1600,1700,1300,550,810
916,"North Hollywood, CA","Joshua Tree NP, CA","Las Vegas, NV",Los Angeles,"Toronto, Canada","New York City, United States","London, England","Paris, France","Tokyo, Japan",45,46,37,15,22,400,420,330,140,200,1600,1700,1300,550,810
917,"San Gabriel Valley, CA","Joshua Tree NP, CA","Las Vegas, NV",Los Angeles,"Toronto, Canada","New York City, United States","London, England","Paris, France","Tokyo, Japan",45,46,37,15,22,400,420,330,140,200,1600,1700,1300,550,810
918,"San Bernardino area, CA","Joshua Tree NP, CA","Fresno / Sequoia gateway, CA",Los Angeles,"Toronto, Canada","New York City, United States","London, England","Paris, France","Tokyo, Japan",45,46,37,15,22,400,420,330,140,200,1600,1700,1300,550,810
919,"San Diego, CA","Joshua Tree NP, CA","Santa Barbara, CA",San Diego,"Toronto, Canada","New York City, United States","London, England","Paris, France","Tokyo, Japan",50,51,46,16,16,460,460,420,140,140,1800,1800,1700,570,570
920,"San Diego (north), CA","Joshua Tree NP, CA","Santa Barbara, CA",San Diego,"Toronto, Canada","New York City, United States","London, England","Paris, France","Tokyo, Japan",50,51,46,16,16,460,460,420,140,140,1800,1800,1700,570,570
921,"San Diego (south), CA","Joshua Tree NP, CA","Santa Barbara, CA",San Diego,"Toronto, Canada","New York City, United States","London, England","Paris, France","Tokyo, Japan",50,51,46,16,16,460,460,420,140,140,1800,1800,1700,570,570
922,"San Bernardino, CA","Joshua Tree NP, CA","Fresno / Sequoia gateway, CA",Los Angeles,"Toronto, Canada","New York City, United States","London, England","Paris, France","Tokyo, Japan",45,46,37,15,22,400,420,330,140,200,1600,1700,1300,550,810
923,"San Bernardino (east), CA","Joshua Tree NP, CA","Fresno / Sequoia gateway, CA",Los Angeles,"Toronto, Canada","New York City, United States","London, England","Paris, France","Tokyo, Japan",45,46,37,15,22,400,420,330,140,200,1600,1700,1300,550,810
924,"Palm Springs / Riverside, CA","Joshua Tree NP, CA","Phoenix, AZ",San Diego,"Toronto, Canada","New York City, United States","London, England","Paris, France","Tokyo, Japan",50,51,46,16,16,460,460,420,140,140,1800,1800,1700,570,570
925,"Riverside, CA","Joshua Tree NP, CA","Fresno / Sequoia gateway, CA",Los Angeles,"Toronto, Canada","New York City, United States","London, England","Paris, France","Tokyo, Japan",45,46,37,15,22,400,420,330,140,200,1600,1700,1300,550,810
926,"Santa Ana / Anaheim, CA","Joshua Tree NP, CA","Fresno / Sequoia gateway, CA",Los Angeles,"Toronto, Canada","New York City, United States","London, England","Paris, France","Tokyo, Japan",45,46,37,15,22,400,420,330,140,200,1600,1700,1300,550,810
927,"Santa Ana (south), CA","Joshua Tree NP, CA","Las Vegas, NV",Los Angeles,"Toronto, Canada","New York City, United States","London, England","Paris, France","Tokyo, Japan",45,46,37,15,22,400,420,330,140,200,1600,1700,1300,550,810
928,"Orange County (south), CA","Joshua Tree NP, CA","Las Vegas, NV",Los Angeles,"Toronto, Canada","New York City, United States","London, England","Paris, France","Tokyo, Japan",45,46,37,15,22,400,420,330,140,200,1600,1700,1300,550,810
930,"Oxnard / Ventura, CA","Joshua Tree NP, CA","Monterey / Carmel, CA",Los Angeles,"Toronto, Canada","New York City, United States","London, England","Paris, France","Tokyo, Japan",45,46,37,15,22,400,420,330,140,200,1600,1700,1300,550,810
931,"Santa Barbara, CA","Yosemite NP, CA","Joshua Tree NP, CA",Los Angeles,"Toronto, Canada","New York City, United States","London, England","Paris, France","Tokyo, Japan",45,46,37,15,22,400,420,330,140,200,1600,1700,1300,550,810
932,"Bakersfield, CA","Yosemite NP, CA","Las Vegas, NV",Fresno,"Toronto, Canada","New York City, United States","London, England","Paris, France","Tokyo, Japan",35,32,32,15,20,320,290,290,140,180,1300,1200,1200,560,720
933,"Bakersfield (south), CA","Yosemite NP, CA","Las Vegas, NV",Los Angeles,"Toronto, Canada","New York City, United States","London, England","Paris, France","Tokyo, Japan",45,46,37,15,22,400,420,330,140,200,1600,1700,1300,550,810
934,"Fresno, CA","Yosemite NP, CA","Barstow / Route 66, CA",Fresno,"Toronto, Canada","New York City, United States","London, England","Paris, France","Tokyo, Japan",35,32,32,15,20,320,290,290,140,180,1300,1200,1200,560,720
935,"Fresno (south), CA","Yosemite NP, CA","Reno, NV",Fresno,"Toronto, Canada","New York City, United States","London, England","Paris, France","Tokyo, Japan",35,32,32,15,20,320,290,290,140,180,1300,1200,1200,560,720
936,"Fresno (north), CA","Yosemite NP, CA","Barstow / Route 66, CA",Fresno,"Toronto, Canada","New York City, United States","London, England","Paris, France","Tokyo, Japan",35,32,32,15,20,320,290,290,140,180,1300,1200,1200,560,720
937,"Fresno (east), CA","Yosemite NP, CA","Point Reyes NS, CA",Fresno,"Toronto, Canada","New York City, United States","London, England","Paris, France","Tokyo, Japan",35,32,32,15,20,320,290,290,140,180,1300,1200,1200,560,720
938,"Fresno (west), CA","Yosemite NP, CA","Barstow / Route 66, CA",Fresno,"Toronto, Canada","New York City, United States","London, England","Paris, France","Tokyo, Japan",35,32,32,15,20,320,290,290,140,180,1300,1200,1200,560,720
939,"Salinas / Monterey, CA","Yosemite NP, CA","Reno, NV",San Francisco,"Toronto, Canada","New York City, United States","London, England","Paris, France","Tokyo, Japan",48,44,47,15,22,440,400,430,140,200,1800,1600,1700,550,800
940,"San Francisco, CA","Yosemite NP, CA","Sequoia NP, CA",San Francisco,"Toronto, Canada","New York City, United States","London, England","Paris, France","Tokyo, Japan",48,44,47,15,22,440,400,430,140,200,1800,1600,1700,550,800
941,"San Francisco (south), CA","Yosemite NP, CA","Eureka, CA",San Francisco,"Toronto, Canada","New York City, United States","London, England","Paris, France","Tokyo, Japan",48,44,47,15,22,440,400,430,140,200,1800,1600,1700,550,800
942,"Sacramento, CA","Yosemite NP, CA","Sequoia NP, CA",San Francisco,"Toronto, Canada","New York City, United States","London, England","Paris, France","Tokyo, Japan",48,44,47,15,22,440,400,430,140,200,1800,1600,1700,550,800
943,"Palo Alto / San Mateo, CA","Yosemite NP, CA","Redding / Mt. Shasta, CA",San Francisco,"Toronto, Canada","New York City, United States","London, England","Paris, France","Tokyo, Japan",48,44,47,15,22,440,400,430,140,200,1800,1600,1700,550,800
944,"San Mateo / Redwood City, CA","Yosemite NP, CA","Redding / Mt. Shasta, CA",San Francisco,"Toronto, Canada","New York City, United States","London, England","Paris, France","Tokyo, Japan",48,44,47,15,22,440,400,430,140,200,1800,1600,1700,550,800
945,"Oakland, CA","Yosemite NP, CA","Eureka, CA",San Francisco,"Toronto, Canada","New York City, United States","London, England","Paris, France","Tokyo, Japan",48,44,47,15,22,440,400,430,140,200,1800,1600,1700,550,800
946,"Oakland (north), CA","Yosemite NP, CA","Sequoia NP, CA",San Francisco,"Toronto, Canada","New York City, United States","London, England","Paris, France","Tokyo, Japan",48,44,47,15,22,440,400,430,140,200,1800,1600,1700,550,800
947,"Berkeley / Richmond, CA","Yosemite NP, CA","Eureka, CA",San Francisco,"Toronto, Canada","New York City, United States","London, England","Paris, France","Tokyo, Japan",48,44,47,15,22,440,400,430,140,200,1800,1600,1700,550,800
948,"San Rafael / Marin County, CA","Yosemite NP, CA","Eureka, CA",San Francisco,"Toronto, Canada","New York City, United States","London, England","Paris, France","Tokyo, Japan",48,44,47,15,22,440,400,430,140,200,1800,1600,1700,550,800
949,"Santa Rosa, CA","Yosemite NP, CA","Fresno / Sequoia gateway, CA",San Francisco,"Toronto, Canada","New York City, United States","London, England","Paris, France","Tokyo, Japan",48,44,47,15,22,440,400,430,140,200,1800,1600,1700,550,800
950,"San Jose, CA","Yosemite NP, CA","Santa Barbara, CA",San Francisco,"Toronto, Canada","New York City, United States","London, England","Paris, France","Tokyo, Japan",48,44,47,15,22,440,400,430,140,200,1800,1600,1700,550,800
951,"San Jose (south), CA","Yosemite NP, CA","Redding / Mt. Shasta, CA",San Francisco,"Toronto, Canada","New York City, United States","London, England","Paris, France","Tokyo, Japan",48,44,47,15,22,440,400,430,140,200,1800,1600,1700,550,800
952,"Stockton, CA","Yosemite NP, CA","Redding / Mt. Shasta, CA",San Francisco,"Toronto, Canada","New York City, United States","London, England","Paris, France","Tokyo, Japan",48,44,47,15,22,440,400,430,140,200,1800,1600,1700,550,800
953,"Stockton (south), CA","Yosemite NP, CA","Redding / Mt. Shasta, CA",San Francisco,"Toronto, Canada","New York City, United States","London, England","Paris, France","Tokyo, Japan",48,44,47,15,22,440,400,430,140,200,1800,1600,1700,550,800
954,"Santa Rosa (north) / Petaluma, CA","Yosemite NP, CA","Fresno / Sequoia gateway, CA",San Francisco,"Toronto, Canada","New York City, United States","London, England","Paris, France","Tokyo, Japan",48,44,47,15,22,440,400,430,140,200,1800,1600,1700,550,800
955,"Eureka / Redding area, CA","Crater Lake NP, OR","San Francisco, CA",Medford,"Toronto, Canada","New York City, United States","London, England","Paris, France","Tokyo, Japan",37,34,31,14,16,330,310,280,130,140,1300,1200,1100,510,560
956,"Sacramento (north), CA","Yosemite NP, CA","Sequoia NP, CA",San Francisco,"Toronto, Canada","New York City, United States","London, England","Paris, France","Tokyo, Japan",48,44,47,15,22,440,400,430,140,200,1800,1600,1700,550,800
957,"Sacramento (east), CA","Yosemite NP, CA","Eureka, CA",San Francisco,"Toronto, Canada","New York City, United States","London, England","Paris, France","Tokyo, Japan",48,44,47,15,22,440,400,430,140,200,1800,1600,1700,550,800
958,"Sacramento (NE), CA","Yosemite NP, CA","Sequoia NP, CA",San Francisco,"Toronto, Canada","New York City, United States","London, England","Paris, France","Tokyo, Japan",48,44,47,15,22,440,400,430,140,200,1800,1600,1700,550,800
959,"Marysville / Yuba City, CA","Yosemite NP, CA","Medford / Rogue Valley, OR",Sacramento,"Toronto, Canada","New York City, United States","London, England","Paris, France","Tokyo, Japan",36,31,40,17,18,330,280,360,150,160,1300,1100,1400,600,650
960,"Redding, CA","Crater Lake NP, OR","San Francisco, CA",Medford,"Toronto, Canada","New York City, United States","London, England","Paris, France","Tokyo, Japan",37,34,31,14,16,330,310,280,130,140,1300,1200,1100,510,560
961,Reno area CA / NV border (Susanville/Alturas),"Yosemite NP, CA","Muir Woods NM, CA",Reno,"Toronto, Canada","New York City, United States","London, England","Paris, France","Tokyo, Japan",31,45,33,15,17,280,410,300,140,160,1100,1600,1200,540,630
967,"Hilo, HI","Great Smoky Mountains NP, TN/NC","Christiansted, St. Croix, USVI",Hilo,"Toronto, Canada","New York City, United States","London, England","Paris, France","Tokyo, Japan",62,54,33,34,36,560,490,300,310,320,2300,1900,1200,1200,1300
968,"Honolulu / Oahu, HI","Great Smoky Mountains NP, TN/NC","Christiansted, St. Croix, USVI",Honolulu,"Toronto, Canada","New York City, United States","London, England","Paris, France","Tokyo, Japan",66,57,40,36,39,600,520,360,330,350,2400,2100,1400,1300,1400
969,"Kailua / Oahu, HI","Great Smoky Mountains NP, TN/NC","Christiansted, St. Croix, USVI",Honolulu,"Toronto, Canada","New York City, United States","London, England","Paris, France","Tokyo, Japan",66,57,40,36,39,600,520,360,330,350,2400,2100,1400,1300,1400
970,"Portland, OR","Olympic NP, WA","North Cascades NP, WA",Portland,"Toronto, Canada","New York City, United States","London, England","Paris, France","Tokyo, Japan",39,40,35,19,15,350,360,310,170,130,1400,1400,1300,680,530
971,"Portland (east), OR","Olympic NP, WA","North Cascades NP, WA",Portland,"Toronto, Canada","New York City, United States","London, England","Paris, France","Tokyo, Japan",39,40,35,19,15,350,360,310,170,130,1400,1400,1300,680,530
972,"Portland (south), OR","Olympic NP, WA","San Juan Islands, WA",Portland,"Toronto, Canada","New York City, United States","London, England","Paris, France","Tokyo, Japan",39,40,35,19,15,350,360,310,170,130,1400,1400,1300,680,530
973,"Salem, OR","Olympic NP, WA","Whidbey Island, WA",Portland,"Toronto, Canada","New York City, United States","London, England","Paris, France","Tokyo, Japan",39,40,35,19,15,350,360,310,170,130,1400,1400,1300,680,530
974,"Salem (south), OR","Olympic NP, WA","Whidbey Island, WA",Portland,"Toronto, Canada","New York City, United States","London, England","Paris, France","Tokyo, Japan",39,40,35,19,15,350,360,310,170,130,1400,1400,1300,680,530
975,"Medford, OR","Crater Lake NP, OR","Portland, OR",Medford,"Toronto, Canada","New York City, United States","London, England","Paris, France","Tokyo, Japan",37,34,31,14,16,330,310,280,130,140,1300,1200,1100,510,560
976,"Klamath Falls, OR","Crater Lake NP, OR","Carson City, NV",Medford,"Toronto, Canada","New York City, United States","London, England","Paris, France","Tokyo, Japan",37,34,31,14,16,330,310,280,130,140,1300,1200,1100,510,560
977,"Bend, OR","Mount Rainier NP, WA","Walla Walla, WA",Portland,"Toronto, Canada","New York City, United States","London, England","Paris, France","Tokyo, Japan",39,40,35,19,15,350,360,310,170,130,1400,1400,1300,680,530
978,"Pendleton / La Grande, OR","Mount Rainier NP, WA","Seattle, WA",Portland,"Toronto, Canada","New York City, United States","London, England","Paris, France","Tokyo, Japan",39,40,35,19,15,350,360,310,170,130,1400,1400,1300,680,530
979,"Corvallis / Eugene, OR","Mount Rainier NP, WA","Eureka, CA",Portland,"Toronto, Canada","New York City, United States","London, England","Paris, France","Tokyo, Japan",39,40,35,19,15,350,360,310,170,130,1400,1400,1300,680,530
980,"Seattle, WA","Olympic NP, WA","Spokane, WA",Seattle,"Toronto, Canada","New York City, United States","London, England","Paris, France","Tokyo, Japan",40,46,40,15,15,360,420,360,140,130,1400,1700,1400,540,540
981,"Seattle (east), WA","Olympic NP, WA","Spokane, WA",Seattle,"Toronto, Canada","New York City, United States","London, England","Paris, France","Tokyo, Japan",40,46,40,15,15,360,420,360,140,130,1400,1700,1400,540,540
982,"Everett, WA","Olympic NP, WA","Walla Walla, WA",Seattle,"Toronto, Canada","New York City, United States","London, England","Paris, France","Tokyo, Japan",40,46,40,15,15,360,420,360,140,130,1400,1700,1400,540,540
983,"Tacoma, WA","Olympic NP, WA","Spokane, WA",Seattle,"Toronto, Canada","New York City, United States","London, England","Paris, France","Tokyo, Japan",40,46,40,15,15,360,420,360,140,130,1400,1700,1400,540,540
984,"Tacoma (south), WA","Olympic NP, WA","Spokane, WA",Seattle,"Toronto, Canada","New York City, United States","London, England","Paris, France","Tokyo, Japan",40,46,40,15,15,360,420,360,140,130,1400,1700,1400,540,540
985,"Bremerton / Olympia, WA","Olympic NP, WA","Walla Walla, WA",Seattle,"Toronto, Canada","New York City, United States","London, England","Paris, France","Tokyo, Japan",40,46,40,15,15,360,420,360,140,130,1400,1700,1400,540,540
986,"Vancouver, WA","Olympic NP, WA","Medford / Rogue Valley, OR",Portland,"Toronto, Canada","New York City, United States","London, England","Paris, France","Tokyo, Japan",39,40,35,19,15,350,360,310,170,130,1400,1400,1300,680,530
987,"Wenatchee, WA","Olympic NP, WA","Bend, OR",Seattle,"Toronto, Canada","New York City, United States","London, England","Paris, France","Tokyo, Japan",40,46,40,15,15,360,420,360,140,130,1400,1700,1400,540,540
988,"Spokane, WA","Glacier NP, MT","Columbia River Gorge, OR",Kalispell,"Toronto, Canada","New York City, United States","London, England","Paris, France","Tokyo, Japan",37,31,37,11,15,340,280,330,100,130,1400,1100,1300,410,530
989,"Spokane (east), WA","Glacier NP, MT","Seattle, WA",Kalispell,"Toronto, Canada","New York City, United States","London, England","Paris, France","Tokyo, Japan",37,31,37,11,15,340,280,330,100,130,1400,1100,1300,410,530
990,"Spokane (north), WA","Glacier NP, MT","Seattle, WA",Kalispell,"Toronto, Canada","New York City, United States","London, England","Paris, France","Tokyo, Japan",37,31,37,11,15,340,280,330,100,130,1400,1100,1300,410,530
991,"Spokane (west), WA","Glacier NP, MT","Whidbey Island, WA",Kalispell,"Toronto, Canada","New York City, United States","London, England","Paris, France","Tokyo, Japan",37,31,37,11,15,340,280,330,100,130,1400,1100,1300,410,530
992,"Spokane (south), WA","Glacier NP, MT","Columbia River Gorge, OR",Kalispell,"Toronto, Canada","New York City, United States","London, England","Paris, France","Tokyo, Japan",37,31,37,11,15,340,280,330,100,130,1400,1100,1300,410,530
993,"Yakima, WA","Olympic NP, WA","Kelowna / Okanagan, BC, Canada",Seattle,"Toronto, Canada","New York City, United States","London, England","Paris, France","Tokyo, Japan",40,46,40,15,15,360,420,360,140,130,1400,1700,1400,540,540
994,"Kennewick / Pasco / Richland, WA","Olympic NP, WA","Olympic Peninsula, WA",Portland,"Toronto, Canada","New York City, United States","London, England","Paris, France","Tokyo, Japan",39,40,35,19,15,350,360,310,170,130,1400,1400,1300,680,530
995,"Anchorage, AK","Great Smoky Mountains NP, TN/NC","Christiansted, St. Croix, USVI",Anchorage,"Toronto, Canada","New York City, United States","London, England","Paris, France","Tokyo, Japan",32,29,29,18,23,290,260,260,160,210,1100,1000,1000,640,840
996,"Anchorage (east), AK","Great Smoky Mountains NP, TN/NC","Christiansted, St. Croix, USVI",Anchorage,"Toronto, Canada","New York City, United States","London, England","Paris, France","Tokyo, Japan",32,29,29,18,23,290,260,260,160,210,1100,1000,1000,640,840
997,"Fairbanks, AK","Great Smoky Mountains NP, TN/NC","Christiansted, St. Croix, USVI",Anchorage,"Toronto, Canada","New York City, United States","London, England","Paris, France","Tokyo, Japan",32,29,29,18,23,290,260,260,160,210,1100,1000,1000,640,840
998,"Juneau, AK","Great Smoky Mountains NP, TN/NC","Christiansted, St. Croix, USVI",Juneau,"Toronto, Canada","New York City, United States","London, England","Paris, France","Tokyo, Japan",28,34,31,15,19,250,310,280,140,170,1000,1200,1100,550,680
999,"Ketchikan, AK","Great Smoky Mountains NP, TN/NC","Christiansted, St. Croix, USVI",Juneau,"Toronto, Canada","New York City, United States","London, England","Paris, France","Tokyo, Japan",28,34,31,15,19,250,310,280,140,170,1000,1200,1100,550,680
