ZIP3,Location,States,Senators,Senator_Phones,Senator_Contact_Forms,House_Reps,House_Rep_Phones,House_Rep_Contact_Pages
005,Holtsville NY (special use),NY,Kirsten E. Gillibrand (D); Charles E. Schumer (D),202-224-4451; 202-224-6542,https://www.gillibrand.senate.gov/contact/email-me; https://www.schumer.senate.gov/contact/email-chuck,,,
006,"Aguadilla area, PR",PR,,,,Pablo José Hernández (D),202-225-2615,https://hernandez.house.gov
007,"Caguas / Ponce area, PR",PR,,,,Pablo José Hernández (D),202-225-2615,https://hernandez.house.gov
008,US Virgin Islands,VI,,,,,,
009,"San Juan area, PR",PR,,,,Pablo José Hernández (D),202-225-2615,https://hernandez.house.gov
010,"Springfield, MA",MA,Edward J. Markey (D); Elizabeth Warren (D),202-224-2742; 202-224-4543,https://www.markey.senate.gov/contact; https://www.warren.senate.gov/?p=email_senator,Richard E. Neal (D); James P. McGovern (D),202-225-5601; 202-225-6101,https://neal.house.gov; https://mcgovern.house.gov
011,"Chicopee / Springfield, MA",MA,Edward J. Markey (D); Elizabeth Warren (D),202-224-2742; 202-224-4543,https://www.markey.senate.gov/contact; https://www.warren.senate.gov/?p=email_senator,Richard E. Neal (D),202-225-5601,https://neal.house.gov
012,"Pittsfield, MA",MA,Edward J. Markey (D); Elizabeth Warren (D),202-224-2742; 202-224-4543,https://www.markey.senate.gov/contact; https://www.warren.senate.gov/?p=email_senator,Richard E. Neal (D),202-225-5601,https://neal.house.gov
013,"Greenfield / Northampton, MA",MA,Edward J. Markey (D); Elizabeth Warren (D),202-224-2742; 202-224-4543,https://www.markey.senate.gov/contact; https://www.warren.senate.gov/?p=email_senator,Richard E. Neal (D); James P. McGovern (D),202-225-5601; 202-225-6101,https://neal.house.gov; https://mcgovern.house.gov
014,"Fitchburg / Leominster, MA",MA,Edward J. Markey (D); Elizabeth Warren (D),202-224-2742; 202-224-4543,https://www.markey.senate.gov/contact; https://www.warren.senate.gov/?p=email_senator,James P. McGovern (D); Lori Trahan (D),202-225-6101; 202-225-3411,https://mcgovern.house.gov; https://trahan.house.gov
015,"Worcester, MA",MA,Edward J. Markey (D); Elizabeth Warren (D),202-224-2742; 202-224-4543,https://www.markey.senate.gov/contact; https://www.warren.senate.gov/?p=email_senator,Richard E. Neal (D); James P. McGovern (D); Lori Trahan (D); Jake Auchincloss (D),202-225-5601; 202-225-6101; 202-225-3411; 202-225-5931,https://neal.house.gov; https://mcgovern.house.gov; https://trahan.house.gov; https://auchincloss.house.gov
016,"Worcester suburbs, MA",MA,Edward J. Markey (D); Elizabeth Warren (D),202-224-2742; 202-224-4543,https://www.markey.senate.gov/contact; https://www.warren.senate.gov/?p=email_senator,James P. McGovern (D),202-225-6101,https://mcgovern.house.gov
017,"Framingham / Natick, MA",MA,Edward J. Markey (D); Elizabeth Warren (D),202-224-2742; 202-224-4543,https://www.markey.senate.gov/contact; https://www.warren.senate.gov/?p=email_senator,James P. McGovern (D); Lori Trahan (D); Jake Auchincloss (D); Katherine M. Clark (D); Seth Moulton (D),202-225-6101; 202-225-3411; 202-225-5931; 202-225-2836; 202-225-8020,https://mcgovern.house.gov; https://trahan.house.gov; https://auchincloss.house.gov; https://katherineclark.house.gov; https://moulton.house.gov
018,"Woburn / Burlington, MA",MA,Edward J. Markey (D); Elizabeth Warren (D),202-224-2742; 202-224-4543,https://www.markey.senate.gov/contact; https://www.warren.senate.gov/?p=email_senator,Lori Trahan (D); Katherine M. Clark (D); Seth Moulton (D),202-225-3411; 202-225-2836; 202-225-8020,https://trahan.house.gov; https://katherineclark.house.gov; https://moulton.house.gov
019,"Lynn / Salem, MA",MA,Edward J. Markey (D); Elizabeth Warren (D),202-224-2742; 202-224-4543,https://www.markey.senate.gov/contact; https://www.warren.senate.gov/?p=email_senator,Seth Moulton (D),202-225-8020,https://moulton.house.gov
020,"Braintree / Quincy, MA",MA,Edward J. Markey (D); Elizabeth Warren (D),202-224-2742; 202-224-4543,https://www.markey.senate.gov/contact; https://www.warren.senate.gov/?p=email_senator,James P. McGovern (D); Jake Auchincloss (D); Stephen F. Lynch (D); William R. Keating (D),202-225-6101; 202-225-5931; 202-225-8273; 202-225-3111,https://mcgovern.house.gov; https://auchincloss.house.gov; https://lynch.house.gov; https://keating.house.gov
021,"Boston, MA",MA,Edward J. Markey (D); Elizabeth Warren (D),202-224-2742; 202-224-4543,https://www.markey.senate.gov/contact; https://www.warren.senate.gov/?p=email_senator,Katherine M. Clark (D); Ayanna Pressley (D); Stephen F. Lynch (D),202-225-2836; 202-225-5111; 202-225-8273,https://katherineclark.house.gov; https://pressley.house.gov; https://lynch.house.gov
022,"Boston (Back Bay), MA",MA,Edward J. Markey (D); Elizabeth Warren (D),202-224-2742; 202-224-4543,https://www.markey.senate.gov/contact; https://www.warren.senate.gov/?p=email_senator,Jake Auchincloss (D); Ayanna Pressley (D); Stephen F. Lynch (D),202-225-5931; 202-225-5111; 202-225-8273,https://auchincloss.house.gov; https://pressley.house.gov; https://lynch.house.gov
023,"Brockton, MA",MA,Edward J. Markey (D); Elizabeth Warren (D),202-224-2742; 202-224-4543,https://www.markey.senate.gov/contact; https://www.warren.senate.gov/?p=email_senator,Jake Auchincloss (D); Ayanna Pressley (D); Stephen F. Lynch (D); William R. Keating (D),202-225-5931; 202-225-5111; 202-225-8273; 202-225-3111,https://auchincloss.house.gov; https://pressley.house.gov; https://lynch.house.gov; https://keating.house.gov
024,"Plymouth / Wareham, MA",MA,Edward J. Markey (D); Elizabeth Warren (D),202-224-2742; 202-224-4543,https://www.markey.senate.gov/contact; https://www.warren.senate.gov/?p=email_senator,Jake Auchincloss (D); Katherine M. Clark (D); Seth Moulton (D); Ayanna Pressley (D); Stephen F. Lynch (D),202-225-5931; 202-225-2836; 202-225-8020; 202-225-5111; 202-225-8273,https://auchincloss.house.gov; https://katherineclark.house.gov; https://moulton.house.gov; https://pressley.house.gov; https://lynch.house.gov
025,"Buzzards Bay / New Bedford area, MA",MA,Edward J. Markey (D); Elizabeth Warren (D),202-224-2742; 202-224-4543,https://www.markey.senate.gov/contact; https://www.warren.senate.gov/?p=email_senator,William R. Keating (D),202-225-3111,https://keating.house.gov
026,"New Bedford area, MA",MA,Edward J. Markey (D); Elizabeth Warren (D),202-224-2742; 202-224-4543,https://www.markey.senate.gov/contact; https://www.warren.senate.gov/?p=email_senator,William R. Keating (D),202-225-3111,https://keating.house.gov
027,"New Bedford, MA",MA,Edward J. Markey (D); Elizabeth Warren (D),202-224-2742; 202-224-4543,https://www.markey.senate.gov/contact; https://www.warren.senate.gov/?p=email_senator,Jake Auchincloss (D); Stephen F. Lynch (D); William R. Keating (D),202-225-5931; 202-225-8273; 202-225-3111,https://auchincloss.house.gov; https://lynch.house.gov; https://keating.house.gov
028,"Providence, RI",MA; RI,Edward J. Markey (D); Elizabeth Warren (D); Sheldon Whitehouse (D); Jack Reed (D),202-224-2742; 202-224-4543; 202-224-2921; 202-224-4642,https://www.markey.senate.gov/contact; https://www.warren.senate.gov/?p=email_senator; https://www.whitehouse.senate.gov/contact/email-sheldon; https://www.reed.senate.gov/contact/,Jake Auchincloss (D); Gabe Amo (D); Seth Magaziner (D),202-225-5931; 202-225-4911; 202-225-2735,https://auchincloss.house.gov; https://amo.house.gov; https://magaziner.house.gov
029,"Newport, RI",RI,Sheldon Whitehouse (D); Jack Reed (D),202-224-2921; 202-224-4642,https://www.whitehouse.senate.gov/contact/email-sheldon; https://www.reed.senate.gov/contact/,Gabe Amo (D); Seth Magaziner (D),202-225-4911; 202-225-2735,https://amo.house.gov; https://magaziner.house.gov
030,"Manchester, NH",NH,Jeanne Shaheen (D); Margaret Wood Hassan (D),202-224-2841; 202-224-3324,https://www.shaheen.senate.gov/contact/contact-jeanne; https://www.hassan.senate.gov/content/contact-senator,Chris Pappas (D); Maggie Goodlander (D),202-225-5456; 202-225-5206,https://pappas.house.gov; https://goodlander.house.gov
031,"Manchester (north), NH",NH,Jeanne Shaheen (D); Margaret Wood Hassan (D),202-224-2841; 202-224-3324,https://www.shaheen.senate.gov/contact/contact-jeanne; https://www.hassan.senate.gov/content/contact-senator,Chris Pappas (D),202-225-5456,https://pappas.house.gov
032,"Nashua, NH",NH,Jeanne Shaheen (D); Margaret Wood Hassan (D),202-224-2841; 202-224-3324,https://www.shaheen.senate.gov/contact/contact-jeanne; https://www.hassan.senate.gov/content/contact-senator,Chris Pappas (D); Maggie Goodlander (D),202-225-5456; 202-225-5206,https://pappas.house.gov; https://goodlander.house.gov
033,"Concord, NH",NH,Jeanne Shaheen (D); Margaret Wood Hassan (D),202-224-2841; 202-224-3324,https://www.shaheen.senate.gov/contact/contact-jeanne; https://www.hassan.senate.gov/content/contact-senator,Maggie Goodlander (D),202-225-5206,https://goodlander.house.gov
034,"Keene, NH",NH,Jeanne Shaheen (D); Margaret Wood Hassan (D),202-224-2841; 202-224-3324,https://www.shaheen.senate.gov/contact/contact-jeanne; https://www.hassan.senate.gov/content/contact-senator,Maggie Goodlander (D),202-225-5206,https://goodlander.house.gov
035,"Littleton, NH",NH,Jeanne Shaheen (D); Margaret Wood Hassan (D),202-224-2841; 202-224-3324,https://www.shaheen.senate.gov/contact/contact-jeanne; https://www.hassan.senate.gov/content/contact-senator,Maggie Goodlander (D),202-225-5206,https://goodlander.house.gov
036,"Conway / North Conway, NH",NH,Jeanne Shaheen (D); Margaret Wood Hassan (D),202-224-2841; 202-224-3324,https://www.shaheen.senate.gov/contact/contact-jeanne; https://www.hassan.senate.gov/content/contact-senator,Maggie Goodlander (D),202-225-5206,https://goodlander.house.gov
037,"Claremont, NH",NH,Jeanne Shaheen (D); Margaret Wood Hassan (D),202-224-2841; 202-224-3324,https://www.shaheen.senate.gov/contact/contact-jeanne; https://www.hassan.senate.gov/content/contact-senator,Maggie Goodlander (D),202-225-5206,https://goodlander.house.gov
038,"Portsmouth, NH",NH,Jeanne Shaheen (D); Margaret Wood Hassan (D),202-224-2841; 202-224-3324,https://www.shaheen.senate.gov/contact/contact-jeanne; https://www.hassan.senate.gov/content/contact-senator,Chris Pappas (D); Maggie Goodlander (D),202-225-5456; 202-225-5206,https://pappas.house.gov; https://goodlander.house.gov
039,"Portland, ME",ME,"Susan M. Collins (R); Angus S. King, Jr. (I)",202-224-2523; 202-224-5344,https://www.collins.senate.gov/contact; https://www.king.senate.gov/contact,Chellie Pingree (D),202-225-6116,https://pingree.house.gov
040,"Portland, ME (south)",ME,"Susan M. Collins (R); Angus S. King, Jr. (I)",202-224-2523; 202-224-5344,https://www.collins.senate.gov/contact; https://www.king.senate.gov/contact,Chellie Pingree (D); Jared F. Golden (D),202-225-6116; 202-225-6306,https://pingree.house.gov; https://golden.house.gov
041,"Auburn / Lewiston, ME",ME,"Susan M. Collins (R); Angus S. King, Jr. (I)",202-224-2523; 202-224-5344,https://www.collins.senate.gov/contact; https://www.king.senate.gov/contact,Chellie Pingree (D),202-225-6116,https://pingree.house.gov
042,"Lewiston, ME",ME,"Susan M. Collins (R); Angus S. King, Jr. (I)",202-224-2523; 202-224-5344,https://www.collins.senate.gov/contact; https://www.king.senate.gov/contact,Chellie Pingree (D); Jared F. Golden (D),202-225-6116; 202-225-6306,https://pingree.house.gov; https://golden.house.gov
043,"Augusta, ME",ME,"Susan M. Collins (R); Angus S. King, Jr. (I)",202-224-2523; 202-224-5344,https://www.collins.senate.gov/contact; https://www.king.senate.gov/contact,Chellie Pingree (D); Jared F. Golden (D),202-225-6116; 202-225-6306,https://pingree.house.gov; https://golden.house.gov
044,"Bangor, ME",ME,"Susan M. Collins (R); Angus S. King, Jr. (I)",202-224-2523; 202-224-5344,https://www.collins.senate.gov/contact; https://www.king.senate.gov/contact,Jared F. Golden (D),202-225-6306,https://golden.house.gov
045,"Bath / Brunswick, ME",ME,"Susan M. Collins (R); Angus S. King, Jr. (I)",202-224-2523; 202-224-5344,https://www.collins.senate.gov/contact; https://www.king.senate.gov/contact,Chellie Pingree (D),202-225-6116,https://pingree.house.gov
046,"Rockland, ME",ME,"Susan M. Collins (R); Angus S. King, Jr. (I)",202-224-2523; 202-224-5344,https://www.collins.senate.gov/contact; https://www.king.senate.gov/contact,Chellie Pingree (D); Jared F. Golden (D),202-225-6116; 202-225-6306,https://pingree.house.gov; https://golden.house.gov
047,"Houlton, ME",ME,"Susan M. Collins (R); Angus S. King, Jr. (I)",202-224-2523; 202-224-5344,https://www.collins.senate.gov/contact; https://www.king.senate.gov/contact,Jared F. Golden (D),202-225-6306,https://golden.house.gov
048,"Caribou / Presque Isle, ME",ME,"Susan M. Collins (R); Angus S. King, Jr. (I)",202-224-2523; 202-224-5344,https://www.collins.senate.gov/contact; https://www.king.senate.gov/contact,Chellie Pingree (D); Jared F. Golden (D),202-225-6116; 202-225-6306,https://pingree.house.gov; https://golden.house.gov
049,"Waterville, ME",ME,"Susan M. Collins (R); Angus S. King, Jr. (I)",202-224-2523; 202-224-5344,https://www.collins.senate.gov/contact; https://www.king.senate.gov/contact,Chellie Pingree (D); Jared F. Golden (D),202-225-6116; 202-225-6306,https://pingree.house.gov; https://golden.house.gov
050,"White River Junction, VT",VT,Bernard Sanders (I); Peter Welch (D),202-224-5141; 202-224-4242,https://www.sanders.senate.gov/contact/; https://www.welch.senate.gov/email-peter/,Becca Balint (D),202-225-4115,https://balint.house.gov
051,"Bellows Falls / Springfield, VT",VT,Bernard Sanders (I); Peter Welch (D),202-224-5141; 202-224-4242,https://www.sanders.senate.gov/contact/; https://www.welch.senate.gov/email-peter/,Becca Balint (D),202-225-4115,https://balint.house.gov
052,"Saint Johnsbury, VT",VT,Bernard Sanders (I); Peter Welch (D),202-224-5141; 202-224-4242,https://www.sanders.senate.gov/contact/; https://www.welch.senate.gov/email-peter/,Becca Balint (D),202-225-4115,https://balint.house.gov
053,"Brattleboro, VT",VT,Bernard Sanders (I); Peter Welch (D),202-224-5141; 202-224-4242,https://www.sanders.senate.gov/contact/; https://www.welch.senate.gov/email-peter/,Becca Balint (D),202-225-4115,https://balint.house.gov
054,"Burlington, VT",VT,Bernard Sanders (I); Peter Welch (D),202-224-5141; 202-224-4242,https://www.sanders.senate.gov/contact/; https://www.welch.senate.gov/email-peter/,Becca Balint (D),202-225-4115,https://balint.house.gov
055,"Montpelier, VT",VT,Bernard Sanders (I); Peter Welch (D),202-224-5141; 202-224-4242,https://www.sanders.senate.gov/contact/; https://www.welch.senate.gov/email-peter/,,,
056,"Rutland, VT",VT,Bernard Sanders (I); Peter Welch (D),202-224-5141; 202-224-4242,https://www.sanders.senate.gov/contact/; https://www.welch.senate.gov/email-peter/,Becca Balint (D),202-225-4115,https://balint.house.gov
057,"Barre / Montpelier, VT",VT,Bernard Sanders (I); Peter Welch (D),202-224-5141; 202-224-4242,https://www.sanders.senate.gov/contact/; https://www.welch.senate.gov/email-peter/,Becca Balint (D),202-225-4115,https://balint.house.gov
058,"Saint Albans, VT",VT,Bernard Sanders (I); Peter Welch (D),202-224-5141; 202-224-4242,https://www.sanders.senate.gov/contact/; https://www.welch.senate.gov/email-peter/,Becca Balint (D),202-225-4115,https://balint.house.gov
059,"Middlebury, VT",VT,Bernard Sanders (I); Peter Welch (D),202-224-5141; 202-224-4242,https://www.sanders.senate.gov/contact/; https://www.welch.senate.gov/email-peter/,Becca Balint (D),202-225-4115,https://balint.house.gov
060,"Hartford, CT",CT,Richard Blumenthal (D); Christopher Murphy (D),202-224-2823; 202-224-4041,https://www.blumenthal.senate.gov/contact/; https://www.murphy.senate.gov/contact,John B. Larson (D); Joe Courtney (D); Jahana Hayes (D),202-225-2265; 202-225-2076; 202-225-4476,https://larson.house.gov; https://courtney.house.gov; https://hayes.house.gov
061,"Hartford suburbs, CT",CT,Richard Blumenthal (D); Christopher Murphy (D),202-224-2823; 202-224-4041,https://www.blumenthal.senate.gov/contact/; https://www.murphy.senate.gov/contact,John B. Larson (D); Jahana Hayes (D),202-225-2265; 202-225-4476,https://larson.house.gov; https://hayes.house.gov
062,"Willimantic / New Britain, CT",CT,Richard Blumenthal (D); Christopher Murphy (D),202-224-2823; 202-224-4041,https://www.blumenthal.senate.gov/contact/; https://www.murphy.senate.gov/contact,Joe Courtney (D),202-225-2076,https://courtney.house.gov
063,"New London, CT",CT; NY,Richard Blumenthal (D); Christopher Murphy (D); Kirsten E. Gillibrand (D); Charles E. Schumer (D),202-224-2823; 202-224-4041; 202-224-4451; 202-224-6542,https://www.blumenthal.senate.gov/contact/; https://www.murphy.senate.gov/contact; https://www.gillibrand.senate.gov/contact/email-me; https://www.schumer.senate.gov/contact/email-chuck,Joe Courtney (D); Nick LaLota (R),202-225-2076; 202-225-3826,https://courtney.house.gov; https://lalota.house.gov
064,"Middletown, CT",CT,Richard Blumenthal (D); Christopher Murphy (D),202-224-2823; 202-224-4041,https://www.blumenthal.senate.gov/contact/; https://www.murphy.senate.gov/contact,John B. Larson (D); Joe Courtney (D); Rosa L. DeLauro (D); James A. Himes (D); Jahana Hayes (D),202-225-2265; 202-225-2076; 202-225-3661; 202-225-5541; 202-225-4476,https://larson.house.gov; https://courtney.house.gov; https://delauro.house.gov; https://himes.house.gov; https://hayes.house.gov
065,"New Haven, CT",CT,Richard Blumenthal (D); Christopher Murphy (D),202-224-2823; 202-224-4041,https://www.blumenthal.senate.gov/contact/; https://www.murphy.senate.gov/contact,Rosa L. DeLauro (D),202-225-3661,https://delauro.house.gov
066,"Bridgeport, CT",CT,Richard Blumenthal (D); Christopher Murphy (D),202-224-2823; 202-224-4041,https://www.blumenthal.senate.gov/contact/; https://www.murphy.senate.gov/contact,Rosa L. DeLauro (D); James A. Himes (D),202-225-3661; 202-225-5541,https://delauro.house.gov; https://himes.house.gov
067,"Waterbury, CT",CT,Richard Blumenthal (D); Christopher Murphy (D),202-224-2823; 202-224-4041,https://www.blumenthal.senate.gov/contact/; https://www.murphy.senate.gov/contact,John B. Larson (D); Rosa L. DeLauro (D); Jahana Hayes (D),202-225-2265; 202-225-3661; 202-225-4476,https://larson.house.gov; https://delauro.house.gov; https://hayes.house.gov
068,"Norwalk, CT",CT,Richard Blumenthal (D); Christopher Murphy (D),202-224-2823; 202-224-4041,https://www.blumenthal.senate.gov/contact/; https://www.murphy.senate.gov/contact,James A. Himes (D); Jahana Hayes (D),202-225-5541; 202-225-4476,https://himes.house.gov; https://hayes.house.gov
069,"Stamford, CT",CT,Richard Blumenthal (D); Christopher Murphy (D),202-224-2823; 202-224-4041,https://www.blumenthal.senate.gov/contact/; https://www.murphy.senate.gov/contact,James A. Himes (D),202-225-5541,https://himes.house.gov
070,"Newark, NJ",NJ,Cory A. Booker (D); Andy Kim (D),202-224-3224; 202-224-4744,https://www.booker.senate.gov/?p=contact; https://www.kim.senate.gov,"LaMonica McIver (D); Analilia Mejia (D); Bonnie Watson Coleman (D); Josh Gottheimer (D); Frank Pallone, Jr. (D); Thomas H. Kean, Jr. (R); Robert Menendez (D); Nellie Pou (D)",202-225-3436; 202-225-5034; 202-225-5801; 202-225-4465; 202-225-4671; 202-225-5361; 202-225-7919; 202-225-5751,https://mciver.house.gov; https://mejia.house.gov; https://watsoncoleman.house.gov; https://gottheimer.house.gov; https://pallone.house.gov; https://kean.house.gov; https://menendez.house.gov; https://pou.house.gov
071,"Newark suburbs, NJ",NJ,Cory A. Booker (D); Andy Kim (D),202-224-3224; 202-224-4744,https://www.booker.senate.gov/?p=contact; https://www.kim.senate.gov,LaMonica McIver (D); Analilia Mejia (D); Robert Menendez (D); Nellie Pou (D),202-225-3436; 202-225-5034; 202-225-7919; 202-225-5751,https://mciver.house.gov; https://mejia.house.gov; https://menendez.house.gov; https://pou.house.gov
072,"Elizabeth, NJ",NJ,Cory A. Booker (D); Andy Kim (D),202-224-3224; 202-224-4744,https://www.booker.senate.gov/?p=contact; https://www.kim.senate.gov,LaMonica McIver (D); Robert Menendez (D),202-225-3436; 202-225-7919,https://mciver.house.gov; https://menendez.house.gov
073,"Jersey City, NJ",NJ,Cory A. Booker (D); Andy Kim (D),202-224-3224; 202-224-4744,https://www.booker.senate.gov/?p=contact; https://www.kim.senate.gov,LaMonica McIver (D); Robert Menendez (D); Nellie Pou (D),202-225-3436; 202-225-7919; 202-225-5751,https://mciver.house.gov; https://menendez.house.gov; https://pou.house.gov
074,"Paterson, NJ",NJ,Cory A. Booker (D); Andy Kim (D),202-224-3224; 202-224-4744,https://www.booker.senate.gov/?p=contact; https://www.kim.senate.gov,"Analilia Mejia (D); Josh Gottheimer (D); Thomas H. Kean, Jr. (R); Nellie Pou (D)",202-225-5034; 202-225-4465; 202-225-5361; 202-225-5751,https://mejia.house.gov; https://gottheimer.house.gov; https://kean.house.gov; https://pou.house.gov
075,Paterson north / Rockaway NJ,NJ,Cory A. Booker (D); Andy Kim (D),202-224-3224; 202-224-4744,https://www.booker.senate.gov/?p=contact; https://www.kim.senate.gov,Analilia Mejia (D); Nellie Pou (D),202-225-5034; 202-225-5751,https://mejia.house.gov; https://pou.house.gov
076,"Hackensack, NJ",NJ,Cory A. Booker (D); Andy Kim (D),202-224-3224; 202-224-4744,https://www.booker.senate.gov/?p=contact; https://www.kim.senate.gov,Josh Gottheimer (D); Nellie Pou (D),202-225-4465; 202-225-5751,https://gottheimer.house.gov; https://pou.house.gov
077,"Long Branch / Asbury Park, NJ",NJ,Cory A. Booker (D); Andy Kim (D),202-224-3224; 202-224-4744,https://www.booker.senate.gov/?p=contact; https://www.kim.senate.gov,"Bonnie Watson Coleman (D); Herbert C. Conaway, Jr. (D); Christopher H. Smith (R); Frank Pallone, Jr. (D)",202-225-5801; 202-225-4765; 202-225-3765; 202-225-4671,https://watsoncoleman.house.gov; https://conaway.house.gov; https://chrissmith.house.gov; https://pallone.house.gov
078,"Dover / Rockaway, NJ",NJ,Cory A. Booker (D); Andy Kim (D),202-224-3224; 202-224-4744,https://www.booker.senate.gov/?p=contact; https://www.kim.senate.gov,"Analilia Mejia (D); Josh Gottheimer (D); Thomas H. Kean, Jr. (R)",202-225-5034; 202-225-4465; 202-225-5361,https://mejia.house.gov; https://gottheimer.house.gov; https://kean.house.gov
079,"Summit / Morristown, NJ",NJ,Cory A. Booker (D); Andy Kim (D),202-224-3224; 202-224-4744,https://www.booker.senate.gov/?p=contact; https://www.kim.senate.gov,"Analilia Mejia (D); Thomas H. Kean, Jr. (R)",202-225-5034; 202-225-5361,https://mejia.house.gov; https://kean.house.gov
080,"Trenton, NJ",NJ,Cory A. Booker (D); Andy Kim (D),202-224-3224; 202-224-4744,https://www.booker.senate.gov/?p=contact; https://www.kim.senate.gov,"Donald Norcross (D); Jefferson Van Drew (R); Herbert C. Conaway, Jr. (D)",202-225-6501; 202-225-6572; 202-225-4765,https://norcross.house.gov; https://vandrew.house.gov; https://conaway.house.gov
081,"Trenton (south), NJ",NJ,Cory A. Booker (D); Andy Kim (D),202-224-3224; 202-224-4744,https://www.booker.senate.gov/?p=contact; https://www.kim.senate.gov,Donald Norcross (D),202-225-6501,https://norcross.house.gov
082,"Atlantic City, NJ",NJ,Cory A. Booker (D); Andy Kim (D),202-224-3224; 202-224-4744,https://www.booker.senate.gov/?p=contact; https://www.kim.senate.gov,"Jefferson Van Drew (R); Herbert C. Conaway, Jr. (D)",202-225-6572; 202-225-4765,https://vandrew.house.gov; https://conaway.house.gov
083,"Vineland, NJ",NJ,Cory A. Booker (D); Andy Kim (D),202-224-3224; 202-224-4744,https://www.booker.senate.gov/?p=contact; https://www.kim.senate.gov,Jefferson Van Drew (R),202-225-6572,https://vandrew.house.gov
084,"Pleasantville / Atlantic County, NJ",NJ,Cory A. Booker (D); Andy Kim (D),202-224-3224; 202-224-4744,https://www.booker.senate.gov/?p=contact; https://www.kim.senate.gov,Jefferson Van Drew (R),202-225-6572,https://vandrew.house.gov
085,"Camden, NJ",NJ,Cory A. Booker (D); Andy Kim (D),202-224-3224; 202-224-4744,https://www.booker.senate.gov/?p=contact; https://www.kim.senate.gov,"Bonnie Watson Coleman (D); Herbert C. Conaway, Jr. (D); Christopher H. Smith (R); Thomas H. Kean, Jr. (R)",202-225-5801; 202-225-4765; 202-225-3765; 202-225-5361,https://watsoncoleman.house.gov; https://conaway.house.gov; https://chrissmith.house.gov; https://kean.house.gov
086,"Trenton metro, NJ",NJ,Cory A. Booker (D); Andy Kim (D),202-224-3224; 202-224-4744,https://www.booker.senate.gov/?p=contact; https://www.kim.senate.gov,"Bonnie Watson Coleman (D); Herbert C. Conaway, Jr. (D)",202-225-5801; 202-225-4765,https://watsoncoleman.house.gov; https://conaway.house.gov
087,"Red Bank / Freehold, NJ",NJ,Cory A. Booker (D); Andy Kim (D),202-224-3224; 202-224-4744,https://www.booker.senate.gov/?p=contact; https://www.kim.senate.gov,"Jefferson Van Drew (R); Herbert C. Conaway, Jr. (D); Christopher H. Smith (R)",202-225-6572; 202-225-4765; 202-225-3765,https://vandrew.house.gov; https://conaway.house.gov; https://chrissmith.house.gov
088,"New Brunswick, NJ",NJ,Cory A. Booker (D); Andy Kim (D),202-224-3224; 202-224-4744,https://www.booker.senate.gov/?p=contact; https://www.kim.senate.gov,"Bonnie Watson Coleman (D); Frank Pallone, Jr. (D); Thomas H. Kean, Jr. (R)",202-225-5801; 202-225-4671; 202-225-5361,https://watsoncoleman.house.gov; https://pallone.house.gov; https://kean.house.gov
089,"Freehold / Ocean County, NJ",NJ,Cory A. Booker (D); Andy Kim (D),202-224-3224; 202-224-4744,https://www.booker.senate.gov/?p=contact; https://www.kim.senate.gov,"Bonnie Watson Coleman (D); Frank Pallone, Jr. (D)",202-225-5801; 202-225-4671,https://watsoncoleman.house.gov; https://pallone.house.gov
100,"New York City (Manhattan), NY",NY,Kirsten E. Gillibrand (D); Charles E. Schumer (D),202-224-4451; 202-224-6542,https://www.gillibrand.senate.gov/contact/email-me; https://www.schumer.senate.gov/contact/email-chuck,Daniel S. Goldman (D); Jerrold Nadler (D); Adriano Espaillat (D),202-225-7944; 202-225-5635; 202-225-4365,https://goldman.house.gov; https://nadler.house.gov; https://espaillat.house.gov
101,"New York City (Manhattan), NY",NY,Kirsten E. Gillibrand (D); Charles E. Schumer (D),202-224-4451; 202-224-6542,https://www.gillibrand.senate.gov/contact/email-me; https://www.schumer.senate.gov/contact/email-chuck,Jerrold Nadler (D); Adriano Espaillat (D),202-225-5635; 202-225-4365,https://nadler.house.gov; https://espaillat.house.gov
102,"New York City (Manhattan), NY",NY,Kirsten E. Gillibrand (D); Charles E. Schumer (D),202-224-4451; 202-224-6542,https://www.gillibrand.senate.gov/contact/email-me; https://www.schumer.senate.gov/contact/email-chuck,Daniel S. Goldman (D),202-225-7944,https://goldman.house.gov
103,"Staten Island, NY",NY,Kirsten E. Gillibrand (D); Charles E. Schumer (D),202-224-4451; 202-224-6542,https://www.gillibrand.senate.gov/contact/email-me; https://www.schumer.senate.gov/contact/email-chuck,Nicole Malliotakis (R),202-225-3371,https://malliotakis.house.gov
104,"Bronx, NY",NY,Kirsten E. Gillibrand (D); Charles E. Schumer (D),202-224-4451; 202-224-6542,https://www.gillibrand.senate.gov/contact/email-me; https://www.schumer.senate.gov/contact/email-chuck,Adriano Espaillat (D); Alexandria Ocasio-Cortez (D); Ritchie Torres (D); George Latimer (D),202-225-4365; 202-225-3965; 202-225-4361; 202-225-2464,https://espaillat.house.gov; https://ocasio-cortez.house.gov; https://ritchietorres.house.gov; https://latimer.house.gov
105,"Westchester / Yonkers, NY",NY,Kirsten E. Gillibrand (D); Charles E. Schumer (D),202-224-4451; 202-224-6542,https://www.gillibrand.senate.gov/contact/email-me; https://www.schumer.senate.gov/contact/email-chuck,Ritchie Torres (D); George Latimer (D); Michael Lawler (R),202-225-4361; 202-225-2464; 202-225-6506,https://ritchietorres.house.gov; https://latimer.house.gov; https://lawler.house.gov
106,"White Plains, NY",NY,Kirsten E. Gillibrand (D); Charles E. Schumer (D),202-224-4451; 202-224-6542,https://www.gillibrand.senate.gov/contact/email-me; https://www.schumer.senate.gov/contact/email-chuck,George Latimer (D); Michael Lawler (R),202-225-2464; 202-225-6506,https://latimer.house.gov; https://lawler.house.gov
107,"Yonkers / Mount Vernon, NY",NY,Kirsten E. Gillibrand (D); Charles E. Schumer (D),202-224-4451; 202-224-6542,https://www.gillibrand.senate.gov/contact/email-me; https://www.schumer.senate.gov/contact/email-chuck,George Latimer (D),202-225-2464,https://latimer.house.gov
108,"New Rochelle, NY",NY,Kirsten E. Gillibrand (D); Charles E. Schumer (D),202-224-4451; 202-224-6542,https://www.gillibrand.senate.gov/contact/email-me; https://www.schumer.senate.gov/contact/email-chuck,Alexandria Ocasio-Cortez (D); George Latimer (D),202-225-3965; 202-225-2464,https://ocasio-cortez.house.gov; https://latimer.house.gov
109,"Suffern / Rockland County, NY",NY,Kirsten E. Gillibrand (D); Charles E. Schumer (D),202-224-4451; 202-224-6542,https://www.gillibrand.senate.gov/contact/email-me; https://www.schumer.senate.gov/contact/email-chuck,Michael Lawler (R); Patrick Ryan (D); Josh Riley (D),202-225-6506; 202-225-5614; 202-225-5441,https://lawler.house.gov; https://patryan.house.gov; https://riley.house.gov
110,"Queens, NY",NY,Kirsten E. Gillibrand (D); Charles E. Schumer (D),202-224-4451; 202-224-6542,https://www.gillibrand.senate.gov/contact/email-me; https://www.schumer.senate.gov/contact/email-chuck,Thomas R. Suozzi (D); Laura Gillen (D),202-225-3335; 202-225-5516,https://suozzi.house.gov; https://gillen.house.gov
111,"Long Island City / Queens, NY",NY,Kirsten E. Gillibrand (D); Charles E. Schumer (D),202-224-4451; 202-224-6542,https://www.gillibrand.senate.gov/contact/email-me; https://www.schumer.senate.gov/contact/email-chuck,Alexandria Ocasio-Cortez (D); Grace Meng (D); Nydia M. Velázquez (D),202-225-3965; 202-225-2601; 202-225-2361,https://ocasio-cortez.house.gov; https://meng.house.gov; https://velazquez.house.gov
112,"Brooklyn, NY",NY,Kirsten E. Gillibrand (D); Charles E. Schumer (D),202-224-4451; 202-224-6542,https://www.gillibrand.senate.gov/contact/email-me; https://www.schumer.senate.gov/contact/email-chuck,Daniel S. Goldman (D); Nicole Malliotakis (R); Nydia M. Velázquez (D); Hakeem S. Jeffries (D); Yvette D. Clarke (D),202-225-7944; 202-225-3371; 202-225-2361; 202-225-5936; 202-225-6231,https://goldman.house.gov; https://malliotakis.house.gov; https://velazquez.house.gov; https://jeffries.house.gov; https://clarke.house.gov
113,"Flushing / Jamaica, NY",NY,Kirsten E. Gillibrand (D); Charles E. Schumer (D),202-224-4451; 202-224-6542,https://www.gillibrand.senate.gov/contact/email-me; https://www.schumer.senate.gov/contact/email-chuck,Alexandria Ocasio-Cortez (D); Thomas R. Suozzi (D); Gregory W. Meeks (D); Grace Meng (D); Nydia M. Velázquez (D),202-225-3965; 202-225-3335; 202-225-3461; 202-225-2601; 202-225-2361,https://ocasio-cortez.house.gov; https://suozzi.house.gov; https://meeks.house.gov; https://meng.house.gov; https://velazquez.house.gov
114,"Jamaica / Far Rockaway, NY",NY,Kirsten E. Gillibrand (D); Charles E. Schumer (D),202-224-4451; 202-224-6542,https://www.gillibrand.senate.gov/contact/email-me; https://www.schumer.senate.gov/contact/email-chuck,Thomas R. Suozzi (D); Gregory W. Meeks (D); Grace Meng (D); Nydia M. Velázquez (D),202-225-3335; 202-225-3461; 202-225-2601; 202-225-2361,https://suozzi.house.gov; https://meeks.house.gov; https://meng.house.gov; https://velazquez.house.gov
115,"Jamaica / Southern Queens, NY",NY,Kirsten E. Gillibrand (D); Charles E. Schumer (D),202-224-4451; 202-224-6542,https://www.gillibrand.senate.gov/contact/email-me; https://www.schumer.senate.gov/contact/email-chuck,Thomas R. Suozzi (D); Laura Gillen (D),202-225-3335; 202-225-5516,https://suozzi.house.gov; https://gillen.house.gov
116,"Far Rockaway, NY",NY,Kirsten E. Gillibrand (D); Charles E. Schumer (D),202-224-4451; 202-224-6542,https://www.gillibrand.senate.gov/contact/email-me; https://www.schumer.senate.gov/contact/email-chuck,Gregory W. Meeks (D),202-225-3461,https://meeks.house.gov
117,"Hicksville / Nassau County, NY",NY,Kirsten E. Gillibrand (D); Charles E. Schumer (D),202-224-4451; 202-224-6542,https://www.gillibrand.senate.gov/contact/email-me; https://www.schumer.senate.gov/contact/email-chuck,Nick LaLota (R); Andrew R. Garbarino (R); Thomas R. Suozzi (D); Laura Gillen (D),202-225-3826; 202-225-7896; 202-225-3335; 202-225-5516,https://lalota.house.gov; https://garbarino.house.gov; https://suozzi.house.gov; https://gillen.house.gov
118,"Hicksville east / Islip, NY",NY,Kirsten E. Gillibrand (D); Charles E. Schumer (D),202-224-4451; 202-224-6542,https://www.gillibrand.senate.gov/contact/email-me; https://www.schumer.senate.gov/contact/email-chuck,Thomas R. Suozzi (D),202-225-3335,https://suozzi.house.gov
119,"Patchogue / Eastern Suffolk, NY",NY,Kirsten E. Gillibrand (D); Charles E. Schumer (D),202-224-4451; 202-224-6542,https://www.gillibrand.senate.gov/contact/email-me; https://www.schumer.senate.gov/contact/email-chuck,Nick LaLota (R); Andrew R. Garbarino (R),202-225-3826; 202-225-7896,https://lalota.house.gov; https://garbarino.house.gov
120,"Albany, NY",NY,Kirsten E. Gillibrand (D); Charles E. Schumer (D),202-224-4451; 202-224-6542,https://www.gillibrand.senate.gov/contact/email-me; https://www.schumer.senate.gov/contact/email-chuck,Josh Riley (D); Paul Tonko (D); Elise M. Stefanik (R),202-225-5441; 202-225-5076; 202-225-4611,https://riley.house.gov; https://tonko.house.gov; https://stefanik.house.gov
121,"Albany metro, NY",NY,Kirsten E. Gillibrand (D); Charles E. Schumer (D),202-224-4451; 202-224-6542,https://www.gillibrand.senate.gov/contact/email-me; https://www.schumer.senate.gov/contact/email-chuck,Josh Riley (D); Paul Tonko (D); Elise M. Stefanik (R),202-225-5441; 202-225-5076; 202-225-4611,https://riley.house.gov; https://tonko.house.gov; https://stefanik.house.gov
122,"Albany south, NY",NY,Kirsten E. Gillibrand (D); Charles E. Schumer (D),202-224-4451; 202-224-6542,https://www.gillibrand.senate.gov/contact/email-me; https://www.schumer.senate.gov/contact/email-chuck,Paul Tonko (D),202-225-5076,https://tonko.house.gov
123,"Schenectady, NY",NY,Kirsten E. Gillibrand (D); Charles E. Schumer (D),202-224-4451; 202-224-6542,https://www.gillibrand.senate.gov/contact/email-me; https://www.schumer.senate.gov/contact/email-chuck,Paul Tonko (D),202-225-5076,https://tonko.house.gov
124,"Kingston / Poughkeepsie, NY",NY,Kirsten E. Gillibrand (D); Charles E. Schumer (D),202-224-4451; 202-224-6542,https://www.gillibrand.senate.gov/contact/email-me; https://www.schumer.senate.gov/contact/email-chuck,Patrick Ryan (D); Josh Riley (D); Paul Tonko (D); Elise M. Stefanik (R),202-225-5614; 202-225-5441; 202-225-5076; 202-225-4611,https://patryan.house.gov; https://riley.house.gov; https://tonko.house.gov; https://stefanik.house.gov
125,"Poughkeepsie, NY",NY,Kirsten E. Gillibrand (D); Charles E. Schumer (D),202-224-4451; 202-224-6542,https://www.gillibrand.senate.gov/contact/email-me; https://www.schumer.senate.gov/contact/email-chuck,Michael Lawler (R); Patrick Ryan (D); Josh Riley (D),202-225-6506; 202-225-5614; 202-225-5441,https://lawler.house.gov; https://patryan.house.gov; https://riley.house.gov
126,"Middletown / Newburgh, NY",NY,Kirsten E. Gillibrand (D); Charles E. Schumer (D),202-224-4451; 202-224-6542,https://www.gillibrand.senate.gov/contact/email-me; https://www.schumer.senate.gov/contact/email-chuck,Patrick Ryan (D),202-225-5614,https://patryan.house.gov
127,"Middletown, NY",NY,Kirsten E. Gillibrand (D); Charles E. Schumer (D),202-224-4451; 202-224-6542,https://www.gillibrand.senate.gov/contact/email-me; https://www.schumer.senate.gov/contact/email-chuck,Patrick Ryan (D); Josh Riley (D),202-225-5614; 202-225-5441,https://patryan.house.gov; https://riley.house.gov
128,"Glens Falls, NY",NY,Kirsten E. Gillibrand (D); Charles E. Schumer (D),202-224-4451; 202-224-6542,https://www.gillibrand.senate.gov/contact/email-me; https://www.schumer.senate.gov/contact/email-chuck,Paul Tonko (D); Elise M. Stefanik (R),202-225-5076; 202-225-4611,https://tonko.house.gov; https://stefanik.house.gov
129,"Plattsburgh, NY",NY,Kirsten E. Gillibrand (D); Charles E. Schumer (D),202-224-4451; 202-224-6542,https://www.gillibrand.senate.gov/contact/email-me; https://www.schumer.senate.gov/contact/email-chuck,Elise M. Stefanik (R),202-225-4611,https://stefanik.house.gov
130,"Syracuse, NY",NY,Kirsten E. Gillibrand (D); Charles E. Schumer (D),202-224-4451; 202-224-6542,https://www.gillibrand.senate.gov/contact/email-me; https://www.schumer.senate.gov/contact/email-chuck,Josh Riley (D); Elise M. Stefanik (R); John W. Mannion (D); Claudia Tenney (R),202-225-5441; 202-225-4611; 202-225-3701; 202-225-3665,https://riley.house.gov; https://stefanik.house.gov; https://mannion.house.gov; https://tenney.house.gov
131,"Syracuse east, NY",NY,Kirsten E. Gillibrand (D); Charles E. Schumer (D),202-224-4451; 202-224-6542,https://www.gillibrand.senate.gov/contact/email-me; https://www.schumer.senate.gov/contact/email-chuck,Josh Riley (D); Elise M. Stefanik (R); John W. Mannion (D); Claudia Tenney (R),202-225-5441; 202-225-4611; 202-225-3701; 202-225-3665,https://riley.house.gov; https://stefanik.house.gov; https://mannion.house.gov; https://tenney.house.gov
132,"Syracuse south, NY",NY,Kirsten E. Gillibrand (D); Charles E. Schumer (D),202-224-4451; 202-224-6542,https://www.gillibrand.senate.gov/contact/email-me; https://www.schumer.senate.gov/contact/email-chuck,John W. Mannion (D),202-225-3701,https://mannion.house.gov
133,"Utica, NY",NY,Kirsten E. Gillibrand (D); Charles E. Schumer (D),202-224-4451; 202-224-6542,https://www.gillibrand.senate.gov/contact/email-me; https://www.schumer.senate.gov/contact/email-chuck,Josh Riley (D); Elise M. Stefanik (R); John W. Mannion (D); Claudia Tenney (R),202-225-5441; 202-225-4611; 202-225-3701; 202-225-3665,https://riley.house.gov; https://stefanik.house.gov; https://mannion.house.gov; https://tenney.house.gov
134,"Utica south / Cooperstown, NY",NY,Kirsten E. Gillibrand (D); Charles E. Schumer (D),202-224-4451; 202-224-6542,https://www.gillibrand.senate.gov/contact/email-me; https://www.schumer.senate.gov/contact/email-chuck,Josh Riley (D); Elise M. Stefanik (R); John W. Mannion (D); Claudia Tenney (R),202-225-5441; 202-225-4611; 202-225-3701; 202-225-3665,https://riley.house.gov; https://stefanik.house.gov; https://mannion.house.gov; https://tenney.house.gov
135,"Watertown, NY",NY,Kirsten E. Gillibrand (D); Charles E. Schumer (D),202-224-4451; 202-224-6542,https://www.gillibrand.senate.gov/contact/email-me; https://www.schumer.senate.gov/contact/email-chuck,Elise M. Stefanik (R); John W. Mannion (D),202-225-4611; 202-225-3701,https://stefanik.house.gov; https://mannion.house.gov
136,"Watertown north, NY",NY,Kirsten E. Gillibrand (D); Charles E. Schumer (D),202-224-4451; 202-224-6542,https://www.gillibrand.senate.gov/contact/email-me; https://www.schumer.senate.gov/contact/email-chuck,Elise M. Stefanik (R); Claudia Tenney (R),202-225-4611; 202-225-3665,https://stefanik.house.gov; https://tenney.house.gov
137,"Binghamton, NY",NY,Kirsten E. Gillibrand (D); Charles E. Schumer (D),202-224-4451; 202-224-6542,https://www.gillibrand.senate.gov/contact/email-me; https://www.schumer.senate.gov/contact/email-chuck,Josh Riley (D); John W. Mannion (D); Nicholas A. Langworthy (R),202-225-5441; 202-225-3701; 202-225-3161,https://riley.house.gov; https://mannion.house.gov; https://langworthy.house.gov
138,"Binghamton east, NY",NY,Kirsten E. Gillibrand (D); Charles E. Schumer (D),202-224-4451; 202-224-6542,https://www.gillibrand.senate.gov/contact/email-me; https://www.schumer.senate.gov/contact/email-chuck,Josh Riley (D); John W. Mannion (D); Nicholas A. Langworthy (R),202-225-5441; 202-225-3701; 202-225-3161,https://riley.house.gov; https://mannion.house.gov; https://langworthy.house.gov
139,"Binghamton west, NY",NY,Kirsten E. Gillibrand (D); Charles E. Schumer (D),202-224-4451; 202-224-6542,https://www.gillibrand.senate.gov/contact/email-me; https://www.schumer.senate.gov/contact/email-chuck,Josh Riley (D),202-225-5441,https://riley.house.gov
140,"Buffalo, NY",NY,Kirsten E. Gillibrand (D); Charles E. Schumer (D),202-224-4451; 202-224-6542,https://www.gillibrand.senate.gov/contact/email-me; https://www.schumer.senate.gov/contact/email-chuck,Nicholas A. Langworthy (R); Claudia Tenney (R); Timothy M. Kennedy (D),202-225-3161; 202-225-3665; 202-225-3306,https://langworthy.house.gov; https://tenney.house.gov; https://kennedy.house.gov
141,"Buffalo south, NY",NY,Kirsten E. Gillibrand (D); Charles E. Schumer (D),202-224-4451; 202-224-6542,https://www.gillibrand.senate.gov/contact/email-me; https://www.schumer.senate.gov/contact/email-chuck,Nicholas A. Langworthy (R); Claudia Tenney (R); Timothy M. Kennedy (D),202-225-3161; 202-225-3665; 202-225-3306,https://langworthy.house.gov; https://tenney.house.gov; https://kennedy.house.gov
142,"Buffalo east, NY",NY,Kirsten E. Gillibrand (D); Charles E. Schumer (D),202-224-4451; 202-224-6542,https://www.gillibrand.senate.gov/contact/email-me; https://www.schumer.senate.gov/contact/email-chuck,Nicholas A. Langworthy (R); Timothy M. Kennedy (D),202-225-3161; 202-225-3306,https://langworthy.house.gov; https://kennedy.house.gov
143,"Niagara Falls, NY",NY,Kirsten E. Gillibrand (D); Charles E. Schumer (D),202-224-4451; 202-224-6542,https://www.gillibrand.senate.gov/contact/email-me; https://www.schumer.senate.gov/contact/email-chuck,Nicholas A. Langworthy (R); Claudia Tenney (R); Timothy M. Kennedy (D),202-225-3161; 202-225-3665; 202-225-3306,https://langworthy.house.gov; https://tenney.house.gov; https://kennedy.house.gov
144,"Rochester, NY",NY,Kirsten E. Gillibrand (D); Charles E. Schumer (D),202-224-4451; 202-224-6542,https://www.gillibrand.senate.gov/contact/email-me; https://www.schumer.senate.gov/contact/email-chuck,Nicholas A. Langworthy (R); Claudia Tenney (R); Joseph D. Morelle (D),202-225-3161; 202-225-3665; 202-225-3615,https://langworthy.house.gov; https://tenney.house.gov; https://morelle.house.gov
145,"Rochester south, NY",NY,Kirsten E. Gillibrand (D); Charles E. Schumer (D),202-224-4451; 202-224-6542,https://www.gillibrand.senate.gov/contact/email-me; https://www.schumer.senate.gov/contact/email-chuck,Nicholas A. Langworthy (R); Claudia Tenney (R); Joseph D. Morelle (D),202-225-3161; 202-225-3665; 202-225-3615,https://langworthy.house.gov; https://tenney.house.gov; https://morelle.house.gov
146,"Rochester east, NY",NY,Kirsten E. Gillibrand (D); Charles E. Schumer (D),202-224-4451; 202-224-6542,https://www.gillibrand.senate.gov/contact/email-me; https://www.schumer.senate.gov/contact/email-chuck,Joseph D. Morelle (D),202-225-3615,https://morelle.house.gov
147,"Ithaca / Elmira, NY",NY,Kirsten E. Gillibrand (D); Charles E. Schumer (D),202-224-4451; 202-224-6542,https://www.gillibrand.senate.gov/contact/email-me; https://www.schumer.senate.gov/contact/email-chuck,Nicholas A. Langworthy (R),202-225-3161,https://langworthy.house.gov
148,"Ithaca, NY",NY,Kirsten E. Gillibrand (D); Charles E. Schumer (D),202-224-4451; 202-224-6542,https://www.gillibrand.senate.gov/contact/email-me; https://www.schumer.senate.gov/contact/email-chuck,Josh Riley (D); Nicholas A. Langworthy (R); Claudia Tenney (R),202-225-5441; 202-225-3161; 202-225-3665,https://riley.house.gov; https://langworthy.house.gov; https://tenney.house.gov
149,"Elmira, NY",NY,Kirsten E. Gillibrand (D); Charles E. Schumer (D),202-224-4451; 202-224-6542,https://www.gillibrand.senate.gov/contact/email-me; https://www.schumer.senate.gov/contact/email-chuck,Nicholas A. Langworthy (R),202-225-3161,https://langworthy.house.gov
150,"Pittsburgh, PA",PA,John Fetterman (D); David McCormick (R),202-224-4254; 202-224-6324,https://www.fetterman.senate.gov/contact/; https://mccormick.senate.gov/,Summer L. Lee (D); Guy Reschenthaler (R); Mike Kelly (R); Christopher R. Deluzio (D),202-225-2135; 202-225-2065; 202-225-5406; 202-225-2301,https://summerlee.house.gov; https://reschenthaler.house.gov; https://kelly.house.gov; https://deluzio.house.gov
151,"Pittsburgh (north), PA",PA,John Fetterman (D); David McCormick (R),202-224-4254; 202-224-6324,https://www.fetterman.senate.gov/contact/; https://mccormick.senate.gov/,Summer L. Lee (D); Guy Reschenthaler (R); Christopher R. Deluzio (D),202-225-2135; 202-225-2065; 202-225-2301,https://summerlee.house.gov; https://reschenthaler.house.gov; https://deluzio.house.gov
152,"Pittsburgh (south), PA",PA,John Fetterman (D); David McCormick (R),202-224-4254; 202-224-6324,https://www.fetterman.senate.gov/contact/; https://mccormick.senate.gov/,Summer L. Lee (D); Guy Reschenthaler (R); Christopher R. Deluzio (D),202-225-2135; 202-225-2065; 202-225-2301,https://summerlee.house.gov; https://reschenthaler.house.gov; https://deluzio.house.gov
153,"Washington / Connellsville, PA",PA,John Fetterman (D); David McCormick (R),202-224-4254; 202-224-6324,https://www.fetterman.senate.gov/contact/; https://mccormick.senate.gov/,Summer L. Lee (D); Guy Reschenthaler (R); Christopher R. Deluzio (D),202-225-2135; 202-225-2065; 202-225-2301,https://summerlee.house.gov; https://reschenthaler.house.gov; https://deluzio.house.gov
154,"Washington, PA",PA,John Fetterman (D); David McCormick (R),202-224-4254; 202-224-6324,https://www.fetterman.senate.gov/contact/; https://mccormick.senate.gov/,Summer L. Lee (D); Guy Reschenthaler (R),202-225-2135; 202-225-2065,https://summerlee.house.gov; https://reschenthaler.house.gov
155,"Uniontown / Johnstown area, PA",PA,John Fetterman (D); David McCormick (R),202-224-4254; 202-224-6324,https://www.fetterman.senate.gov/contact/; https://mccormick.senate.gov/,John Joyce (R); Guy Reschenthaler (R),202-225-2431; 202-225-2065,https://johnjoyce.house.gov; https://reschenthaler.house.gov
156,"Greensburg, PA",PA,John Fetterman (D); David McCormick (R),202-224-4254; 202-224-6324,https://www.fetterman.senate.gov/contact/; https://mccormick.senate.gov/,Summer L. Lee (D); Guy Reschenthaler (R); Glenn Thompson (R),202-225-2135; 202-225-2065; 202-225-5121,https://summerlee.house.gov; https://reschenthaler.house.gov; https://thompson.house.gov
157,"Indiana, PA",PA,John Fetterman (D); David McCormick (R),202-224-4254; 202-224-6324,https://www.fetterman.senate.gov/contact/; https://mccormick.senate.gov/,John Joyce (R); Guy Reschenthaler (R); Glenn Thompson (R),202-225-2431; 202-225-2065; 202-225-5121,https://johnjoyce.house.gov; https://reschenthaler.house.gov; https://thompson.house.gov
158,"DuBois / Clarion, PA",PA,John Fetterman (D); David McCormick (R),202-224-4254; 202-224-6324,https://www.fetterman.senate.gov/contact/; https://mccormick.senate.gov/,Glenn Thompson (R),202-225-5121,https://thompson.house.gov
159,"Butler, PA",PA,John Fetterman (D); David McCormick (R),202-224-4254; 202-224-6324,https://www.fetterman.senate.gov/contact/; https://mccormick.senate.gov/,John Joyce (R); Guy Reschenthaler (R),202-225-2431; 202-225-2065,https://johnjoyce.house.gov; https://reschenthaler.house.gov
160,"New Castle, PA",PA,John Fetterman (D); David McCormick (R),202-224-4254; 202-224-6324,https://www.fetterman.senate.gov/contact/; https://mccormick.senate.gov/,Glenn Thompson (R); Mike Kelly (R); Christopher R. Deluzio (D),202-225-5121; 202-225-5406; 202-225-2301,https://thompson.house.gov; https://kelly.house.gov; https://deluzio.house.gov
161,"Kittanning, PA",PA,John Fetterman (D); David McCormick (R),202-224-4254; 202-224-6324,https://www.fetterman.senate.gov/contact/; https://mccormick.senate.gov/,Glenn Thompson (R); Mike Kelly (R); Christopher R. Deluzio (D),202-225-5121; 202-225-5406; 202-225-2301,https://thompson.house.gov; https://kelly.house.gov; https://deluzio.house.gov
162,"Kittanning east, PA",PA,John Fetterman (D); David McCormick (R),202-224-4254; 202-224-6324,https://www.fetterman.senate.gov/contact/; https://mccormick.senate.gov/,Guy Reschenthaler (R); Glenn Thompson (R); Mike Kelly (R),202-225-2065; 202-225-5121; 202-225-5406,https://reschenthaler.house.gov; https://thompson.house.gov; https://kelly.house.gov
163,"Oil City / Meadville, PA",PA,John Fetterman (D); David McCormick (R),202-224-4254; 202-224-6324,https://www.fetterman.senate.gov/contact/; https://mccormick.senate.gov/,Glenn Thompson (R); Mike Kelly (R),202-225-5121; 202-225-5406,https://thompson.house.gov; https://kelly.house.gov
164,"Erie, PA",PA,John Fetterman (D); David McCormick (R),202-224-4254; 202-224-6324,https://www.fetterman.senate.gov/contact/; https://mccormick.senate.gov/,Glenn Thompson (R); Mike Kelly (R),202-225-5121; 202-225-5406,https://thompson.house.gov; https://kelly.house.gov
165,"Erie east, PA",PA,John Fetterman (D); David McCormick (R),202-224-4254; 202-224-6324,https://www.fetterman.senate.gov/contact/; https://mccormick.senate.gov/,Mike Kelly (R),202-225-5406,https://kelly.house.gov
166,"Altoona, PA",PA,John Fetterman (D); David McCormick (R),202-224-4254; 202-224-6324,https://www.fetterman.senate.gov/contact/; https://mccormick.senate.gov/,John Joyce (R); Glenn Thompson (R),202-225-2431; 202-225-5121,https://johnjoyce.house.gov; https://thompson.house.gov
167,"Bradford, PA",PA,John Fetterman (D); David McCormick (R),202-224-4254; 202-224-6324,https://www.fetterman.senate.gov/contact/; https://mccormick.senate.gov/,Glenn Thompson (R),202-225-5121,https://thompson.house.gov
168,"State College, PA",PA,John Fetterman (D); David McCormick (R),202-224-4254; 202-224-6324,https://www.fetterman.senate.gov/contact/; https://mccormick.senate.gov/,John Joyce (R); Glenn Thompson (R),202-225-2431; 202-225-5121,https://johnjoyce.house.gov; https://thompson.house.gov
169,"Williamsport, PA",PA,John Fetterman (D); David McCormick (R),202-224-4254; 202-224-6324,https://www.fetterman.senate.gov/contact/; https://mccormick.senate.gov/,Glenn Thompson (R); Daniel Meuser (R),202-225-5121; 202-225-6511,https://thompson.house.gov; https://meuser.house.gov
170,"Harrisburg, PA",PA,John Fetterman (D); David McCormick (R),202-224-4254; 202-224-6324,https://www.fetterman.senate.gov/contact/; https://mccormick.senate.gov/,Scott Perry (R); Lloyd Smucker (R); John Joyce (R); Glenn Thompson (R); Daniel Meuser (R),202-225-5836; 202-225-2411; 202-225-2431; 202-225-5121; 202-225-6511,https://perry.house.gov; https://smucker.house.gov; https://johnjoyce.house.gov; https://thompson.house.gov; https://meuser.house.gov
171,"Harrisburg north, PA",PA,John Fetterman (D); David McCormick (R),202-224-4254; 202-224-6324,https://www.fetterman.senate.gov/contact/; https://mccormick.senate.gov/,Scott Perry (R),202-225-5836,https://perry.house.gov
172,"Chambersburg, PA",PA,John Fetterman (D); David McCormick (R),202-224-4254; 202-224-6324,https://www.fetterman.senate.gov/contact/; https://mccormick.senate.gov/,Scott Perry (R); John Joyce (R),202-225-5836; 202-225-2431,https://perry.house.gov; https://johnjoyce.house.gov
173,"York, PA",PA,John Fetterman (D); David McCormick (R),202-224-4254; 202-224-6324,https://www.fetterman.senate.gov/contact/; https://mccormick.senate.gov/,Scott Perry (R); Lloyd Smucker (R); John Joyce (R),202-225-5836; 202-225-2411; 202-225-2431,https://perry.house.gov; https://smucker.house.gov; https://johnjoyce.house.gov
174,"York south, PA",PA,John Fetterman (D); David McCormick (R),202-224-4254; 202-224-6324,https://www.fetterman.senate.gov/contact/; https://mccormick.senate.gov/,Scott Perry (R); Lloyd Smucker (R),202-225-5836; 202-225-2411,https://perry.house.gov; https://smucker.house.gov
175,"Lancaster, PA",PA,John Fetterman (D); David McCormick (R),202-224-4254; 202-224-6324,https://www.fetterman.senate.gov/contact/; https://mccormick.senate.gov/,Lloyd Smucker (R); Chrissy Houlahan (D); Daniel Meuser (R),202-225-2411; 202-225-4315; 202-225-6511,https://smucker.house.gov; https://houlahan.house.gov; https://meuser.house.gov
176,"Lancaster east, PA",PA,John Fetterman (D); David McCormick (R),202-224-4254; 202-224-6324,https://www.fetterman.senate.gov/contact/; https://mccormick.senate.gov/,Lloyd Smucker (R),202-225-2411,https://smucker.house.gov
177,"Bloomsburg / Sunbury, PA",PA,John Fetterman (D); David McCormick (R),202-224-4254; 202-224-6324,https://www.fetterman.senate.gov/contact/; https://mccormick.senate.gov/,Glenn Thompson (R); Daniel Meuser (R),202-225-5121; 202-225-6511,https://thompson.house.gov; https://meuser.house.gov
178,"Hazleton, PA",PA,John Fetterman (D); David McCormick (R),202-224-4254; 202-224-6324,https://www.fetterman.senate.gov/contact/; https://mccormick.senate.gov/,John Joyce (R); Glenn Thompson (R); Daniel Meuser (R),202-225-2431; 202-225-5121; 202-225-6511,https://johnjoyce.house.gov; https://thompson.house.gov; https://meuser.house.gov
179,"Pottsville / Scranton area, PA",PA,John Fetterman (D); David McCormick (R),202-224-4254; 202-224-6324,https://www.fetterman.senate.gov/contact/; https://mccormick.senate.gov/,Scott Perry (R); Daniel Meuser (R),202-225-5836; 202-225-6511,https://perry.house.gov; https://meuser.house.gov
180,"Lehigh Valley / Allentown, PA",PA,John Fetterman (D); David McCormick (R),202-224-4254; 202-224-6324,https://www.fetterman.senate.gov/contact/; https://mccormick.senate.gov/,"Brian K. Fitzpatrick (R); Madeleine Dean (D); Ryan Mackenzie (R); Robert P. Bresnahan, Jr. (R)",202-225-4276; 202-225-4731; 202-225-6411; 202-225-5546,https://fitzpatrick.house.gov; https://dean.house.gov; https://mackenzie.house.gov; https://bresnahan.house.gov
181,"Allentown, PA",PA,John Fetterman (D); David McCormick (R),202-224-4254; 202-224-6324,https://www.fetterman.senate.gov/contact/; https://mccormick.senate.gov/,Ryan Mackenzie (R),202-225-6411,https://mackenzie.house.gov
182,"Wilkes-Barre / Hazleton, PA",PA,John Fetterman (D); David McCormick (R),202-224-4254; 202-224-6324,https://www.fetterman.senate.gov/contact/; https://mccormick.senate.gov/,"Ryan Mackenzie (R); Robert P. Bresnahan, Jr. (R); Daniel Meuser (R)",202-225-6411; 202-225-5546; 202-225-6511,https://mackenzie.house.gov; https://bresnahan.house.gov; https://meuser.house.gov
183,"Stroudsburg, PA",PA,John Fetterman (D); David McCormick (R),202-224-4254; 202-224-6324,https://www.fetterman.senate.gov/contact/; https://mccormick.senate.gov/,"Ryan Mackenzie (R); Robert P. Bresnahan, Jr. (R)",202-225-6411; 202-225-5546,https://mackenzie.house.gov; https://bresnahan.house.gov
184,"Scranton, PA",PA,John Fetterman (D); David McCormick (R),202-224-4254; 202-224-6324,https://www.fetterman.senate.gov/contact/; https://mccormick.senate.gov/,"Robert P. Bresnahan, Jr. (R); Daniel Meuser (R)",202-225-5546; 202-225-6511,https://bresnahan.house.gov; https://meuser.house.gov
185,"Scranton east, PA",PA,John Fetterman (D); David McCormick (R),202-224-4254; 202-224-6324,https://www.fetterman.senate.gov/contact/; https://mccormick.senate.gov/,"Robert P. Bresnahan, Jr. (R)",202-225-5546,https://bresnahan.house.gov
186,"Wilkes-Barre, PA",PA,John Fetterman (D); David McCormick (R),202-224-4254; 202-224-6324,https://www.fetterman.senate.gov/contact/; https://mccormick.senate.gov/,"Glenn Thompson (R); Ryan Mackenzie (R); Robert P. Bresnahan, Jr. (R); Daniel Meuser (R)",202-225-5121; 202-225-6411; 202-225-5546; 202-225-6511,https://thompson.house.gov; https://mackenzie.house.gov; https://bresnahan.house.gov; https://meuser.house.gov
187,"Wilkes-Barre south, PA",PA,John Fetterman (D); David McCormick (R),202-224-4254; 202-224-6324,https://www.fetterman.senate.gov/contact/; https://mccormick.senate.gov/,"Robert P. Bresnahan, Jr. (R); Daniel Meuser (R)",202-225-5546; 202-225-6511,https://bresnahan.house.gov; https://meuser.house.gov
188,"Montrose / Towanda, PA",PA,John Fetterman (D); David McCormick (R),202-224-4254; 202-224-6324,https://www.fetterman.senate.gov/contact/; https://mccormick.senate.gov/,"Robert P. Bresnahan, Jr. (R); Daniel Meuser (R)",202-225-5546; 202-225-6511,https://bresnahan.house.gov; https://meuser.house.gov
189,"Doylestown / Eastern PA, PA",PA,John Fetterman (D); David McCormick (R),202-224-4254; 202-224-6324,https://www.fetterman.senate.gov/contact/; https://mccormick.senate.gov/,Brian K. Fitzpatrick (R); Madeleine Dean (D); Ryan Mackenzie (R),202-225-4276; 202-225-4731; 202-225-6411,https://fitzpatrick.house.gov; https://dean.house.gov; https://mackenzie.house.gov
190,"Philadelphia, PA",PA,John Fetterman (D); David McCormick (R),202-224-4254; 202-224-6324,https://www.fetterman.senate.gov/contact/; https://mccormick.senate.gov/,Brian K. Fitzpatrick (R); Madeleine Dean (D); Mary Gay Scanlon (D); Chrissy Houlahan (D),202-225-4276; 202-225-4731; 202-225-2011; 202-225-4315,https://fitzpatrick.house.gov; https://dean.house.gov; https://scanlon.house.gov; https://houlahan.house.gov
191,"Philadelphia (north), PA",PA,John Fetterman (D); David McCormick (R),202-224-4254; 202-224-6324,https://www.fetterman.senate.gov/contact/; https://mccormick.senate.gov/,Brendan F. Boyle (D); Dwight Evans (D); Madeleine Dean (D); Mary Gay Scanlon (D),202-225-6111; 202-225-4001; 202-225-4731; 202-225-2011,https://boyle.house.gov; https://evans.house.gov; https://dean.house.gov; https://scanlon.house.gov
192,"Philadelphia (NW), PA",PA,John Fetterman (D); David McCormick (R),202-224-4254; 202-224-6324,https://www.fetterman.senate.gov/contact/; https://mccormick.senate.gov/,,,
193,"Norristown / Montgomery County, PA",PA,John Fetterman (D); David McCormick (R),202-224-4254; 202-224-6324,https://www.fetterman.senate.gov/contact/; https://mccormick.senate.gov/,Lloyd Smucker (R); Mary Gay Scanlon (D); Chrissy Houlahan (D),202-225-2411; 202-225-2011; 202-225-4315,https://smucker.house.gov; https://scanlon.house.gov; https://houlahan.house.gov
194,"Norristown area, PA",PA,John Fetterman (D); David McCormick (R),202-224-4254; 202-224-6324,https://www.fetterman.senate.gov/contact/; https://mccormick.senate.gov/,Brian K. Fitzpatrick (R); Madeleine Dean (D); Mary Gay Scanlon (D); Chrissy Houlahan (D),202-225-4276; 202-225-4731; 202-225-2011; 202-225-4315,https://fitzpatrick.house.gov; https://dean.house.gov; https://scanlon.house.gov; https://houlahan.house.gov
195,"Reading, PA",PA,John Fetterman (D); David McCormick (R),202-224-4254; 202-224-6324,https://www.fetterman.senate.gov/contact/; https://mccormick.senate.gov/,Brian K. Fitzpatrick (R); Lloyd Smucker (R); Madeleine Dean (D); Chrissy Houlahan (D); Ryan Mackenzie (R); Daniel Meuser (R),202-225-4276; 202-225-2411; 202-225-4731; 202-225-4315; 202-225-6411; 202-225-6511,https://fitzpatrick.house.gov; https://smucker.house.gov; https://dean.house.gov; https://houlahan.house.gov; https://mackenzie.house.gov; https://meuser.house.gov
196,"Reading east, PA",PA,John Fetterman (D); David McCormick (R),202-224-4254; 202-224-6324,https://www.fetterman.senate.gov/contact/; https://mccormick.senate.gov/,Madeleine Dean (D); Chrissy Houlahan (D); Daniel Meuser (R),202-225-4731; 202-225-4315; 202-225-6511,https://dean.house.gov; https://houlahan.house.gov; https://meuser.house.gov
197,"Wilmington, DE",DE,Christopher A. Coons (D); Lisa Blunt Rochester (D),202-224-5042; 202-224-2441,https://www.coons.senate.gov/contact; https://www.bluntrochester.senate.gov,Sarah McBride (D),202-225-4165,https://mcbride.house.gov
198,"Wilmington / Newark, DE",DE,Christopher A. Coons (D); Lisa Blunt Rochester (D),202-224-5042; 202-224-2441,https://www.coons.senate.gov/contact; https://www.bluntrochester.senate.gov,Sarah McBride (D),202-225-4165,https://mcbride.house.gov
199,"Dover, DE",DE; MD,Christopher A. Coons (D); Lisa Blunt Rochester (D); Chris Van Hollen (D); Angela D. Alsobrooks (D),202-224-5042; 202-224-2441; 202-224-4654; 202-224-4524,https://www.coons.senate.gov/contact; https://www.bluntrochester.senate.gov; https://www.vanhollen.senate.gov/contact/email; https://alsobrooks.senate.gov/,Sarah McBride (D); Andy Harris (R),202-225-4165; 202-225-5311,https://mcbride.house.gov; https://harris.house.gov
200,"Washington, DC",DC,,,,Eleanor Holmes Norton (D),202-225-8050,https://norton.house.gov
201,Dulles / northern VA (DC area),VA; WV,Mark R. Warner (D); Tim Kaine (D); Shelley Moore Capito (R); James C. Justice (R),202-224-2023; 202-224-4024; 202-224-6472; 202-224-3954,https://www.warner.senate.gov/public/index.cfm?p=Contact; https://www.kaine.senate.gov/contact; https://www.capito.senate.gov/contact/contact-shelley; https://www.justice.senate.gov,Suhas Subramanyam (D); James R. Walkinshaw (D); Ben Cline (R); Eugene Simon Vindman (D); Riley M. Moore (R),202-225-5136; 202-225-1492; 202-225-5431; 202-225-2815; 202-225-2711,https://subramanyam.house.gov; https://walkinshaw.house.gov; https://cline.house.gov; https://vindman.house.gov; https://rileymoore.house.gov
202,Washington DC (NW),DC,,,,Eleanor Holmes Norton (D),202-225-8050,https://norton.house.gov
203,Washington DC (NE),DC,,,,Eleanor Holmes Norton (D),202-225-8050,https://norton.house.gov
204,Washington DC (SE),DC,,,,Eleanor Holmes Norton (D),202-225-8050,https://norton.house.gov
205,Washington DC (SW),DC,,,,Eleanor Holmes Norton (D),202-225-8050,https://norton.house.gov
206,Southern MD,MD,Chris Van Hollen (D); Angela D. Alsobrooks (D),202-224-4654; 202-224-4524,https://www.vanhollen.senate.gov/contact/email; https://alsobrooks.senate.gov/,Glenn Ivey (D); Steny H. Hoyer (D),202-225-8699; 202-225-4131,https://ivey.house.gov; https://hoyer.house.gov
207,Southern MD / Clinton,MD,Chris Van Hollen (D); Angela D. Alsobrooks (D),202-224-4654; 202-224-4524,https://www.vanhollen.senate.gov/contact/email; https://alsobrooks.senate.gov/,Sarah Elfreth (D); Glenn Ivey (D); Steny H. Hoyer (D); Jamie Raskin (D),202-225-4016; 202-225-8699; 202-225-4131; 202-225-5341,https://elfreth.house.gov; https://ivey.house.gov; https://hoyer.house.gov; https://raskin.house.gov
208,"Chevy Chase / Bethesda, MD",MD,Chris Van Hollen (D); Angela D. Alsobrooks (D),202-224-4654; 202-224-4524,https://www.vanhollen.senate.gov/contact/email; https://alsobrooks.senate.gov/,Sarah Elfreth (D); Glenn Ivey (D); April McClain Delaney (D); Jamie Raskin (D),202-225-4016; 202-225-8699; 202-225-2721; 202-225-5341,https://elfreth.house.gov; https://ivey.house.gov; https://mcclaindelaney.house.gov; https://raskin.house.gov
209,"Gaithersburg / Rockville, MD",MD,Chris Van Hollen (D); Angela D. Alsobrooks (D),202-224-4654; 202-224-4524,https://www.vanhollen.senate.gov/contact/email; https://alsobrooks.senate.gov/,Glenn Ivey (D); Jamie Raskin (D),202-225-8699; 202-225-5341,https://ivey.house.gov; https://raskin.house.gov
210,"Baltimore, MD",MD,Chris Van Hollen (D); Angela D. Alsobrooks (D),202-224-4654; 202-224-4524,https://www.vanhollen.senate.gov/contact/email; https://alsobrooks.senate.gov/,"Andy Harris (R); Johnny Olszewski, Jr. (D); Sarah Elfreth (D); Steny H. Hoyer (D); Kweisi Mfume (D)",202-225-5311; 202-225-3061; 202-225-4016; 202-225-4131; 202-225-4741,https://harris.house.gov; https://olszewski.house.gov; https://elfreth.house.gov; https://hoyer.house.gov; https://mfume.house.gov
211,"Baltimore (north), MD",MD,Chris Van Hollen (D); Angela D. Alsobrooks (D),202-224-4654; 202-224-4524,https://www.vanhollen.senate.gov/contact/email; https://alsobrooks.senate.gov/,"Andy Harris (R); Johnny Olszewski, Jr. (D); Sarah Elfreth (D); Steny H. Hoyer (D); Kweisi Mfume (D)",202-225-5311; 202-225-3061; 202-225-4016; 202-225-4131; 202-225-4741,https://harris.house.gov; https://olszewski.house.gov; https://elfreth.house.gov; https://hoyer.house.gov; https://mfume.house.gov
212,"Baltimore (east), MD",MD,Chris Van Hollen (D); Angela D. Alsobrooks (D),202-224-4654; 202-224-4524,https://www.vanhollen.senate.gov/contact/email; https://alsobrooks.senate.gov/,"Andy Harris (R); Johnny Olszewski, Jr. (D); Sarah Elfreth (D); Kweisi Mfume (D)",202-225-5311; 202-225-3061; 202-225-4016; 202-225-4741,https://harris.house.gov; https://olszewski.house.gov; https://elfreth.house.gov; https://mfume.house.gov
214,"Annapolis, MD",MD,Chris Van Hollen (D); Angela D. Alsobrooks (D),202-224-4654; 202-224-4524,https://www.vanhollen.senate.gov/contact/email; https://alsobrooks.senate.gov/,Sarah Elfreth (D),202-225-4016,https://elfreth.house.gov
215,"Cumberland, MD",MD,Chris Van Hollen (D); Angela D. Alsobrooks (D),202-224-4654; 202-224-4524,https://www.vanhollen.senate.gov/contact/email; https://alsobrooks.senate.gov/,April McClain Delaney (D),202-225-2721,https://mcclaindelaney.house.gov
216,"Hagerstown, MD",MD,Chris Van Hollen (D); Angela D. Alsobrooks (D),202-224-4654; 202-224-4524,https://www.vanhollen.senate.gov/contact/email; https://alsobrooks.senate.gov/,Andy Harris (R),202-225-5311,https://harris.house.gov
217,"Frederick, MD",MD,Chris Van Hollen (D); Angela D. Alsobrooks (D),202-224-4654; 202-224-4524,https://www.vanhollen.senate.gov/contact/email; https://alsobrooks.senate.gov/,"Johnny Olszewski, Jr. (D); Sarah Elfreth (D); April McClain Delaney (D); Jamie Raskin (D)",202-225-3061; 202-225-4016; 202-225-2721; 202-225-5341,https://olszewski.house.gov; https://elfreth.house.gov; https://mcclaindelaney.house.gov; https://raskin.house.gov
218,"Salisbury, MD",DE; MD,Christopher A. Coons (D); Lisa Blunt Rochester (D); Chris Van Hollen (D); Angela D. Alsobrooks (D),202-224-5042; 202-224-2441; 202-224-4654; 202-224-4524,https://www.coons.senate.gov/contact; https://www.bluntrochester.senate.gov; https://www.vanhollen.senate.gov/contact/email; https://alsobrooks.senate.gov/,Sarah McBride (D); Andy Harris (R),202-225-4165; 202-225-5311,https://mcbride.house.gov; https://harris.house.gov
219,"Prince Frederick, MD",DE; MD,Christopher A. Coons (D); Lisa Blunt Rochester (D); Chris Van Hollen (D); Angela D. Alsobrooks (D),202-224-5042; 202-224-2441; 202-224-4654; 202-224-4524,https://www.coons.senate.gov/contact; https://www.bluntrochester.senate.gov; https://www.vanhollen.senate.gov/contact/email; https://alsobrooks.senate.gov/,Sarah McBride (D); Andy Harris (R),202-225-4165; 202-225-5311,https://mcbride.house.gov; https://harris.house.gov
220,Northern VA / Fairfax,VA,Mark R. Warner (D); Tim Kaine (D),202-224-2023; 202-224-4024,https://www.warner.senate.gov/public/index.cfm?p=Contact; https://www.kaine.senate.gov/contact,"Suhas Subramanyam (D); James R. Walkinshaw (D); Eugene Simon Vindman (D); Donald S. Beyer, Jr. (D)",202-225-5136; 202-225-1492; 202-225-2815; 202-225-4376,https://subramanyam.house.gov; https://walkinshaw.house.gov; https://vindman.house.gov; https://beyer.house.gov
221,Northern VA / Falls Church,VA,Mark R. Warner (D); Tim Kaine (D),202-224-2023; 202-224-4024,https://www.warner.senate.gov/public/index.cfm?p=Contact; https://www.kaine.senate.gov/contact,"Suhas Subramanyam (D); James R. Walkinshaw (D); Eugene Simon Vindman (D); Donald S. Beyer, Jr. (D)",202-225-5136; 202-225-1492; 202-225-2815; 202-225-4376,https://subramanyam.house.gov; https://walkinshaw.house.gov; https://vindman.house.gov; https://beyer.house.gov
222,"Arlington, VA",VA,Mark R. Warner (D); Tim Kaine (D),202-224-2023; 202-224-4024,https://www.warner.senate.gov/public/index.cfm?p=Contact; https://www.kaine.senate.gov/contact,"Donald S. Beyer, Jr. (D)",202-225-4376,https://beyer.house.gov
223,"Alexandria, VA",VA,Mark R. Warner (D); Tim Kaine (D),202-224-2023; 202-224-4024,https://www.warner.senate.gov/public/index.cfm?p=Contact; https://www.kaine.senate.gov/contact,"James R. Walkinshaw (D); Donald S. Beyer, Jr. (D)",202-225-1492; 202-225-4376,https://walkinshaw.house.gov; https://beyer.house.gov
224,"Fredericksburg, VA",VA,Mark R. Warner (D); Tim Kaine (D),202-224-2023; 202-224-4024,https://www.warner.senate.gov/public/index.cfm?p=Contact; https://www.kaine.senate.gov/contact,Robert J. Wittman (R); Suhas Subramanyam (D); Eugene Simon Vindman (D),202-225-4261; 202-225-5136; 202-225-2815,https://wittman.house.gov; https://subramanyam.house.gov; https://vindman.house.gov
225,"Fredericksburg south, VA",VA,Mark R. Warner (D); Tim Kaine (D),202-224-2023; 202-224-4024,https://www.warner.senate.gov/public/index.cfm?p=Contact; https://www.kaine.senate.gov/contact,Robert J. Wittman (R); Suhas Subramanyam (D); John J. McGuire III (R); Eugene Simon Vindman (D),202-225-4261; 202-225-5136; 202-225-4711; 202-225-2815,https://wittman.house.gov; https://subramanyam.house.gov; https://mcguire.house.gov; https://vindman.house.gov
226,"Winchester, VA",VA,Mark R. Warner (D); Tim Kaine (D),202-224-2023; 202-224-4024,https://www.warner.senate.gov/public/index.cfm?p=Contact; https://www.kaine.senate.gov/contact,Suhas Subramanyam (D); Ben Cline (R),202-225-5136; 202-225-5431,https://subramanyam.house.gov; https://cline.house.gov
227,"Culpeper, VA",VA,Mark R. Warner (D); Tim Kaine (D),202-224-2023; 202-224-4024,https://www.warner.senate.gov/public/index.cfm?p=Contact; https://www.kaine.senate.gov/contact,Suhas Subramanyam (D); Eugene Simon Vindman (D),202-225-5136; 202-225-2815,https://subramanyam.house.gov; https://vindman.house.gov
228,"Harrisonburg, VA",VA,Mark R. Warner (D); Tim Kaine (D),202-224-2023; 202-224-4024,https://www.warner.senate.gov/public/index.cfm?p=Contact; https://www.kaine.senate.gov/contact,Ben Cline (R),202-225-5431,https://cline.house.gov
229,"Charlottesville, VA",VA,Mark R. Warner (D); Tim Kaine (D),202-224-2023; 202-224-4024,https://www.warner.senate.gov/public/index.cfm?p=Contact; https://www.kaine.senate.gov/contact,John J. McGuire III (R); Ben Cline (R); Eugene Simon Vindman (D),202-225-4711; 202-225-5431; 202-225-2815,https://mcguire.house.gov; https://cline.house.gov; https://vindman.house.gov
230,"Richmond, VA",VA,Mark R. Warner (D); Tim Kaine (D),202-224-2023; 202-224-4024,https://www.warner.senate.gov/public/index.cfm?p=Contact; https://www.kaine.senate.gov/contact,Robert J. Wittman (R); Jennifer L. McClellan (D); John J. McGuire III (R); Eugene Simon Vindman (D),202-225-4261; 202-225-6365; 202-225-4711; 202-225-2815,https://wittman.house.gov; https://mcclellan.house.gov; https://mcguire.house.gov; https://vindman.house.gov
231,"Richmond (south), VA",VA,Mark R. Warner (D); Tim Kaine (D),202-224-2023; 202-224-4024,https://www.warner.senate.gov/public/index.cfm?p=Contact; https://www.kaine.senate.gov/contact,Robert J. Wittman (R); Jennifer L. McClellan (D); John J. McGuire III (R); Eugene Simon Vindman (D),202-225-4261; 202-225-6365; 202-225-4711; 202-225-2815,https://wittman.house.gov; https://mcclellan.house.gov; https://mcguire.house.gov; https://vindman.house.gov
232,"Richmond metro, VA",VA,Mark R. Warner (D); Tim Kaine (D),202-224-2023; 202-224-4024,https://www.warner.senate.gov/public/index.cfm?p=Contact; https://www.kaine.senate.gov/contact,Robert J. Wittman (R); Jennifer L. McClellan (D); John J. McGuire III (R),202-225-4261; 202-225-6365; 202-225-4711,https://wittman.house.gov; https://mcclellan.house.gov; https://mcguire.house.gov
233,"Norfolk / Chesapeake, VA",VA,Mark R. Warner (D); Tim Kaine (D),202-224-2023; 202-224-4024,https://www.warner.senate.gov/public/index.cfm?p=Contact; https://www.kaine.senate.gov/contact,"Jennifer A. Kiggans (R); Robert C. ""Bobby"" Scott (D)",202-225-4215; 202-225-8351,https://kiggans.house.gov; https://bobbyscott.house.gov
234,"Norfolk, VA",VA,Mark R. Warner (D); Tim Kaine (D),202-224-2023; 202-224-4024,https://www.warner.senate.gov/public/index.cfm?p=Contact; https://www.kaine.senate.gov/contact,"Jennifer A. Kiggans (R); Robert C. ""Bobby"" Scott (D); Jennifer L. McClellan (D)",202-225-4215; 202-225-8351; 202-225-6365,https://kiggans.house.gov; https://bobbyscott.house.gov; https://mcclellan.house.gov
235,"Norfolk (east), VA",VA,Mark R. Warner (D); Tim Kaine (D),202-224-2023; 202-224-4024,https://www.warner.senate.gov/public/index.cfm?p=Contact; https://www.kaine.senate.gov/contact,"Robert C. ""Bobby"" Scott (D)",202-225-8351,https://bobbyscott.house.gov
236,"Norfolk (south), VA",VA,Mark R. Warner (D); Tim Kaine (D),202-224-2023; 202-224-4024,https://www.warner.senate.gov/public/index.cfm?p=Contact; https://www.kaine.senate.gov/contact,"Robert J. Wittman (R); Robert C. ""Bobby"" Scott (D)",202-225-4261; 202-225-8351,https://wittman.house.gov; https://bobbyscott.house.gov
237,"Portsmouth, VA",VA,Mark R. Warner (D); Tim Kaine (D),202-224-2023; 202-224-4024,https://www.warner.senate.gov/public/index.cfm?p=Contact; https://www.kaine.senate.gov/contact,"Robert C. ""Bobby"" Scott (D)",202-225-8351,https://bobbyscott.house.gov
238,"Richmond (NW), VA",VA,Mark R. Warner (D); Tim Kaine (D),202-224-2023; 202-224-4024,https://www.warner.senate.gov/public/index.cfm?p=Contact; https://www.kaine.senate.gov/contact,Robert J. Wittman (R); Jennifer A. Kiggans (R); Jennifer L. McClellan (D); John J. McGuire III (R),202-225-4261; 202-225-4215; 202-225-6365; 202-225-4711,https://wittman.house.gov; https://kiggans.house.gov; https://mcclellan.house.gov; https://mcguire.house.gov
239,"Farmville, VA",VA,Mark R. Warner (D); Tim Kaine (D),202-224-2023; 202-224-4024,https://www.warner.senate.gov/public/index.cfm?p=Contact; https://www.kaine.senate.gov/contact,Jennifer L. McClellan (D); John J. McGuire III (R),202-225-6365; 202-225-4711,https://mcclellan.house.gov; https://mcguire.house.gov
240,"Roanoke, VA",VA,Mark R. Warner (D); Tim Kaine (D),202-224-2023; 202-224-4024,https://www.warner.senate.gov/public/index.cfm?p=Contact; https://www.kaine.senate.gov/contact,John J. McGuire III (R); Ben Cline (R); H. Morgan Griffith (R),202-225-4711; 202-225-5431; 202-225-3861,https://mcguire.house.gov; https://cline.house.gov; https://morgangriffith.house.gov
241,"Roanoke (south), VA",VA,Mark R. Warner (D); Tim Kaine (D),202-224-2023; 202-224-4024,https://www.warner.senate.gov/public/index.cfm?p=Contact; https://www.kaine.senate.gov/contact,John J. McGuire III (R); Ben Cline (R); H. Morgan Griffith (R),202-225-4711; 202-225-5431; 202-225-3861,https://mcguire.house.gov; https://cline.house.gov; https://morgangriffith.house.gov
242,"Bristol / Abingdon, VA",VA,Mark R. Warner (D); Tim Kaine (D),202-224-2023; 202-224-4024,https://www.warner.senate.gov/public/index.cfm?p=Contact; https://www.kaine.senate.gov/contact,H. Morgan Griffith (R),202-225-3861,https://morgangriffith.house.gov
243,"Pulaski / Radford, VA",VA,Mark R. Warner (D); Tim Kaine (D),202-224-2023; 202-224-4024,https://www.warner.senate.gov/public/index.cfm?p=Contact; https://www.kaine.senate.gov/contact,H. Morgan Griffith (R),202-225-3861,https://morgangriffith.house.gov
244,"Staunton / Waynesboro, VA",VA,Mark R. Warner (D); Tim Kaine (D),202-224-2023; 202-224-4024,https://www.warner.senate.gov/public/index.cfm?p=Contact; https://www.kaine.senate.gov/contact,John J. McGuire III (R); Ben Cline (R); H. Morgan Griffith (R),202-225-4711; 202-225-5431; 202-225-3861,https://mcguire.house.gov; https://cline.house.gov; https://morgangriffith.house.gov
245,"Lynchburg, VA",VA,Mark R. Warner (D); Tim Kaine (D),202-224-2023; 202-224-4024,https://www.warner.senate.gov/public/index.cfm?p=Contact; https://www.kaine.senate.gov/contact,John J. McGuire III (R); Ben Cline (R); H. Morgan Griffith (R),202-225-4711; 202-225-5431; 202-225-3861,https://mcguire.house.gov; https://cline.house.gov; https://morgangriffith.house.gov
246,"Bluefield / Tazewell, VA",VA; WV,Mark R. Warner (D); Tim Kaine (D); Shelley Moore Capito (R); James C. Justice (R),202-224-2023; 202-224-4024; 202-224-6472; 202-224-3954,https://www.warner.senate.gov/public/index.cfm?p=Contact; https://www.kaine.senate.gov/contact; https://www.capito.senate.gov/contact/contact-shelley; https://www.justice.senate.gov,H. Morgan Griffith (R); Carol D. Miller (R),202-225-3861; 202-225-3452,https://morgangriffith.house.gov; https://miller.house.gov
247,"Bluefield, WV",WV,Shelley Moore Capito (R); James C. Justice (R),202-224-6472; 202-224-3954,https://www.capito.senate.gov/contact/contact-shelley; https://www.justice.senate.gov,Carol D. Miller (R),202-225-3452,https://miller.house.gov
248,"Beckley, WV",WV,Shelley Moore Capito (R); James C. Justice (R),202-224-6472; 202-224-3954,https://www.capito.senate.gov/contact/contact-shelley; https://www.justice.senate.gov,Carol D. Miller (R),202-225-3452,https://miller.house.gov
249,"Lewisburg, WV",WV,Shelley Moore Capito (R); James C. Justice (R),202-224-6472; 202-224-3954,https://www.capito.senate.gov/contact/contact-shelley; https://www.justice.senate.gov,Carol D. Miller (R),202-225-3452,https://miller.house.gov
250,"Charleston, WV",WV,Shelley Moore Capito (R); James C. Justice (R),202-224-6472; 202-224-3954,https://www.capito.senate.gov/contact/contact-shelley; https://www.justice.senate.gov,Carol D. Miller (R),202-225-3452,https://miller.house.gov
251,"Charleston (east), WV",WV,Shelley Moore Capito (R); James C. Justice (R),202-224-6472; 202-224-3954,https://www.capito.senate.gov/contact/contact-shelley; https://www.justice.senate.gov,Carol D. Miller (R),202-225-3452,https://miller.house.gov
252,"Charleston (north), WV",WV,Shelley Moore Capito (R); James C. Justice (R),202-224-6472; 202-224-3954,https://www.capito.senate.gov/contact/contact-shelley; https://www.justice.senate.gov,Carol D. Miller (R),202-225-3452,https://miller.house.gov
253,"Charleston (south), WV",WV,Shelley Moore Capito (R); James C. Justice (R),202-224-6472; 202-224-3954,https://www.capito.senate.gov/contact/contact-shelley; https://www.justice.senate.gov,Carol D. Miller (R),202-225-3452,https://miller.house.gov
254,"Martinsburg, WV",WV,Shelley Moore Capito (R); James C. Justice (R),202-224-6472; 202-224-3954,https://www.capito.senate.gov/contact/contact-shelley; https://www.justice.senate.gov,Riley M. Moore (R),202-225-2711,https://rileymoore.house.gov
255,"Huntington, WV",WV,Shelley Moore Capito (R); James C. Justice (R),202-224-6472; 202-224-3954,https://www.capito.senate.gov/contact/contact-shelley; https://www.justice.senate.gov,Carol D. Miller (R),202-225-3452,https://miller.house.gov
256,"Huntington (east), WV",WV,Shelley Moore Capito (R); James C. Justice (R),202-224-6472; 202-224-3954,https://www.capito.senate.gov/contact/contact-shelley; https://www.justice.senate.gov,Carol D. Miller (R),202-225-3452,https://miller.house.gov
257,"Huntington (north), WV",WV,Shelley Moore Capito (R); James C. Justice (R),202-224-6472; 202-224-3954,https://www.capito.senate.gov/contact/contact-shelley; https://www.justice.senate.gov,Carol D. Miller (R),202-225-3452,https://miller.house.gov
258,"Clarksburg, WV",WV,Shelley Moore Capito (R); James C. Justice (R),202-224-6472; 202-224-3954,https://www.capito.senate.gov/contact/contact-shelley; https://www.justice.senate.gov,Carol D. Miller (R),202-225-3452,https://miller.house.gov
259,"Clarksburg (east), WV",WV,Shelley Moore Capito (R); James C. Justice (R),202-224-6472; 202-224-3954,https://www.capito.senate.gov/contact/contact-shelley; https://www.justice.senate.gov,Carol D. Miller (R),202-225-3452,https://miller.house.gov
260,"Wheeling, WV",WV,Shelley Moore Capito (R); James C. Justice (R),202-224-6472; 202-224-3954,https://www.capito.senate.gov/contact/contact-shelley; https://www.justice.senate.gov,Riley M. Moore (R),202-225-2711,https://rileymoore.house.gov
261,"Parkersburg, WV",WV,Shelley Moore Capito (R); James C. Justice (R),202-224-6472; 202-224-3954,https://www.capito.senate.gov/contact/contact-shelley; https://www.justice.senate.gov,Carol D. Miller (R); Riley M. Moore (R),202-225-3452; 202-225-2711,https://miller.house.gov; https://rileymoore.house.gov
262,"Parkersburg (east), WV",WV,Shelley Moore Capito (R); James C. Justice (R),202-224-6472; 202-224-3954,https://www.capito.senate.gov/contact/contact-shelley; https://www.justice.senate.gov,Carol D. Miller (R); Riley M. Moore (R),202-225-3452; 202-225-2711,https://miller.house.gov; https://rileymoore.house.gov
263,"Elkins, WV",WV,Shelley Moore Capito (R); James C. Justice (R),202-224-6472; 202-224-3954,https://www.capito.senate.gov/contact/contact-shelley; https://www.justice.senate.gov,Carol D. Miller (R); Riley M. Moore (R),202-225-3452; 202-225-2711,https://miller.house.gov; https://rileymoore.house.gov
264,"Romney / Keyser, WV",WV,Shelley Moore Capito (R); James C. Justice (R),202-224-6472; 202-224-3954,https://www.capito.senate.gov/contact/contact-shelley; https://www.justice.senate.gov,Carol D. Miller (R); Riley M. Moore (R),202-225-3452; 202-225-2711,https://miller.house.gov; https://rileymoore.house.gov
265,"Morgantown, WV",WV,Shelley Moore Capito (R); James C. Justice (R),202-224-6472; 202-224-3954,https://www.capito.senate.gov/contact/contact-shelley; https://www.justice.senate.gov,Riley M. Moore (R),202-225-2711,https://rileymoore.house.gov
266,"Morgantown (north), WV",WV,Shelley Moore Capito (R); James C. Justice (R),202-224-6472; 202-224-3954,https://www.capito.senate.gov/contact/contact-shelley; https://www.justice.senate.gov,Carol D. Miller (R),202-225-3452,https://miller.house.gov
267,"Romney, WV",WV,Shelley Moore Capito (R); James C. Justice (R),202-224-6472; 202-224-3954,https://www.capito.senate.gov/contact/contact-shelley; https://www.justice.senate.gov,Riley M. Moore (R),202-225-2711,https://rileymoore.house.gov
268,"Petersburg, WV",WV,Shelley Moore Capito (R); James C. Justice (R),202-224-6472; 202-224-3954,https://www.capito.senate.gov/contact/contact-shelley; https://www.justice.senate.gov,Carol D. Miller (R); Riley M. Moore (R),202-225-3452; 202-225-2711,https://miller.house.gov; https://rileymoore.house.gov
270,"Greensboro, NC",NC; VA,Thom Tillis (R); Ted Budd (R); Mark R. Warner (D); Tim Kaine (D),202-224-6342; 202-224-3154; 202-224-2023; 202-224-4024,https://www.tillis.senate.gov/public/index.cfm/email-me; https://www.budd.senate.gov/contact/; https://www.warner.senate.gov/public/index.cfm?p=Contact; https://www.kaine.senate.gov/contact,Pat Harrigan (R); Virginia Foxx (R); Addison P. McDowell (R); H. Morgan Griffith (R),202-225-2576; 202-225-2071; 202-225-3065; 202-225-3861,https://harrigan.house.gov; https://foxx.house.gov; https://mcdowell.house.gov; https://morgangriffith.house.gov
271,"Winston-Salem, NC",NC,Thom Tillis (R); Ted Budd (R),202-224-6342; 202-224-3154,https://www.tillis.senate.gov/public/index.cfm/email-me; https://www.budd.senate.gov/contact/,Pat Harrigan (R); Addison P. McDowell (R),202-225-2576; 202-225-3065,https://harrigan.house.gov; https://mcdowell.house.gov
272,"Greensboro (east), NC",NC,Thom Tillis (R); Ted Budd (R),202-224-6342; 202-224-3154,https://www.tillis.senate.gov/public/index.cfm/email-me; https://www.budd.senate.gov/contact/,Pat Harrigan (R); Brad Knott (R); Valerie P. Foushee (D); Virginia Foxx (R); Addison P. McDowell (R); Mark Harris (R); Richard Hudson (R),202-225-2576; 202-225-4531; 202-225-1784; 202-225-2071; 202-225-3065; 202-225-1976; 202-225-3715,https://harrigan.house.gov; https://knott.house.gov; https://foushee.house.gov; https://foxx.house.gov; https://mcdowell.house.gov; https://markharris.house.gov; https://hudson.house.gov
273,"Greensboro (west), NC",NC,Thom Tillis (R); Ted Budd (R),202-224-6342; 202-224-3154,https://www.tillis.senate.gov/public/index.cfm/email-me; https://www.budd.senate.gov/contact/,Brad Knott (R); Valerie P. Foushee (D); Virginia Foxx (R); Addison P. McDowell (R); Mark Harris (R); Richard Hudson (R),202-225-4531; 202-225-1784; 202-225-2071; 202-225-3065; 202-225-1976; 202-225-3715,https://knott.house.gov; https://foushee.house.gov; https://foxx.house.gov; https://mcdowell.house.gov; https://markharris.house.gov; https://hudson.house.gov
274,"Winston-Salem area, NC",NC,Thom Tillis (R); Ted Budd (R),202-224-6342; 202-224-3154,https://www.tillis.senate.gov/public/index.cfm/email-me; https://www.budd.senate.gov/contact/,Virginia Foxx (R); Addison P. McDowell (R); Richard Hudson (R),202-225-2071; 202-225-3065; 202-225-3715,https://foxx.house.gov; https://mcdowell.house.gov; https://hudson.house.gov
275,"Raleigh, NC",NC,Thom Tillis (R); Ted Budd (R),202-224-6342; 202-224-3154,https://www.tillis.senate.gov/public/index.cfm/email-me; https://www.budd.senate.gov/contact/,Donald G. Davis (D); Brad Knott (R); Deborah K. Ross (D); Valerie P. Foushee (D); Richard Hudson (R),202-225-3101; 202-225-4531; 202-225-3032; 202-225-1784; 202-225-3715,https://dondavis.house.gov; https://knott.house.gov; https://ross.house.gov; https://foushee.house.gov; https://hudson.house.gov
276,"Raleigh (north), NC",NC,Thom Tillis (R); Ted Budd (R),202-224-6342; 202-224-3154,https://www.tillis.senate.gov/public/index.cfm/email-me; https://www.budd.senate.gov/contact/,Brad Knott (R); Deborah K. Ross (D); Valerie P. Foushee (D),202-225-4531; 202-225-3032; 202-225-1784,https://knott.house.gov; https://ross.house.gov; https://foushee.house.gov
277,"Durham, NC",NC,Thom Tillis (R); Ted Budd (R),202-224-6342; 202-224-3154,https://www.tillis.senate.gov/public/index.cfm/email-me; https://www.budd.senate.gov/contact/,Deborah K. Ross (D); Valerie P. Foushee (D); Richard Hudson (R),202-225-3032; 202-225-1784; 202-225-3715,https://ross.house.gov; https://foushee.house.gov; https://hudson.house.gov
278,"Rocky Mount, NC",NC,Thom Tillis (R); Ted Budd (R),202-224-6342; 202-224-3154,https://www.tillis.senate.gov/public/index.cfm/email-me; https://www.budd.senate.gov/contact/,Donald G. Davis (D); Brad Knott (R); Gregory F. Murphy (R),202-225-3101; 202-225-4531; 202-225-3415,https://dondavis.house.gov; https://knott.house.gov; https://murphy.house.gov
279,"Rocky Mount (south), NC",NC,Thom Tillis (R); Ted Budd (R),202-224-6342; 202-224-3154,https://www.tillis.senate.gov/public/index.cfm/email-me; https://www.budd.senate.gov/contact/,Donald G. Davis (D); Gregory F. Murphy (R),202-225-3101; 202-225-3415,https://dondavis.house.gov; https://murphy.house.gov
280,"Charlotte, NC",NC,Thom Tillis (R); Ted Budd (R),202-224-6342; 202-224-3154,https://www.tillis.senate.gov/public/index.cfm/email-me; https://www.budd.senate.gov/contact/,Pat Harrigan (R); Alma S. Adams (D); Tim Moore (R); Addison P. McDowell (R); Mark Harris (R),202-225-2576; 202-225-1510; 202-225-5634; 202-225-3065; 202-225-1976,https://harrigan.house.gov; https://adams.house.gov; https://timmoore.house.gov; https://mcdowell.house.gov; https://markharris.house.gov
281,"Charlotte (north), NC",NC,Thom Tillis (R); Ted Budd (R),202-224-6342; 202-224-3154,https://www.tillis.senate.gov/public/index.cfm/email-me; https://www.budd.senate.gov/contact/,Pat Harrigan (R); Chuck Edwards (R); Alma S. Adams (D); Tim Moore (R); Addison P. McDowell (R); Mark Harris (R); Richard Hudson (R),202-225-2576; 202-225-6401; 202-225-1510; 202-225-5634; 202-225-3065; 202-225-1976; 202-225-3715,https://harrigan.house.gov; https://edwards.house.gov; https://adams.house.gov; https://timmoore.house.gov; https://mcdowell.house.gov; https://markharris.house.gov; https://hudson.house.gov
282,"Charlotte (east), NC",NC,Thom Tillis (R); Ted Budd (R),202-224-6342; 202-224-3154,https://www.tillis.senate.gov/public/index.cfm/email-me; https://www.budd.senate.gov/contact/,Alma S. Adams (D); Tim Moore (R); Addison P. McDowell (R); Mark Harris (R),202-225-1510; 202-225-5634; 202-225-3065; 202-225-1976,https://adams.house.gov; https://timmoore.house.gov; https://mcdowell.house.gov; https://markharris.house.gov
283,"Fayetteville, NC",NC,Thom Tillis (R); Ted Budd (R),202-224-6342; 202-224-3154,https://www.tillis.senate.gov/public/index.cfm/email-me; https://www.budd.senate.gov/contact/,Donald G. Davis (D); Brad Knott (R); Gregory F. Murphy (R); David Rouzer (R); Mark Harris (R); Richard Hudson (R),202-225-3101; 202-225-4531; 202-225-3415; 202-225-2731; 202-225-1976; 202-225-3715,https://dondavis.house.gov; https://knott.house.gov; https://murphy.house.gov; https://rouzer.house.gov; https://markharris.house.gov; https://hudson.house.gov
284,"Wilmington, NC",NC,Thom Tillis (R); Ted Budd (R),202-224-6342; 202-224-3154,https://www.tillis.senate.gov/public/index.cfm/email-me; https://www.budd.senate.gov/contact/,Gregory F. Murphy (R); David Rouzer (R),202-225-3415; 202-225-2731,https://murphy.house.gov; https://rouzer.house.gov
285,"Kinston, NC",NC,Thom Tillis (R); Ted Budd (R),202-224-6342; 202-224-3154,https://www.tillis.senate.gov/public/index.cfm/email-me; https://www.budd.senate.gov/contact/,Donald G. Davis (D); Gregory F. Murphy (R),202-225-3101; 202-225-3415,https://dondavis.house.gov; https://murphy.house.gov
286,"Hickory / Morganton, NC",NC; VA,Thom Tillis (R); Ted Budd (R); Mark R. Warner (D); Tim Kaine (D),202-224-6342; 202-224-3154; 202-224-2023; 202-224-4024,https://www.tillis.senate.gov/public/index.cfm/email-me; https://www.budd.senate.gov/contact/; https://www.warner.senate.gov/public/index.cfm?p=Contact; https://www.kaine.senate.gov/contact,Pat Harrigan (R); Chuck Edwards (R); Tim Moore (R); Virginia Foxx (R); Addison P. McDowell (R); H. Morgan Griffith (R),202-225-2576; 202-225-6401; 202-225-5634; 202-225-2071; 202-225-3065; 202-225-3861,https://harrigan.house.gov; https://edwards.house.gov; https://timmoore.house.gov; https://foxx.house.gov; https://mcdowell.house.gov; https://morgangriffith.house.gov
287,"Asheville, NC",NC,Thom Tillis (R); Ted Budd (R),202-224-6342; 202-224-3154,https://www.tillis.senate.gov/public/index.cfm/email-me; https://www.budd.senate.gov/contact/,Chuck Edwards (R); Tim Moore (R),202-225-6401; 202-225-5634,https://edwards.house.gov; https://timmoore.house.gov
288,"Asheville (east), NC",NC,Thom Tillis (R); Ted Budd (R),202-224-6342; 202-224-3154,https://www.tillis.senate.gov/public/index.cfm/email-me; https://www.budd.senate.gov/contact/,Chuck Edwards (R),202-225-6401,https://edwards.house.gov
289,"Asheville (west), NC",NC,Thom Tillis (R); Ted Budd (R),202-224-6342; 202-224-3154,https://www.tillis.senate.gov/public/index.cfm/email-me; https://www.budd.senate.gov/contact/,Chuck Edwards (R),202-225-6401,https://edwards.house.gov
290,"Columbia, SC",SC,Tim Scott (R); Darline Graham (R),202-224-6121; 202-224-5972,https://www.scott.senate.gov/contact/email-me; https://www.dgraham.senate.gov,Nancy Mace (R); Joe Wilson (R); Sheri Biggs (R); Ralph Norman (R); James E. Clyburn (D); Russell Fry (R),202-225-3176; 202-225-2452; 202-225-5301; 202-225-5501; 202-225-3315; 202-225-9895,https://mace.house.gov; https://joewilson.house.gov; https://sheribiggs.house.gov; https://norman.house.gov; https://clyburn.house.gov; https://fry.house.gov
291,"Columbia (east), SC",SC,Tim Scott (R); Darline Graham (R),202-224-6121; 202-224-5972,https://www.scott.senate.gov/contact/email-me; https://www.dgraham.senate.gov,Joe Wilson (R); Sheri Biggs (R); Ralph Norman (R); James E. Clyburn (D); Russell Fry (R),202-225-2452; 202-225-5301; 202-225-5501; 202-225-3315; 202-225-9895,https://joewilson.house.gov; https://sheribiggs.house.gov; https://norman.house.gov; https://clyburn.house.gov; https://fry.house.gov
292,"Columbia (north), SC",SC,Tim Scott (R); Darline Graham (R),202-224-6121; 202-224-5972,https://www.scott.senate.gov/contact/email-me; https://www.dgraham.senate.gov,Joe Wilson (R); James E. Clyburn (D),202-225-2452; 202-225-3315,https://joewilson.house.gov; https://clyburn.house.gov
293,"Spartanburg, SC",SC,Tim Scott (R); Darline Graham (R),202-224-6121; 202-224-5972,https://www.scott.senate.gov/contact/email-me; https://www.dgraham.senate.gov,Sheri Biggs (R); William R. Timmons IV (R); Ralph Norman (R),202-225-5301; 202-225-6030; 202-225-5501,https://sheribiggs.house.gov; https://timmons.house.gov; https://norman.house.gov
294,"Charleston, SC",SC,Tim Scott (R); Darline Graham (R),202-224-6121; 202-224-5972,https://www.scott.senate.gov/contact/email-me; https://www.dgraham.senate.gov,Nancy Mace (R); James E. Clyburn (D); Russell Fry (R),202-225-3176; 202-225-3315; 202-225-9895,https://mace.house.gov; https://clyburn.house.gov; https://fry.house.gov
295,"Florence, SC",SC,Tim Scott (R); Darline Graham (R),202-224-6121; 202-224-5972,https://www.scott.senate.gov/contact/email-me; https://www.dgraham.senate.gov,Ralph Norman (R); James E. Clyburn (D); Russell Fry (R),202-225-5501; 202-225-3315; 202-225-9895,https://norman.house.gov; https://clyburn.house.gov; https://fry.house.gov
296,"Greenville, SC",SC,Tim Scott (R); Darline Graham (R),202-224-6121; 202-224-5972,https://www.scott.senate.gov/contact/email-me; https://www.dgraham.senate.gov,Sheri Biggs (R); William R. Timmons IV (R),202-225-5301; 202-225-6030,https://sheribiggs.house.gov; https://timmons.house.gov
297,"Rock Hill, SC",SC,Tim Scott (R); Darline Graham (R),202-224-6121; 202-224-5972,https://www.scott.senate.gov/contact/email-me; https://www.dgraham.senate.gov,Ralph Norman (R); Russell Fry (R),202-225-5501; 202-225-9895,https://norman.house.gov; https://fry.house.gov
298,"Aiken, SC",SC,Tim Scott (R); Darline Graham (R),202-224-6121; 202-224-5972,https://www.scott.senate.gov/contact/email-me; https://www.dgraham.senate.gov,Joe Wilson (R); Sheri Biggs (R); James E. Clyburn (D),202-225-2452; 202-225-5301; 202-225-3315,https://joewilson.house.gov; https://sheribiggs.house.gov; https://clyburn.house.gov
299,"Beaufort, SC",SC,Tim Scott (R); Darline Graham (R),202-224-6121; 202-224-5972,https://www.scott.senate.gov/contact/email-me; https://www.dgraham.senate.gov,Nancy Mace (R); James E. Clyburn (D),202-225-3176; 202-225-3315,https://mace.house.gov; https://clyburn.house.gov
300,"Atlanta, GA",GA,Jon Ossoff (D); Raphael G. Warnock (D),202-224-3521; 202-224-3643,https://www.ossoff.senate.gov/contact-us/; https://www.warnock.senate.gov/contact/,"Mike Collins (R); Barry Loudermilk (R); Clay Fuller (R); Henry C. ""Hank"" Johnson, Jr. (D); Nikema Williams (D); Lucy McBath (D); Richard McCormick (R); Andrew S. Clyde (R)",202-225-4101; 202-225-2931; 202-225-5211; 202-225-1605; 202-225-3801; 202-225-4501; 202-225-4272; 202-225-9893,https://collins.house.gov; https://loudermilk.house.gov; https://fuller.house.gov; https://hankjohnson.house.gov; https://nikemawilliams.house.gov; https://mcbath.house.gov; https://mccormick.house.gov; https://clyde.house.gov
301,"Atlanta (NE), GA",AL; GA,Tommy Tuberville (R); Katie Boyd Britt (R); Jon Ossoff (D); Raphael G. Warnock (D),202-224-4124; 202-224-5744; 202-224-3521; 202-224-3643,https://www.tuberville.senate.gov/contact/contact-form/; https://www.britt.senate.gov/contact/; https://www.ossoff.senate.gov/contact-us/; https://www.warnock.senate.gov/contact/,Mike Rogers (R); Barry Loudermilk (R); Clay Fuller (R); Brian Jack (R); Lucy McBath (D); Richard McCormick (R); Andrew S. Clyde (R),202-225-3261; 202-225-2931; 202-225-5211; 202-225-5901; 202-225-4501; 202-225-4272; 202-225-9893,https://mikerogers.house.gov; https://loudermilk.house.gov; https://fuller.house.gov; https://jack.house.gov; https://mcbath.house.gov; https://mccormick.house.gov; https://clyde.house.gov
302,"Atlanta (south), GA",GA,Jon Ossoff (D); Raphael G. Warnock (D),202-224-3521; 202-224-3643,https://www.ossoff.senate.gov/contact-us/; https://www.warnock.senate.gov/contact/,"Mike Collins (R); Brian Jack (R); Henry C. ""Hank"" Johnson, Jr. (D); Nikema Williams (D); Lucy McBath (D); Austin Scott (R)",202-225-4101; 202-225-5901; 202-225-1605; 202-225-3801; 202-225-4501; 202-225-6531,https://collins.house.gov; https://jack.house.gov; https://hankjohnson.house.gov; https://nikemawilliams.house.gov; https://mcbath.house.gov; https://austinscott.house.gov
303,"Atlanta (NW), GA",GA,Jon Ossoff (D); Raphael G. Warnock (D),202-224-3521; 202-224-3643,https://www.ossoff.senate.gov/contact-us/; https://www.warnock.senate.gov/contact/,"Barry Loudermilk (R); Henry C. ""Hank"" Johnson, Jr. (D); Nikema Williams (D); Lucy McBath (D); Richard McCormick (R)",202-225-2931; 202-225-1605; 202-225-3801; 202-225-4501; 202-225-4272,https://loudermilk.house.gov; https://hankjohnson.house.gov; https://nikemawilliams.house.gov; https://mcbath.house.gov; https://mccormick.house.gov
304,"Atlanta (north), GA",GA,Jon Ossoff (D); Raphael G. Warnock (D),202-224-3521; 202-224-3643,https://www.ossoff.senate.gov/contact-us/; https://www.warnock.senate.gov/contact/,"Earl L. ""Buddy"" Carter (R); Rick W. Allen (R)",202-225-5831; 202-225-2823,https://buddycarter.house.gov; https://allen.house.gov
305,"Atlanta metro north, GA",GA,Jon Ossoff (D); Raphael G. Warnock (D),202-224-3521; 202-224-3643,https://www.ossoff.senate.gov/contact-us/; https://www.warnock.senate.gov/contact/,Mike Collins (R); Barry Loudermilk (R); Richard McCormick (R); Andrew S. Clyde (R),202-225-4101; 202-225-2931; 202-225-4272; 202-225-9893,https://collins.house.gov; https://loudermilk.house.gov; https://mccormick.house.gov; https://clyde.house.gov
306,"Atlanta (west), GA",GA,Jon Ossoff (D); Raphael G. Warnock (D),202-224-3521; 202-224-3643,https://www.ossoff.senate.gov/contact-us/; https://www.warnock.senate.gov/contact/,Mike Collins (R); Rick W. Allen (R); Andrew S. Clyde (R),202-225-4101; 202-225-2823; 202-225-9893,https://collins.house.gov; https://allen.house.gov; https://clyde.house.gov
307,Chattanooga area GA/TN border,GA; TN,Jon Ossoff (D); Raphael G. Warnock (D); Marsha Blackburn (R); Bill Hagerty (R),202-224-3521; 202-224-3643; 202-224-3344; 202-224-4944,https://www.ossoff.senate.gov/contact-us/; https://www.warnock.senate.gov/contact/; https://www.blackburn.senate.gov/email-me; https://www.hagerty.senate.gov/email-me/,"Barry Loudermilk (R); Clay Fuller (R); Charles J. ""Chuck"" Fleischmann (R)",202-225-2931; 202-225-5211; 202-225-3271,https://loudermilk.house.gov; https://fuller.house.gov; https://fleischmann.house.gov
308,"Augusta, GA",GA,Jon Ossoff (D); Raphael G. Warnock (D),202-224-3521; 202-224-3643,https://www.ossoff.senate.gov/contact-us/; https://www.warnock.senate.gov/contact/,Mike Collins (R); Rick W. Allen (R),202-225-4101; 202-225-2823,https://collins.house.gov; https://allen.house.gov
309,"Augusta (south), GA",GA,Jon Ossoff (D); Raphael G. Warnock (D),202-224-3521; 202-224-3643,https://www.ossoff.senate.gov/contact-us/; https://www.warnock.senate.gov/contact/,Rick W. Allen (R),202-225-2823,https://allen.house.gov
310,"Macon, GA",GA,Jon Ossoff (D); Raphael G. Warnock (D),202-224-3521; 202-224-3643,https://www.ossoff.senate.gov/contact-us/; https://www.warnock.senate.gov/contact/,"Mike Collins (R); Rick W. Allen (R); Sanford D. Bishop, Jr. (D); Brian Jack (R); Austin Scott (R)",202-225-4101; 202-225-2823; 202-225-3631; 202-225-5901; 202-225-6531,https://collins.house.gov; https://allen.house.gov; https://bishop.house.gov; https://jack.house.gov; https://austinscott.house.gov
311,"Macon (east), GA",GA,Jon Ossoff (D); Raphael G. Warnock (D),202-224-3521; 202-224-3643,https://www.ossoff.senate.gov/contact-us/; https://www.warnock.senate.gov/contact/,,,
312,"Macon (south), GA",GA,Jon Ossoff (D); Raphael G. Warnock (D),202-224-3521; 202-224-3643,https://www.ossoff.senate.gov/contact-us/; https://www.warnock.senate.gov/contact/,"Sanford D. Bishop, Jr. (D); Austin Scott (R)",202-225-3631; 202-225-6531,https://bishop.house.gov; https://austinscott.house.gov
313,"Savannah, GA",GA,Jon Ossoff (D); Raphael G. Warnock (D),202-224-3521; 202-224-3643,https://www.ossoff.senate.gov/contact-us/; https://www.warnock.senate.gov/contact/,"Earl L. ""Buddy"" Carter (R); Rick W. Allen (R)",202-225-5831; 202-225-2823,https://buddycarter.house.gov; https://allen.house.gov
314,"Savannah (south), GA",GA,Jon Ossoff (D); Raphael G. Warnock (D),202-224-3521; 202-224-3643,https://www.ossoff.senate.gov/contact-us/; https://www.warnock.senate.gov/contact/,"Earl L. ""Buddy"" Carter (R)",202-225-5831,https://buddycarter.house.gov
315,"Waycross / Valdosta, GA",GA,Jon Ossoff (D); Raphael G. Warnock (D),202-224-3521; 202-224-3643,https://www.ossoff.senate.gov/contact-us/; https://www.warnock.senate.gov/contact/,"Earl L. ""Buddy"" Carter (R); Rick W. Allen (R); Austin Scott (R)",202-225-5831; 202-225-2823; 202-225-6531,https://buddycarter.house.gov; https://allen.house.gov; https://austinscott.house.gov
316,"Valdosta, GA",GA,Jon Ossoff (D); Raphael G. Warnock (D),202-224-3521; 202-224-3643,https://www.ossoff.senate.gov/contact-us/; https://www.warnock.senate.gov/contact/,"Earl L. ""Buddy"" Carter (R); Sanford D. Bishop, Jr. (D); Austin Scott (R)",202-225-5831; 202-225-3631; 202-225-6531,https://buddycarter.house.gov; https://bishop.house.gov; https://austinscott.house.gov
317,"Albany, GA",GA,Jon Ossoff (D); Raphael G. Warnock (D),202-224-3521; 202-224-3643,https://www.ossoff.senate.gov/contact-us/; https://www.warnock.senate.gov/contact/,"Sanford D. Bishop, Jr. (D); Austin Scott (R)",202-225-3631; 202-225-6531,https://bishop.house.gov; https://austinscott.house.gov
318,"Columbus, GA",GA,Jon Ossoff (D); Raphael G. Warnock (D),202-224-3521; 202-224-3643,https://www.ossoff.senate.gov/contact-us/; https://www.warnock.senate.gov/contact/,"Sanford D. Bishop, Jr. (D); Brian Jack (R)",202-225-3631; 202-225-5901,https://bishop.house.gov; https://jack.house.gov
319,"Columbus (south), GA",GA,Jon Ossoff (D); Raphael G. Warnock (D),202-224-3521; 202-224-3643,https://www.ossoff.senate.gov/contact-us/; https://www.warnock.senate.gov/contact/,"Sanford D. Bishop, Jr. (D); Brian Jack (R)",202-225-3631; 202-225-5901,https://bishop.house.gov; https://jack.house.gov
320,"Jacksonville, FL",FL,Rick Scott (R); Ashley Moody (R),202-224-5274; 202-224-3041,https://www.rickscott.senate.gov/contact/contact; https://www.moody.senate.gov,Neal P. Dunn (R); Kat Cammack (R); Aaron Bean (R); John H. Rutherford (R); Randy Fine (R),202-225-5235; 202-225-5744; 202-225-0123; 202-225-2501; 202-225-2706,https://dunn.house.gov; https://cammack.house.gov; https://bean.house.gov; https://rutherford.house.gov; hhttps://fine.house.gov/address_authentication?form=/contact/email-me
321,"Daytona Beach, FL",FL,Rick Scott (R); Ashley Moody (R),202-224-5274; 202-224-3041,https://www.rickscott.senate.gov/contact/contact; https://www.moody.senate.gov,Daniel Webster (R); Kat Cammack (R); Aaron Bean (R); Randy Fine (R); Cory Mills (R),202-225-1002; 202-225-5744; 202-225-0123; 202-225-2706; 202-225-4035,https://webster.house.gov; https://cammack.house.gov; https://bean.house.gov; hhttps://fine.house.gov/address_authentication?form=/contact/email-me; https://mills.house.gov
322,"Jacksonville (south), FL",FL,Rick Scott (R); Ashley Moody (R),202-224-5274; 202-224-3041,https://www.rickscott.senate.gov/contact/contact; https://www.moody.senate.gov,Kat Cammack (R); Aaron Bean (R); John H. Rutherford (R); Randy Fine (R),202-225-5744; 202-225-0123; 202-225-2501; 202-225-2706,https://cammack.house.gov; https://bean.house.gov; https://rutherford.house.gov; hhttps://fine.house.gov/address_authentication?form=/contact/email-me
323,"Tallahassee, FL",FL,Rick Scott (R); Ashley Moody (R),202-224-5274; 202-224-3041,https://www.rickscott.senate.gov/contact/contact; https://www.moody.senate.gov,Neal P. Dunn (R); Kat Cammack (R),202-225-5235; 202-225-5744,https://dunn.house.gov; https://cammack.house.gov
324,"Panama City, FL",FL,Rick Scott (R); Ashley Moody (R),202-224-5274; 202-224-3041,https://www.rickscott.senate.gov/contact/contact; https://www.moody.senate.gov,Jimmy Patronis (R); Neal P. Dunn (R),202-225-4136; 202-225-5235,https://patronis.house.gov/contact/email-me; https://dunn.house.gov
325,"Pensacola, FL",FL,Rick Scott (R); Ashley Moody (R),202-224-5274; 202-224-3041,https://www.rickscott.senate.gov/contact/contact; https://www.moody.senate.gov,Jimmy Patronis (R); Neal P. Dunn (R),202-225-4136; 202-225-5235,https://patronis.house.gov/contact/email-me; https://dunn.house.gov
326,"Gainesville, FL",FL,Rick Scott (R); Ashley Moody (R),202-224-5274; 202-224-3041,https://www.rickscott.senate.gov/contact/contact; https://www.moody.senate.gov,Kat Cammack (R); Aaron Bean (R); Randy Fine (R),202-225-5744; 202-225-0123; 202-225-2706,https://cammack.house.gov; https://bean.house.gov; hhttps://fine.house.gov/address_authentication?form=/contact/email-me
327,"Orlando, FL",FL,Rick Scott (R); Ashley Moody (R),202-224-5274; 202-224-3041,https://www.rickscott.senate.gov/contact/contact; https://www.moody.senate.gov,Maxwell Frost (D); Daniel Webster (R); Randy Fine (R); Cory Mills (R); Mike Haridopolos (R); Darren Soto (D),202-225-2176; 202-225-1002; 202-225-2706; 202-225-4035; 202-225-3671; 202-225-9889,https://frost.house.gov; https://webster.house.gov; hhttps://fine.house.gov/address_authentication?form=/contact/email-me; https://mills.house.gov; https://haridopolos.house.gov; https://soto.house.gov
328,"Orlando (south), FL",FL,Rick Scott (R); Ashley Moody (R),202-224-5274; 202-224-3041,https://www.rickscott.senate.gov/contact/contact; https://www.moody.senate.gov,Maxwell Frost (D); Daniel Webster (R); Cory Mills (R); Mike Haridopolos (R); Darren Soto (D),202-225-2176; 202-225-1002; 202-225-4035; 202-225-3671; 202-225-9889,https://frost.house.gov; https://webster.house.gov; https://mills.house.gov; https://haridopolos.house.gov; https://soto.house.gov
329,"Melbourne / Cocoa, FL",FL,Rick Scott (R); Ashley Moody (R),202-224-5274; 202-224-3041,https://www.rickscott.senate.gov/contact/contact; https://www.moody.senate.gov,Mike Haridopolos (R),202-225-3671,https://haridopolos.house.gov
330,"Miami, FL",FL,Rick Scott (R); Ashley Moody (R),202-224-5274; 202-224-3041,https://www.rickscott.senate.gov/contact/contact; https://www.moody.senate.gov,Jared Moskowitz (D); Frederica S. Wilson (D); Debbie Wasserman Schultz (D); Mario Diaz-Balart (R); Maria Elvira Salazar (R); Carlos A. Gimenez (R),202-225-3001; 202-225-4506; 202-225-7931; 202-225-4211; 202-225-3931; 202-225-2778,https://moskowitz.house.gov; https://wilson.house.gov; https://wassermanschultz.house.gov; https://mariodiazbalart.house.gov; https://salazar.house.gov; https://gimenez.house.gov
331,"Miami Beach / Hialeah, FL",FL,Rick Scott (R); Ashley Moody (R),202-224-5274; 202-224-3041,https://www.rickscott.senate.gov/contact/contact; https://www.moody.senate.gov,Frederica S. Wilson (D); Mario Diaz-Balart (R); Maria Elvira Salazar (R); Carlos A. Gimenez (R),202-225-4506; 202-225-4211; 202-225-3931; 202-225-2778,https://wilson.house.gov; https://mariodiazbalart.house.gov; https://salazar.house.gov; https://gimenez.house.gov
332,"Miami (south), FL",FL,Rick Scott (R); Ashley Moody (R),202-224-5274; 202-224-3041,https://www.rickscott.senate.gov/contact/contact; https://www.moody.senate.gov,,,
333,"Fort Lauderdale, FL",FL,Rick Scott (R); Ashley Moody (R),202-224-5274; 202-224-3041,https://www.rickscott.senate.gov/contact/contact; https://www.moody.senate.gov,Jared Moskowitz (D); Debbie Wasserman Schultz (D),202-225-3001; 202-225-7931,https://moskowitz.house.gov; https://wassermanschultz.house.gov
334,"Sarasota / Bradenton, FL",FL,Rick Scott (R); Ashley Moody (R),202-224-5274; 202-224-3041,https://www.rickscott.senate.gov/contact/contact; https://www.moody.senate.gov,Scott Franklin (R); Brian J. Mast (R); Lois Frankel (D); Jared Moskowitz (D),202-225-1252; 202-225-3026; 202-225-9890; 202-225-3001,https://franklin.house.gov; https://mast.house.gov; https://frankel.house.gov; https://moskowitz.house.gov
335,"Tampa, FL",FL,Rick Scott (R); Ashley Moody (R),202-224-5274; 202-224-3041,https://www.rickscott.senate.gov/contact/contact; https://www.moody.senate.gov,Daniel Webster (R); Gus M. Bilirakis (R); Kathy Castor (D); Laurel M. Lee (R); Vern Buchanan (R); Scott Franklin (R),202-225-1002; 202-225-5755; 202-225-3376; 202-225-5626; 202-225-5015; 202-225-1252,https://webster.house.gov; https://bilirakis.house.gov; https://castor.house.gov; https://laurellee.house.gov; https://buchanan.house.gov; https://franklin.house.gov
336,"Tampa (east), FL",FL,Rick Scott (R); Ashley Moody (R),202-224-5274; 202-224-3041,https://www.rickscott.senate.gov/contact/contact; https://www.moody.senate.gov,Kathy Castor (D); Laurel M. Lee (R); Vern Buchanan (R),202-225-3376; 202-225-5626; 202-225-5015,https://castor.house.gov; https://laurellee.house.gov; https://buchanan.house.gov
337,"Saint Petersburg, FL",FL,Rick Scott (R); Ashley Moody (R),202-224-5274; 202-224-3041,https://www.rickscott.senate.gov/contact/contact; https://www.moody.senate.gov,Anna Paulina Luna (R); Kathy Castor (D),202-225-5961; 202-225-3376,https://luna.house.gov; https://castor.house.gov
338,"Ocala / Leesburg, FL",FL,Rick Scott (R); Ashley Moody (R),202-224-5274; 202-224-3041,https://www.rickscott.senate.gov/contact/contact; https://www.moody.senate.gov,Daniel Webster (R); Gus M. Bilirakis (R); Laurel M. Lee (R); Vern Buchanan (R); Scott Franklin (R); Darren Soto (D),202-225-1002; 202-225-5755; 202-225-5626; 202-225-5015; 202-225-1252; 202-225-9889,https://webster.house.gov; https://bilirakis.house.gov; https://laurellee.house.gov; https://buchanan.house.gov; https://franklin.house.gov; https://soto.house.gov
339,"Fort Myers / Naples, FL",FL,Rick Scott (R); Ashley Moody (R),202-224-5274; 202-224-3041,https://www.rickscott.senate.gov/contact/contact; https://www.moody.senate.gov,W. Gregory Steube (R); Scott Franklin (R); Byron Donalds (R),202-225-5792; 202-225-1252; 202-225-2536,https://steube.house.gov; https://franklin.house.gov; https://donalds.house.gov
340,USPS Miami (special),,,,,,,
341,"Fort Myers area, FL",FL,Rick Scott (R); Ashley Moody (R),202-224-5274; 202-224-3041,https://www.rickscott.senate.gov/contact/contact; https://www.moody.senate.gov,Scott Franklin (R); Byron Donalds (R); Mario Diaz-Balart (R); Carlos A. Gimenez (R),202-225-1252; 202-225-2536; 202-225-4211; 202-225-2778,https://franklin.house.gov; https://donalds.house.gov; https://mariodiazbalart.house.gov; https://gimenez.house.gov
342,"Clearwater / Largo, FL",FL,Rick Scott (R); Ashley Moody (R),202-224-5274; 202-224-3041,https://www.rickscott.senate.gov/contact/contact; https://www.moody.senate.gov,Vern Buchanan (R); W. Gregory Steube (R); Scott Franklin (R),202-225-5015; 202-225-5792; 202-225-1252,https://buchanan.house.gov; https://steube.house.gov; https://franklin.house.gov
344,"Gainesville north, FL",FL,Rick Scott (R); Ashley Moody (R),202-224-5274; 202-224-3041,https://www.rickscott.senate.gov/contact/contact; https://www.moody.senate.gov,Daniel Webster (R); Gus M. Bilirakis (R); Kat Cammack (R); Randy Fine (R),202-225-1002; 202-225-5755; 202-225-5744; 202-225-2706,https://webster.house.gov; https://bilirakis.house.gov; https://cammack.house.gov; hhttps://fine.house.gov/address_authentication?form=/contact/email-me
346,"Tampa / Land O Lakes, FL",FL,Rick Scott (R); Ashley Moody (R),202-224-5274; 202-224-3041,https://www.rickscott.senate.gov/contact/contact; https://www.moody.senate.gov,Gus M. Bilirakis (R); Anna Paulina Luna (R); Laurel M. Lee (R),202-225-5755; 202-225-5961; 202-225-5626,https://bilirakis.house.gov; https://luna.house.gov; https://laurellee.house.gov
347,"Orlando (NE), FL",FL,Rick Scott (R); Ashley Moody (R),202-224-5274; 202-224-3041,https://www.rickscott.senate.gov/contact/contact; https://www.moody.senate.gov,Maxwell Frost (D); Daniel Webster (R); Scott Franklin (R); Randy Fine (R); Darren Soto (D),202-225-2176; 202-225-1002; 202-225-1252; 202-225-2706; 202-225-9889,https://frost.house.gov; https://webster.house.gov; https://franklin.house.gov; hhttps://fine.house.gov/address_authentication?form=/contact/email-me; https://soto.house.gov
349,"Port Saint Lucie / Fort Pierce, FL",FL,Rick Scott (R); Ashley Moody (R),202-224-5274; 202-224-3041,https://www.rickscott.senate.gov/contact/contact; https://www.moody.senate.gov,Scott Franklin (R); Brian J. Mast (R); Darren Soto (D),202-225-1252; 202-225-3026; 202-225-9889,https://franklin.house.gov; https://mast.house.gov; https://soto.house.gov
350,"Birmingham, AL",AL,Tommy Tuberville (R); Katie Boyd Britt (R),202-224-4124; 202-224-5744,https://www.tuberville.senate.gov/contact/contact-form/; https://www.britt.senate.gov/contact/,Mike Rogers (R); Robert B. Aderholt (R); Dale W. Strong (R); Gary J. Palmer (R); Terri A. Sewell (D),202-225-3261; 202-225-4876; 202-225-4801; 202-225-4921; 202-225-2665,https://mikerogers.house.gov; https://aderholt.house.gov; https://strong.house.gov; https://palmer.house.gov; https://sewell.house.gov
351,"Birmingham (north), AL",AL,Tommy Tuberville (R); Katie Boyd Britt (R),202-224-4124; 202-224-5744,https://www.tuberville.senate.gov/contact/contact-form/; https://www.britt.senate.gov/contact/,Mike Rogers (R); Robert B. Aderholt (R); Dale W. Strong (R); Gary J. Palmer (R); Terri A. Sewell (D),202-225-3261; 202-225-4876; 202-225-4801; 202-225-4921; 202-225-2665,https://mikerogers.house.gov; https://aderholt.house.gov; https://strong.house.gov; https://palmer.house.gov; https://sewell.house.gov
352,"Birmingham (south), AL",AL,Tommy Tuberville (R); Katie Boyd Britt (R),202-224-4124; 202-224-5744,https://www.tuberville.senate.gov/contact/contact-form/; https://www.britt.senate.gov/contact/,Gary J. Palmer (R); Terri A. Sewell (D),202-225-4921; 202-225-2665,https://palmer.house.gov; https://sewell.house.gov
354,"Tuscaloosa, AL",AL,Tommy Tuberville (R); Katie Boyd Britt (R),202-224-4124; 202-224-5744,https://www.tuberville.senate.gov/contact/contact-form/; https://www.britt.senate.gov/contact/,Robert B. Aderholt (R); Terri A. Sewell (D),202-225-4876; 202-225-2665,https://aderholt.house.gov; https://sewell.house.gov
355,"Tuscaloosa (north), AL",AL,Tommy Tuberville (R); Katie Boyd Britt (R),202-224-4124; 202-224-5744,https://www.tuberville.senate.gov/contact/contact-form/; https://www.britt.senate.gov/contact/,Robert B. Aderholt (R); Dale W. Strong (R); Terri A. Sewell (D),202-225-4876; 202-225-4801; 202-225-2665,https://aderholt.house.gov; https://strong.house.gov; https://sewell.house.gov
356,"Anniston / Gadsden, AL",AL,Tommy Tuberville (R); Katie Boyd Britt (R),202-224-4124; 202-224-5744,https://www.tuberville.senate.gov/contact/contact-form/; https://www.britt.senate.gov/contact/,Robert B. Aderholt (R); Dale W. Strong (R),202-225-4876; 202-225-4801,https://aderholt.house.gov; https://strong.house.gov
357,"Huntsville, AL",AL,Tommy Tuberville (R); Katie Boyd Britt (R),202-224-4124; 202-224-5744,https://www.tuberville.senate.gov/contact/contact-form/; https://www.britt.senate.gov/contact/,Robert B. Aderholt (R); Dale W. Strong (R),202-225-4876; 202-225-4801,https://aderholt.house.gov; https://strong.house.gov
358,"Huntsville (north), AL",AL,Tommy Tuberville (R); Katie Boyd Britt (R),202-224-4124; 202-224-5744,https://www.tuberville.senate.gov/contact/contact-form/; https://www.britt.senate.gov/contact/,Dale W. Strong (R),202-225-4801,https://strong.house.gov
359,"Gadsden, AL",AL,Tommy Tuberville (R); Katie Boyd Britt (R),202-224-4124; 202-224-5744,https://www.tuberville.senate.gov/contact/contact-form/; https://www.britt.senate.gov/contact/,Mike Rogers (R); Robert B. Aderholt (R); Dale W. Strong (R),202-225-3261; 202-225-4876; 202-225-4801,https://mikerogers.house.gov; https://aderholt.house.gov; https://strong.house.gov
360,"Montgomery, AL",AL,Tommy Tuberville (R); Katie Boyd Britt (R),202-224-4124; 202-224-5744,https://www.tuberville.senate.gov/contact/contact-form/; https://www.britt.senate.gov/contact/,Barry Moore (R); Shomari Figures (D); Mike Rogers (R); Gary J. Palmer (R); Terri A. Sewell (D),202-225-2901; 202-225-4931; 202-225-3261; 202-225-4921; 202-225-2665,https://barrymoore.house.gov; https://figures.house.gov; https://mikerogers.house.gov; https://palmer.house.gov; https://sewell.house.gov
361,"Montgomery (north), AL",AL,Tommy Tuberville (R); Katie Boyd Britt (R),202-224-4124; 202-224-5744,https://www.tuberville.senate.gov/contact/contact-form/; https://www.britt.senate.gov/contact/,Shomari Figures (D),202-225-4931,https://figures.house.gov
362,"Anniston, AL",AL,Tommy Tuberville (R); Katie Boyd Britt (R),202-224-4124; 202-224-5744,https://www.tuberville.senate.gov/contact/contact-form/; https://www.britt.senate.gov/contact/,Mike Rogers (R),202-225-3261,https://mikerogers.house.gov
363,"Dothan, AL",AL,Tommy Tuberville (R); Katie Boyd Britt (R),202-224-4124; 202-224-5744,https://www.tuberville.senate.gov/contact/contact-form/; https://www.britt.senate.gov/contact/,Barry Moore (R); Shomari Figures (D),202-225-2901; 202-225-4931,https://barrymoore.house.gov; https://figures.house.gov
364,"Evergreen / Brewton, AL",AL,Tommy Tuberville (R); Katie Boyd Britt (R),202-224-4124; 202-224-5744,https://www.tuberville.senate.gov/contact/contact-form/; https://www.britt.senate.gov/contact/,Barry Moore (R); Shomari Figures (D); Terri A. Sewell (D),202-225-2901; 202-225-4931; 202-225-2665,https://barrymoore.house.gov; https://figures.house.gov; https://sewell.house.gov
365,"Mobile, AL",AL,Tommy Tuberville (R); Katie Boyd Britt (R),202-224-4124; 202-224-5744,https://www.tuberville.senate.gov/contact/contact-form/; https://www.britt.senate.gov/contact/,Barry Moore (R); Shomari Figures (D); Terri A. Sewell (D),202-225-2901; 202-225-4931; 202-225-2665,https://barrymoore.house.gov; https://figures.house.gov; https://sewell.house.gov
366,"Mobile (north), AL",AL,Tommy Tuberville (R); Katie Boyd Britt (R),202-224-4124; 202-224-5744,https://www.tuberville.senate.gov/contact/contact-form/; https://www.britt.senate.gov/contact/,Barry Moore (R); Shomari Figures (D),202-225-2901; 202-225-4931,https://barrymoore.house.gov; https://figures.house.gov
367,"Selma, AL",AL,Tommy Tuberville (R); Katie Boyd Britt (R),202-224-4124; 202-224-5744,https://www.tuberville.senate.gov/contact/contact-form/; https://www.britt.senate.gov/contact/,Shomari Figures (D); Gary J. Palmer (R); Terri A. Sewell (D),202-225-4931; 202-225-4921; 202-225-2665,https://figures.house.gov; https://palmer.house.gov; https://sewell.house.gov
368,"Selma (south), AL",AL,Tommy Tuberville (R); Katie Boyd Britt (R),202-224-4124; 202-224-5744,https://www.tuberville.senate.gov/contact/contact-form/; https://www.britt.senate.gov/contact/,Shomari Figures (D); Mike Rogers (R),202-225-4931; 202-225-3261,https://figures.house.gov; https://mikerogers.house.gov
369,Meridian MS area / Demopolis AL,AL,Tommy Tuberville (R); Katie Boyd Britt (R),202-224-4124; 202-224-5744,https://www.tuberville.senate.gov/contact/contact-form/; https://www.britt.senate.gov/contact/,Shomari Figures (D); Terri A. Sewell (D),202-225-4931; 202-225-2665,https://figures.house.gov; https://sewell.house.gov
370,"Nashville, TN",TN,Marsha Blackburn (R); Bill Hagerty (R),202-224-3344; 202-224-4944,https://www.blackburn.senate.gov/email-me; https://www.hagerty.senate.gov/email-me/,Scott DesJarlais (R); Andrew Ogles (R); John W. Rose (R); Matt Van Epps (R),202-225-6831; 202-225-4311; 202-225-4231; 202-225-2811,https://desjarlais.house.gov; https://ogles.house.gov; https://johnrose.house.gov; https://vanepps.house.gov
371,"Nashville (north), TN",TN,Marsha Blackburn (R); Bill Hagerty (R),202-224-3344; 202-224-4944,https://www.blackburn.senate.gov/email-me; https://www.hagerty.senate.gov/email-me/,Scott DesJarlais (R); Andrew Ogles (R); John W. Rose (R); Matt Van Epps (R),202-225-6831; 202-225-4311; 202-225-4231; 202-225-2811,https://desjarlais.house.gov; https://ogles.house.gov; https://johnrose.house.gov; https://vanepps.house.gov
372,"Nashville (east), TN",TN,Marsha Blackburn (R); Bill Hagerty (R),202-224-3344; 202-224-4944,https://www.blackburn.senate.gov/email-me; https://www.hagerty.senate.gov/email-me/,Andrew Ogles (R); John W. Rose (R); Matt Van Epps (R),202-225-4311; 202-225-4231; 202-225-2811,https://ogles.house.gov; https://johnrose.house.gov; https://vanepps.house.gov
373,"Cookeville, TN",TN,Marsha Blackburn (R); Bill Hagerty (R),202-224-3344; 202-224-4944,https://www.blackburn.senate.gov/email-me; https://www.hagerty.senate.gov/email-me/,"Charles J. ""Chuck"" Fleischmann (R); Scott DesJarlais (R); John W. Rose (R)",202-225-3271; 202-225-6831; 202-225-4231,https://fleischmann.house.gov; https://desjarlais.house.gov; https://johnrose.house.gov
374,"Chattanooga, TN",TN,Marsha Blackburn (R); Bill Hagerty (R),202-224-3344; 202-224-4944,https://www.blackburn.senate.gov/email-me; https://www.hagerty.senate.gov/email-me/,"Charles J. ""Chuck"" Fleischmann (R); Scott DesJarlais (R)",202-225-3271; 202-225-6831,https://fleischmann.house.gov; https://desjarlais.house.gov
375,"Memphis, TN",TN,Marsha Blackburn (R); Bill Hagerty (R),202-224-3344; 202-224-4944,https://www.blackburn.senate.gov/email-me; https://www.hagerty.senate.gov/email-me/,,,
376,"Johnson City, TN",TN; VA,Marsha Blackburn (R); Bill Hagerty (R); Mark R. Warner (D); Tim Kaine (D),202-224-3344; 202-224-4944; 202-224-2023; 202-224-4024,https://www.blackburn.senate.gov/email-me; https://www.hagerty.senate.gov/email-me/; https://www.warner.senate.gov/public/index.cfm?p=Contact; https://www.kaine.senate.gov/contact,Diana Harshbarger (R); H. Morgan Griffith (R),202-225-6356; 202-225-3861,https://harshbarger.house.gov; https://morgangriffith.house.gov
377,"Knoxville, TN",TN; VA,Marsha Blackburn (R); Bill Hagerty (R); Mark R. Warner (D); Tim Kaine (D),202-224-3344; 202-224-4944; 202-224-2023; 202-224-4024,https://www.blackburn.senate.gov/email-me; https://www.hagerty.senate.gov/email-me/; https://www.warner.senate.gov/public/index.cfm?p=Contact; https://www.kaine.senate.gov/contact,"Diana Harshbarger (R); Tim Burchett (R); Charles J. ""Chuck"" Fleischmann (R); John W. Rose (R); H. Morgan Griffith (R)",202-225-6356; 202-225-5435; 202-225-3271; 202-225-4231; 202-225-3861,https://harshbarger.house.gov; https://burchett.house.gov; https://fleischmann.house.gov; https://johnrose.house.gov; https://morgangriffith.house.gov
378,"Knoxville (north), TN",TN,Marsha Blackburn (R); Bill Hagerty (R),202-224-3344; 202-224-4944,https://www.blackburn.senate.gov/email-me; https://www.hagerty.senate.gov/email-me/,"Diana Harshbarger (R); Tim Burchett (R); Charles J. ""Chuck"" Fleischmann (R); Scott DesJarlais (R); John W. Rose (R)",202-225-6356; 202-225-5435; 202-225-3271; 202-225-6831; 202-225-4231,https://harshbarger.house.gov; https://burchett.house.gov; https://fleischmann.house.gov; https://desjarlais.house.gov; https://johnrose.house.gov
379,"Knoxville (west), TN",TN,Marsha Blackburn (R); Bill Hagerty (R),202-224-3344; 202-224-4944,https://www.blackburn.senate.gov/email-me; https://www.hagerty.senate.gov/email-me/,"Diana Harshbarger (R); Tim Burchett (R); Charles J. ""Chuck"" Fleischmann (R)",202-225-6356; 202-225-5435; 202-225-3271,https://harshbarger.house.gov; https://burchett.house.gov; https://fleischmann.house.gov
380,"Memphis (east), TN",KY; TN,Mitch McConnell (R); Rand Paul (R); Marsha Blackburn (R); Bill Hagerty (R),202-224-2541; 202-224-4343; 202-224-3344; 202-224-4944,https://www.mcconnell.senate.gov/public/index.cfm?p=contact; https://www.paul.senate.gov/connect/email-rand; https://www.blackburn.senate.gov/email-me; https://www.hagerty.senate.gov/email-me/,James Comer (R); David Kustoff (R); Steve Cohen (D),202-225-3115; 202-225-4714; 202-225-3265,https://comer.house.gov; https://kustoff.house.gov; https://cohen.house.gov
381,"Memphis (south), TN",TN,Marsha Blackburn (R); Bill Hagerty (R),202-224-3344; 202-224-4944,https://www.blackburn.senate.gov/email-me; https://www.hagerty.senate.gov/email-me/,David Kustoff (R); Steve Cohen (D),202-225-4714; 202-225-3265,https://kustoff.house.gov; https://cohen.house.gov
382,"McKenzie / Jackson, TN",TN,Marsha Blackburn (R); Bill Hagerty (R),202-224-3344; 202-224-4944,https://www.blackburn.senate.gov/email-me; https://www.hagerty.senate.gov/email-me/,Matt Van Epps (R); David Kustoff (R),202-225-2811; 202-225-4714,https://vanepps.house.gov; https://kustoff.house.gov
383,"Jackson, TN",MS; TN,Roger F. Wicker (R); Cindy Hyde-Smith (R); Marsha Blackburn (R); Bill Hagerty (R),202-224-6253; 202-224-5054; 202-224-3344; 202-224-4944,https://www.wicker.senate.gov/public/index.cfm/contact; https://www.hydesmith.senate.gov/contact-senator; https://www.blackburn.senate.gov/email-me; https://www.hagerty.senate.gov/email-me/,Trent Kelly (R); Matt Van Epps (R); David Kustoff (R),202-225-4306; 202-225-2811; 202-225-4714,https://trentkelly.house.gov; https://vanepps.house.gov; https://kustoff.house.gov
384,"Columbia, TN",TN,Marsha Blackburn (R); Bill Hagerty (R),202-224-3344; 202-224-4944,https://www.blackburn.senate.gov/email-me; https://www.hagerty.senate.gov/email-me/,Scott DesJarlais (R); Andrew Ogles (R); Matt Van Epps (R); David Kustoff (R),202-225-6831; 202-225-4311; 202-225-2811; 202-225-4714,https://desjarlais.house.gov; https://ogles.house.gov; https://vanepps.house.gov; https://kustoff.house.gov
385,"Clarksville, TN",KY; TN,Mitch McConnell (R); Rand Paul (R); Marsha Blackburn (R); Bill Hagerty (R),202-224-2541; 202-224-4343; 202-224-3344; 202-224-4944,https://www.mcconnell.senate.gov/public/index.cfm?p=contact; https://www.paul.senate.gov/connect/email-rand; https://www.blackburn.senate.gov/email-me; https://www.hagerty.senate.gov/email-me/,"James Comer (R); Charles J. ""Chuck"" Fleischmann (R); Scott DesJarlais (R); John W. Rose (R)",202-225-3115; 202-225-3271; 202-225-6831; 202-225-4231,https://comer.house.gov; https://fleischmann.house.gov; https://desjarlais.house.gov; https://johnrose.house.gov
386,"Clarksdale, MS",MS,Roger F. Wicker (R); Cindy Hyde-Smith (R),202-224-6253; 202-224-5054,https://www.wicker.senate.gov/public/index.cfm/contact; https://www.hydesmith.senate.gov/contact-senator,Trent Kelly (R); Bennie G. Thompson (D),202-225-4306; 202-225-5876,https://trentkelly.house.gov; https://benniethompson.house.gov
387,"Greenville, MS",AR; MS,John Boozman (R); Tom Cotton (R); Roger F. Wicker (R); Cindy Hyde-Smith (R),202-224-4843; 202-224-2353; 202-224-6253; 202-224-5054,https://www.boozman.senate.gov/public/index.cfm/contact; https://www.cotton.senate.gov/contact/contact-tom; https://www.wicker.senate.gov/public/index.cfm/contact; https://www.hydesmith.senate.gov/contact-senator,"Eric A. ""Rick"" Crawford (R); Bennie G. Thompson (D)",202-225-4076; 202-225-5876,https://crawford.house.gov; https://benniethompson.house.gov
388,"Tupelo, MS",AL; MS,Tommy Tuberville (R); Katie Boyd Britt (R); Roger F. Wicker (R); Cindy Hyde-Smith (R),202-224-4124; 202-224-5744; 202-224-6253; 202-224-5054,https://www.tuberville.senate.gov/contact/contact-form/; https://www.britt.senate.gov/contact/; https://www.wicker.senate.gov/public/index.cfm/contact; https://www.hydesmith.senate.gov/contact-senator,Robert B. Aderholt (R); Trent Kelly (R),202-225-4876; 202-225-4306,https://aderholt.house.gov; https://trentkelly.house.gov
389,"Greenwood, MS",MS,Roger F. Wicker (R); Cindy Hyde-Smith (R),202-224-6253; 202-224-5054,https://www.wicker.senate.gov/public/index.cfm/contact; https://www.hydesmith.senate.gov/contact-senator,Trent Kelly (R); Bennie G. Thompson (D),202-225-4306; 202-225-5876,https://trentkelly.house.gov; https://benniethompson.house.gov
390,"Jackson, MS",MS,Roger F. Wicker (R); Cindy Hyde-Smith (R),202-224-6253; 202-224-5054,https://www.wicker.senate.gov/public/index.cfm/contact; https://www.hydesmith.senate.gov/contact-senator,Bennie G. Thompson (D); Michael Guest (R),202-225-5876; 202-225-5031,https://benniethompson.house.gov; https://guest.house.gov
391,"Jackson (north), MS",MS,Roger F. Wicker (R); Cindy Hyde-Smith (R),202-224-6253; 202-224-5054,https://www.wicker.senate.gov/public/index.cfm/contact; https://www.hydesmith.senate.gov/contact-senator,Trent Kelly (R); Bennie G. Thompson (D); Michael Guest (R); Mike Ezell (R),202-225-4306; 202-225-5876; 202-225-5031; 202-225-5772,https://trentkelly.house.gov; https://benniethompson.house.gov; https://guest.house.gov; https://ezell.house.gov
392,"Jackson (east), MS",MS,Roger F. Wicker (R); Cindy Hyde-Smith (R),202-224-6253; 202-224-5054,https://www.wicker.senate.gov/public/index.cfm/contact; https://www.hydesmith.senate.gov/contact-senator,Bennie G. Thompson (D); Michael Guest (R),202-225-5876; 202-225-5031,https://benniethompson.house.gov; https://guest.house.gov
393,"Meridian, MS",MS,Roger F. Wicker (R); Cindy Hyde-Smith (R),202-224-6253; 202-224-5054,https://www.wicker.senate.gov/public/index.cfm/contact; https://www.hydesmith.senate.gov/contact-senator,Bennie G. Thompson (D); Michael Guest (R); Mike Ezell (R),202-225-5876; 202-225-5031; 202-225-5772,https://benniethompson.house.gov; https://guest.house.gov; https://ezell.house.gov
394,"Hattiesburg, MS",MS,Roger F. Wicker (R); Cindy Hyde-Smith (R),202-224-6253; 202-224-5054,https://www.wicker.senate.gov/public/index.cfm/contact; https://www.hydesmith.senate.gov/contact-senator,Michael Guest (R); Mike Ezell (R),202-225-5031; 202-225-5772,https://guest.house.gov; https://ezell.house.gov
395,"Gulfport / Biloxi, MS",MS,Roger F. Wicker (R); Cindy Hyde-Smith (R),202-224-6253; 202-224-5054,https://www.wicker.senate.gov/public/index.cfm/contact; https://www.hydesmith.senate.gov/contact-senator,Mike Ezell (R),202-225-5772,https://ezell.house.gov
396,"McComb, MS",MS,Roger F. Wicker (R); Cindy Hyde-Smith (R),202-224-6253; 202-224-5054,https://www.wicker.senate.gov/public/index.cfm/contact; https://www.hydesmith.senate.gov/contact-senator,Bennie G. Thompson (D); Michael Guest (R),202-225-5876; 202-225-5031,https://benniethompson.house.gov; https://guest.house.gov
397,"Columbus, MS",MS,Roger F. Wicker (R); Cindy Hyde-Smith (R),202-224-6253; 202-224-5054,https://www.wicker.senate.gov/public/index.cfm/contact; https://www.hydesmith.senate.gov/contact-senator,Trent Kelly (R); Bennie G. Thompson (D); Michael Guest (R),202-225-4306; 202-225-5876; 202-225-5031,https://trentkelly.house.gov; https://benniethompson.house.gov; https://guest.house.gov
398,"Savannah (west), GA",GA,Jon Ossoff (D); Raphael G. Warnock (D),202-224-3521; 202-224-3643,https://www.ossoff.senate.gov/contact-us/; https://www.warnock.senate.gov/contact/,"Sanford D. Bishop, Jr. (D)",202-225-3631,https://bishop.house.gov
399,"Jekyll Island / Brunswick, GA",GA,Jon Ossoff (D); Raphael G. Warnock (D),202-224-3521; 202-224-3643,https://www.ossoff.senate.gov/contact-us/; https://www.warnock.senate.gov/contact/,,,
400,"Louisville, KY",KY,Mitch McConnell (R); Rand Paul (R),202-224-2541; 202-224-4343,https://www.mcconnell.senate.gov/public/index.cfm?p=contact; https://www.paul.senate.gov/connect/email-rand,James Comer (R); Brett Guthrie (R); Morgan McGarvey (D); Thomas Massie (R); Andy Barr (R),202-225-3115; 202-225-3501; 202-225-5401; 202-225-3465; 202-225-4706,https://comer.house.gov; https://guthrie.house.gov; https://mcgarvey.house.gov; https://massie.house.gov; https://barr.house.gov
401,"Louisville (east), KY",KY,Mitch McConnell (R); Rand Paul (R),202-224-2541; 202-224-4343,https://www.mcconnell.senate.gov/public/index.cfm?p=contact; https://www.paul.senate.gov/connect/email-rand,Brett Guthrie (R); Morgan McGarvey (D),202-225-3501; 202-225-5401,https://guthrie.house.gov; https://mcgarvey.house.gov
402,"Louisville (south), KY",KY,Mitch McConnell (R); Rand Paul (R),202-224-2541; 202-224-4343,https://www.mcconnell.senate.gov/public/index.cfm?p=contact; https://www.paul.senate.gov/connect/email-rand,Brett Guthrie (R); Morgan McGarvey (D); Thomas Massie (R),202-225-3501; 202-225-5401; 202-225-3465,https://guthrie.house.gov; https://mcgarvey.house.gov; https://massie.house.gov
403,"Frankfort, KY",KY,Mitch McConnell (R); Rand Paul (R),202-224-2541; 202-224-4343,https://www.mcconnell.senate.gov/public/index.cfm?p=contact; https://www.paul.senate.gov/connect/email-rand,James Comer (R); Thomas Massie (R); Harold Rogers (R); Andy Barr (R),202-225-3115; 202-225-3465; 202-225-4601; 202-225-4706,https://comer.house.gov; https://massie.house.gov; https://halrogers.house.gov; https://barr.house.gov
404,"Frankfort area, KY",KY,Mitch McConnell (R); Rand Paul (R),202-224-2541; 202-224-4343,https://www.mcconnell.senate.gov/public/index.cfm?p=contact; https://www.paul.senate.gov/connect/email-rand,James Comer (R); Harold Rogers (R); Andy Barr (R),202-225-3115; 202-225-4601; 202-225-4706,https://comer.house.gov; https://halrogers.house.gov; https://barr.house.gov
405,"Lexington, KY",KY,Mitch McConnell (R); Rand Paul (R),202-224-2541; 202-224-4343,https://www.mcconnell.senate.gov/public/index.cfm?p=contact; https://www.paul.senate.gov/connect/email-rand,Andy Barr (R),202-225-4706,https://barr.house.gov
406,"Lexington (south), KY",KY,Mitch McConnell (R); Rand Paul (R),202-224-2541; 202-224-4343,https://www.mcconnell.senate.gov/public/index.cfm?p=contact; https://www.paul.senate.gov/connect/email-rand,James Comer (R); Thomas Massie (R); Andy Barr (R),202-225-3115; 202-225-3465; 202-225-4706,https://comer.house.gov; https://massie.house.gov; https://barr.house.gov
407,"London / Corbin, KY",KY,Mitch McConnell (R); Rand Paul (R),202-224-2541; 202-224-4343,https://www.mcconnell.senate.gov/public/index.cfm?p=contact; https://www.paul.senate.gov/connect/email-rand,Harold Rogers (R),202-225-4601,https://halrogers.house.gov
408,"Middlesboro, KY",KY,Mitch McConnell (R); Rand Paul (R),202-224-2541; 202-224-4343,https://www.mcconnell.senate.gov/public/index.cfm?p=contact; https://www.paul.senate.gov/connect/email-rand,Harold Rogers (R),202-225-4601,https://halrogers.house.gov
409,"Hazard, KY",KY; TN,Mitch McConnell (R); Rand Paul (R); Marsha Blackburn (R); Bill Hagerty (R),202-224-2541; 202-224-4343; 202-224-3344; 202-224-4944,https://www.mcconnell.senate.gov/public/index.cfm?p=contact; https://www.paul.senate.gov/connect/email-rand; https://www.blackburn.senate.gov/email-me; https://www.hagerty.senate.gov/email-me/,Harold Rogers (R); Tim Burchett (R),202-225-4601; 202-225-5435,https://halrogers.house.gov; https://burchett.house.gov
410,"Covington, KY",KY,Mitch McConnell (R); Rand Paul (R),202-224-2541; 202-224-4343,https://www.mcconnell.senate.gov/public/index.cfm?p=contact; https://www.paul.senate.gov/connect/email-rand,Thomas Massie (R); Harold Rogers (R); Andy Barr (R),202-225-3465; 202-225-4601; 202-225-4706,https://massie.house.gov; https://halrogers.house.gov; https://barr.house.gov
411,"Covington (north), KY",KY,Mitch McConnell (R); Rand Paul (R),202-224-2541; 202-224-4343,https://www.mcconnell.senate.gov/public/index.cfm?p=contact; https://www.paul.senate.gov/connect/email-rand,Thomas Massie (R); Harold Rogers (R),202-225-3465; 202-225-4601,https://massie.house.gov; https://halrogers.house.gov
412,"Ashland, KY",KY,Mitch McConnell (R); Rand Paul (R),202-224-2541; 202-224-4343,https://www.mcconnell.senate.gov/public/index.cfm?p=contact; https://www.paul.senate.gov/connect/email-rand,Harold Rogers (R),202-225-4601,https://halrogers.house.gov
413,"Paintsville, KY",KY,Mitch McConnell (R); Rand Paul (R),202-224-2541; 202-224-4343,https://www.mcconnell.senate.gov/public/index.cfm?p=contact; https://www.paul.senate.gov/connect/email-rand,Harold Rogers (R); Andy Barr (R),202-225-4601; 202-225-4706,https://halrogers.house.gov; https://barr.house.gov
414,"Pikeville, KY",KY,Mitch McConnell (R); Rand Paul (R),202-224-2541; 202-224-4343,https://www.mcconnell.senate.gov/public/index.cfm?p=contact; https://www.paul.senate.gov/connect/email-rand,Harold Rogers (R),202-225-4601,https://halrogers.house.gov
415,Catlettsburg / Huntington area KY,KY,Mitch McConnell (R); Rand Paul (R),202-224-2541; 202-224-4343,https://www.mcconnell.senate.gov/public/index.cfm?p=contact; https://www.paul.senate.gov/connect/email-rand,Harold Rogers (R),202-225-4601,https://halrogers.house.gov
416,"Prestonsburg, KY",KY,Mitch McConnell (R); Rand Paul (R),202-224-2541; 202-224-4343,https://www.mcconnell.senate.gov/public/index.cfm?p=contact; https://www.paul.senate.gov/connect/email-rand,Harold Rogers (R),202-225-4601,https://halrogers.house.gov
417,"Somerset, KY",KY,Mitch McConnell (R); Rand Paul (R),202-224-2541; 202-224-4343,https://www.mcconnell.senate.gov/public/index.cfm?p=contact; https://www.paul.senate.gov/connect/email-rand,Harold Rogers (R),202-225-4601,https://halrogers.house.gov
418,"Bowling Green area, KY",KY,Mitch McConnell (R); Rand Paul (R),202-224-2541; 202-224-4343,https://www.mcconnell.senate.gov/public/index.cfm?p=contact; https://www.paul.senate.gov/connect/email-rand,Harold Rogers (R),202-225-4601,https://halrogers.house.gov
420,"Bowling Green, KY",KY,Mitch McConnell (R); Rand Paul (R),202-224-2541; 202-224-4343,https://www.mcconnell.senate.gov/public/index.cfm?p=contact; https://www.paul.senate.gov/connect/email-rand,James Comer (R),202-225-3115,https://comer.house.gov
421,"Bowling Green (south), KY",KY,Mitch McConnell (R); Rand Paul (R),202-224-2541; 202-224-4343,https://www.mcconnell.senate.gov/public/index.cfm?p=contact; https://www.paul.senate.gov/connect/email-rand,James Comer (R); Brett Guthrie (R),202-225-3115; 202-225-3501,https://comer.house.gov; https://guthrie.house.gov
422,"Bowling Green (north), KY",KY; TN,Mitch McConnell (R); Rand Paul (R); Marsha Blackburn (R); Bill Hagerty (R),202-224-2541; 202-224-4343; 202-224-3344; 202-224-4944,https://www.mcconnell.senate.gov/public/index.cfm?p=contact; https://www.paul.senate.gov/connect/email-rand; https://www.blackburn.senate.gov/email-me; https://www.hagerty.senate.gov/email-me/,James Comer (R); Brett Guthrie (R); Matt Van Epps (R),202-225-3115; 202-225-3501; 202-225-2811,https://comer.house.gov; https://guthrie.house.gov; https://vanepps.house.gov
423,"Hopkinsville, KY",KY,Mitch McConnell (R); Rand Paul (R),202-224-2541; 202-224-4343,https://www.mcconnell.senate.gov/public/index.cfm?p=contact; https://www.paul.senate.gov/connect/email-rand,James Comer (R); Brett Guthrie (R),202-225-3115; 202-225-3501,https://comer.house.gov; https://guthrie.house.gov
424,"Owensboro, KY",KY,Mitch McConnell (R); Rand Paul (R),202-224-2541; 202-224-4343,https://www.mcconnell.senate.gov/public/index.cfm?p=contact; https://www.paul.senate.gov/connect/email-rand,James Comer (R); Brett Guthrie (R),202-225-3115; 202-225-3501,https://comer.house.gov; https://guthrie.house.gov
425,"Paducah, KY",KY,Mitch McConnell (R); Rand Paul (R),202-224-2541; 202-224-4343,https://www.mcconnell.senate.gov/public/index.cfm?p=contact; https://www.paul.senate.gov/connect/email-rand,James Comer (R); Harold Rogers (R),202-225-3115; 202-225-4601,https://comer.house.gov; https://halrogers.house.gov
426,"Henderson, KY",KY; TN,Mitch McConnell (R); Rand Paul (R); Marsha Blackburn (R); Bill Hagerty (R),202-224-2541; 202-224-4343; 202-224-3344; 202-224-4944,https://www.mcconnell.senate.gov/public/index.cfm?p=contact; https://www.paul.senate.gov/connect/email-rand; https://www.blackburn.senate.gov/email-me; https://www.hagerty.senate.gov/email-me/,James Comer (R); Harold Rogers (R); John W. Rose (R),202-225-3115; 202-225-4601; 202-225-4231,https://comer.house.gov; https://halrogers.house.gov; https://johnrose.house.gov
427,"Elizabethtown, KY",KY,Mitch McConnell (R); Rand Paul (R),202-224-2541; 202-224-4343,https://www.mcconnell.senate.gov/public/index.cfm?p=contact; https://www.paul.senate.gov/connect/email-rand,James Comer (R); Brett Guthrie (R),202-225-3115; 202-225-3501,https://comer.house.gov; https://guthrie.house.gov
430,"Columbus, OH",OH,Bernie Moreno (R); Jon Husted (R),202-224-2315; 202-224-3353,https://www.moreno.senate.gov; https://www.husted.senate.gov,Michael R. Turner (R); Troy Balderson (R); Mike Carey (R); Joyce Beatty (D); Jim Jordan (R),202-225-6465; 202-225-5355; 202-225-2015; 202-225-4324; 202-225-2676,https://turner.house.gov; https://balderson.house.gov; https://carey.house.gov; https://beatty.house.gov; https://jordan.house.gov
431,"Columbus (north), OH",OH,Bernie Moreno (R); Jon Husted (R),202-224-2315; 202-224-3353,https://www.moreno.senate.gov; https://www.husted.senate.gov,Michael R. Turner (R); Troy Balderson (R); Mike Carey (R); David J. Taylor (R),202-225-6465; 202-225-5355; 202-225-2015; 202-225-3164,https://turner.house.gov; https://balderson.house.gov; https://carey.house.gov; https://taylor.house.gov
432,"Columbus (east), OH",OH,Bernie Moreno (R); Jon Husted (R),202-224-2315; 202-224-3353,https://www.moreno.senate.gov; https://www.husted.senate.gov,Mike Carey (R); Joyce Beatty (D); Jim Jordan (R),202-225-2015; 202-225-4324; 202-225-2676,https://carey.house.gov; https://beatty.house.gov; https://jordan.house.gov
433,"Columbus (south), OH",OH,Bernie Moreno (R); Jon Husted (R),202-224-2315; 202-224-3353,https://www.moreno.senate.gov; https://www.husted.senate.gov,Troy Balderson (R); Jim Jordan (R); Robert E. Latta (R),202-225-5355; 202-225-2676; 202-225-6405,https://balderson.house.gov; https://jordan.house.gov; https://latta.house.gov
434,"Toledo, OH",OH,Bernie Moreno (R); Jon Husted (R),202-224-2315; 202-224-3353,https://www.moreno.senate.gov; https://www.husted.senate.gov,Robert E. Latta (R); Marcy Kaptur (D),202-225-6405; 202-225-4146,https://latta.house.gov; https://kaptur.house.gov
435,"Toledo (south), OH",OH,Bernie Moreno (R); Jon Husted (R),202-224-2315; 202-224-3353,https://www.moreno.senate.gov; https://www.husted.senate.gov,Robert E. Latta (R); Marcy Kaptur (D),202-225-6405; 202-225-4146,https://latta.house.gov; https://kaptur.house.gov
436,"Toledo (east), OH",OH,Bernie Moreno (R); Jon Husted (R),202-224-2315; 202-224-3353,https://www.moreno.senate.gov; https://www.husted.senate.gov,Marcy Kaptur (D),202-225-4146,https://kaptur.house.gov
437,"Zanesville / Newark, OH",OH,Bernie Moreno (R); Jon Husted (R),202-224-2315; 202-224-3353,https://www.moreno.senate.gov; https://www.husted.senate.gov,Troy Balderson (R); David J. Taylor (R); Michael A. Rulli (R),202-225-5355; 202-225-3164; 202-225-5705,https://balderson.house.gov; https://taylor.house.gov; https://rulli.house.gov
438,"Zanesville, OH",OH,Bernie Moreno (R); Jon Husted (R),202-224-2315; 202-224-3353,https://www.moreno.senate.gov; https://www.husted.senate.gov,Troy Balderson (R); Michael A. Rulli (R),202-225-5355; 202-225-5705,https://balderson.house.gov; https://rulli.house.gov
439,"Steubenville, OH",OH,Bernie Moreno (R); Jon Husted (R),202-224-2315; 202-224-3353,https://www.moreno.senate.gov; https://www.husted.senate.gov,Troy Balderson (R); Michael A. Rulli (R),202-225-5355; 202-225-5705,https://balderson.house.gov; https://rulli.house.gov
440,"Cleveland, OH",OH,Bernie Moreno (R); Jon Husted (R),202-224-2315; 202-224-3353,https://www.moreno.senate.gov; https://www.husted.senate.gov,Shontel M. Brown (D); Emilia Strong Sykes (D); David P. Joyce (R); Robert E. Latta (R); Max L. Miller (R); Marcy Kaptur (D),202-225-7032; 202-225-6265; 202-225-5731; 202-225-6405; 202-225-3876; 202-225-4146,https://shontelbrown.house.gov; https://sykes.house.gov; https://joyce.house.gov; https://latta.house.gov; https://maxmiller.house.gov; https://kaptur.house.gov
441,"Cleveland (east), OH",OH,Bernie Moreno (R); Jon Husted (R),202-224-2315; 202-224-3353,https://www.moreno.senate.gov; https://www.husted.senate.gov,Shontel M. Brown (D); Emilia Strong Sykes (D); Max L. Miller (R),202-225-7032; 202-225-6265; 202-225-3876,https://shontelbrown.house.gov; https://sykes.house.gov; https://maxmiller.house.gov
442,"Akron, OH",OH,Bernie Moreno (R); Jon Husted (R),202-224-2315; 202-224-3353,https://www.moreno.senate.gov; https://www.husted.senate.gov,Emilia Strong Sykes (D); David P. Joyce (R); Jim Jordan (R); Robert E. Latta (R); Michael A. Rulli (R); Max L. Miller (R),202-225-6265; 202-225-5731; 202-225-2676; 202-225-6405; 202-225-5705; 202-225-3876,https://sykes.house.gov; https://joyce.house.gov; https://jordan.house.gov; https://latta.house.gov; https://rulli.house.gov; https://maxmiller.house.gov
443,"Akron (south), OH",OH,Bernie Moreno (R); Jon Husted (R),202-224-2315; 202-224-3353,https://www.moreno.senate.gov; https://www.husted.senate.gov,Emilia Strong Sykes (D); David P. Joyce (R); Max L. Miller (R),202-225-6265; 202-225-5731; 202-225-3876,https://sykes.house.gov; https://joyce.house.gov; https://maxmiller.house.gov
444,"Youngstown, OH",OH,Bernie Moreno (R); Jon Husted (R),202-224-2315; 202-224-3353,https://www.moreno.senate.gov; https://www.husted.senate.gov,David P. Joyce (R); Michael A. Rulli (R),202-225-5731; 202-225-5705,https://joyce.house.gov; https://rulli.house.gov
445,"Youngstown (south), OH",OH,Bernie Moreno (R); Jon Husted (R),202-224-2315; 202-224-3353,https://www.moreno.senate.gov; https://www.husted.senate.gov,David P. Joyce (R); Michael A. Rulli (R),202-225-5731; 202-225-5705,https://joyce.house.gov; https://rulli.house.gov
446,"Cleveland (south), OH",OH,Bernie Moreno (R); Jon Husted (R),202-224-2315; 202-224-3353,https://www.moreno.senate.gov; https://www.husted.senate.gov,Troy Balderson (R); Emilia Strong Sykes (D); David P. Joyce (R); Jim Jordan (R); Michael A. Rulli (R); Max L. Miller (R),202-225-5355; 202-225-6265; 202-225-5731; 202-225-2676; 202-225-5705; 202-225-3876,https://balderson.house.gov; https://sykes.house.gov; https://joyce.house.gov; https://jordan.house.gov; https://rulli.house.gov; https://maxmiller.house.gov
447,"Canton, OH",OH,Bernie Moreno (R); Jon Husted (R),202-224-2315; 202-224-3353,https://www.moreno.senate.gov; https://www.husted.senate.gov,Emilia Strong Sykes (D); Michael A. Rulli (R),202-225-6265; 202-225-5705,https://sykes.house.gov; https://rulli.house.gov
448,"Mansfield, OH",OH,Bernie Moreno (R); Jon Husted (R),202-224-2315; 202-224-3353,https://www.moreno.senate.gov; https://www.husted.senate.gov,Troy Balderson (R); Jim Jordan (R); Robert E. Latta (R); Max L. Miller (R); Marcy Kaptur (D),202-225-5355; 202-225-2676; 202-225-6405; 202-225-3876; 202-225-4146,https://balderson.house.gov; https://jordan.house.gov; https://latta.house.gov; https://maxmiller.house.gov; https://kaptur.house.gov
449,"Mansfield (north), OH",OH,Bernie Moreno (R); Jon Husted (R),202-224-2315; 202-224-3353,https://www.moreno.senate.gov; https://www.husted.senate.gov,Jim Jordan (R),202-225-2676,https://jordan.house.gov
450,"Hamilton / Middletown, OH",OH,Bernie Moreno (R); Jon Husted (R),202-224-2315; 202-224-3353,https://www.moreno.senate.gov; https://www.husted.senate.gov,Greg Landsman (D); Michael R. Turner (R); David J. Taylor (R); Warren Davidson (R),202-225-2216; 202-225-6465; 202-225-3164; 202-225-6205,https://landsman.house.gov; https://turner.house.gov; https://taylor.house.gov; https://davidson.house.gov
451,"Cincinnati, OH",OH,Bernie Moreno (R); Jon Husted (R),202-224-2315; 202-224-3353,https://www.moreno.senate.gov; https://www.husted.senate.gov,Greg Landsman (D); Michael R. Turner (R); Mike Carey (R); David J. Taylor (R),202-225-2216; 202-225-6465; 202-225-2015; 202-225-3164,https://landsman.house.gov; https://turner.house.gov; https://carey.house.gov; https://taylor.house.gov
452,"Cincinnati (north), OH",OH,Bernie Moreno (R); Jon Husted (R),202-224-2315; 202-224-3353,https://www.moreno.senate.gov; https://www.husted.senate.gov,Greg Landsman (D); David J. Taylor (R); Warren Davidson (R),202-225-2216; 202-225-3164; 202-225-6205,https://landsman.house.gov; https://taylor.house.gov; https://davidson.house.gov
453,"Dayton, OH",OH,Bernie Moreno (R); Jon Husted (R),202-224-2315; 202-224-3353,https://www.moreno.senate.gov; https://www.husted.senate.gov,Greg Landsman (D); Michael R. Turner (R); Mike Carey (R); David J. Taylor (R); Jim Jordan (R); Robert E. Latta (R); Warren Davidson (R),202-225-2216; 202-225-6465; 202-225-2015; 202-225-3164; 202-225-2676; 202-225-6405; 202-225-6205,https://landsman.house.gov; https://turner.house.gov; https://carey.house.gov; https://taylor.house.gov; https://jordan.house.gov; https://latta.house.gov; https://davidson.house.gov
454,"Dayton (south), OH",OH,Bernie Moreno (R); Jon Husted (R),202-224-2315; 202-224-3353,https://www.moreno.senate.gov; https://www.husted.senate.gov,Greg Landsman (D); Michael R. Turner (R); Mike Carey (R),202-225-2216; 202-225-6465; 202-225-2015,https://landsman.house.gov; https://turner.house.gov; https://carey.house.gov
455,"Springfield, OH",OH,Bernie Moreno (R); Jon Husted (R),202-224-2315; 202-224-3353,https://www.moreno.senate.gov; https://www.husted.senate.gov,Michael R. Turner (R); Mike Carey (R); Jim Jordan (R),202-225-6465; 202-225-2015; 202-225-2676,https://turner.house.gov; https://carey.house.gov; https://jordan.house.gov
456,"Chillicothe, OH",OH,Bernie Moreno (R); Jon Husted (R),202-224-2315; 202-224-3353,https://www.moreno.senate.gov; https://www.husted.senate.gov,David J. Taylor (R),202-225-3164,https://taylor.house.gov
457,"Athens / Gallipolis, OH",OH,Bernie Moreno (R); Jon Husted (R),202-224-2315; 202-224-3353,https://www.moreno.senate.gov; https://www.husted.senate.gov,Troy Balderson (R); David J. Taylor (R); Michael A. Rulli (R),202-225-5355; 202-225-3164; 202-225-5705,https://balderson.house.gov; https://taylor.house.gov; https://rulli.house.gov
458,"Lima, OH",OH,Bernie Moreno (R); Jon Husted (R),202-224-2315; 202-224-3353,https://www.moreno.senate.gov; https://www.husted.senate.gov,Mike Carey (R); Jim Jordan (R); Robert E. Latta (R); Warren Davidson (R); Marcy Kaptur (D),202-225-2015; 202-225-2676; 202-225-6405; 202-225-6205; 202-225-4146,https://carey.house.gov; https://jordan.house.gov; https://latta.house.gov; https://davidson.house.gov; https://kaptur.house.gov
460,"Indianapolis, IN",IN,Todd Young (R); Jim Banks (R),202-224-5623; 202-224-4814,https://www.young.senate.gov/contact; https://www.banks.senate.gov,James R. Baird (R); Victoria Spartz (R); Jefferson Shreve (R); André Carson (D),202-225-5037; 202-225-2276; 202-225-3021; 202-225-4011,https://baird.house.gov; https://spartz.house.gov; https://shreve.house.gov; https://carson.house.gov
461,"Indianapolis (east), IN",IN,Todd Young (R); Jim Banks (R),202-224-5623; 202-224-4814,https://www.young.senate.gov/contact; https://www.banks.senate.gov,James R. Baird (R); Jefferson Shreve (R); André Carson (D); Mark B. Messmer (R); Erin Houchin (R),202-225-5037; 202-225-3021; 202-225-4011; 202-225-4636; 202-225-5315,https://baird.house.gov; https://shreve.house.gov; https://carson.house.gov; https://messmer.house.gov; https://houchin.house.gov
462,"Indianapolis (south), IN",IN,Todd Young (R); Jim Banks (R),202-224-5623; 202-224-4814,https://www.young.senate.gov/contact; https://www.banks.senate.gov,James R. Baird (R); Victoria Spartz (R); Jefferson Shreve (R); André Carson (D),202-225-5037; 202-225-2276; 202-225-3021; 202-225-4011,https://baird.house.gov; https://spartz.house.gov; https://shreve.house.gov; https://carson.house.gov
463,"Gary / Hammond, IN",IN,Todd Young (R); Jim Banks (R),202-224-5623; 202-224-4814,https://www.young.senate.gov/contact; https://www.banks.senate.gov,Frank J. Mrvan (D); Rudy Yakym III (R); James R. Baird (R),202-225-2461; 202-225-3915; 202-225-5037,https://mrvan.house.gov; https://yakym.house.gov; https://baird.house.gov
464,"Gary (east), IN",IN,Todd Young (R); Jim Banks (R),202-224-5623; 202-224-4814,https://www.young.senate.gov/contact; https://www.banks.senate.gov,Frank J. Mrvan (D),202-225-2461,https://mrvan.house.gov
465,"South Bend, IN",IN,Todd Young (R); Jim Banks (R),202-224-5623; 202-224-4814,https://www.young.senate.gov/contact; https://www.banks.senate.gov,Frank J. Mrvan (D); Rudy Yakym III (R); Marlin A. Stutzman (R),202-225-2461; 202-225-3915; 202-225-4436,https://mrvan.house.gov; https://yakym.house.gov; https://stutzman.house.gov
466,"South Bend (east), IN",IN,Todd Young (R); Jim Banks (R),202-224-5623; 202-224-4814,https://www.young.senate.gov/contact; https://www.banks.senate.gov,Rudy Yakym III (R),202-225-3915,https://yakym.house.gov
467,"Fort Wayne, IN",IN,Todd Young (R); Jim Banks (R),202-224-5623; 202-224-4814,https://www.young.senate.gov/contact; https://www.banks.senate.gov,Rudy Yakym III (R); Marlin A. Stutzman (R),202-225-3915; 202-225-4436,https://yakym.house.gov; https://stutzman.house.gov
468,"Fort Wayne (south), IN",IN,Todd Young (R); Jim Banks (R),202-224-5623; 202-224-4814,https://www.young.senate.gov/contact; https://www.banks.senate.gov,Marlin A. Stutzman (R),202-225-4436,https://stutzman.house.gov
469,"Kokomo / Muncie, IN",IN,Todd Young (R); Jim Banks (R),202-224-5623; 202-224-4814,https://www.young.senate.gov/contact; https://www.banks.senate.gov,Rudy Yakym III (R); Marlin A. Stutzman (R); James R. Baird (R); Victoria Spartz (R),202-225-3915; 202-225-4436; 202-225-5037; 202-225-2276,https://yakym.house.gov; https://stutzman.house.gov; https://baird.house.gov; https://spartz.house.gov
470,"New Albany / Jeffersonville, IN",IN,Todd Young (R); Jim Banks (R),202-224-5623; 202-224-4814,https://www.young.senate.gov/contact; https://www.banks.senate.gov,Jefferson Shreve (R); Erin Houchin (R),202-225-3021; 202-225-5315,https://shreve.house.gov; https://houchin.house.gov
471,"Evansville, IN",IN,Todd Young (R); Jim Banks (R),202-224-5623; 202-224-4814,https://www.young.senate.gov/contact; https://www.banks.senate.gov,Mark B. Messmer (R); Erin Houchin (R),202-225-4636; 202-225-5315,https://messmer.house.gov; https://houchin.house.gov
472,"Columbus / Bloomington, IN",IN,Todd Young (R); Jim Banks (R),202-224-5623; 202-224-4814,https://www.young.senate.gov/contact; https://www.banks.senate.gov,Jefferson Shreve (R); Erin Houchin (R),202-225-3021; 202-225-5315,https://shreve.house.gov; https://houchin.house.gov
473,"Muncie, IN",IN,Todd Young (R); Jim Banks (R),202-224-5623; 202-224-4814,https://www.young.senate.gov/contact; https://www.banks.senate.gov,Marlin A. Stutzman (R); Victoria Spartz (R); Jefferson Shreve (R); Erin Houchin (R),202-225-4436; 202-225-2276; 202-225-3021; 202-225-5315,https://stutzman.house.gov; https://spartz.house.gov; https://shreve.house.gov; https://houchin.house.gov
474,"Bloomington, IN",IN,Todd Young (R); Jim Banks (R),202-224-5623; 202-224-4814,https://www.young.senate.gov/contact; https://www.banks.senate.gov,James R. Baird (R); Jefferson Shreve (R); Mark B. Messmer (R); Erin Houchin (R),202-225-5037; 202-225-3021; 202-225-4636; 202-225-5315,https://baird.house.gov; https://shreve.house.gov; https://messmer.house.gov; https://houchin.house.gov
475,"Washington / Vincennes, IN",IN,Todd Young (R); Jim Banks (R),202-224-5623; 202-224-4814,https://www.young.senate.gov/contact; https://www.banks.senate.gov,Mark B. Messmer (R),202-225-4636,https://messmer.house.gov
476,"Terre Haute, IN",IN,Todd Young (R); Jim Banks (R),202-224-5623; 202-224-4814,https://www.young.senate.gov/contact; https://www.banks.senate.gov,Mark B. Messmer (R),202-225-4636,https://messmer.house.gov
477,"Terre Haute (north), IN",IN,Todd Young (R); Jim Banks (R),202-224-5623; 202-224-4814,https://www.young.senate.gov/contact; https://www.banks.senate.gov,Mark B. Messmer (R),202-225-4636,https://messmer.house.gov
478,"Terre Haute (south), IN",IN,Todd Young (R); Jim Banks (R),202-224-5623; 202-224-4814,https://www.young.senate.gov/contact; https://www.banks.senate.gov,James R. Baird (R); Mark B. Messmer (R),202-225-5037; 202-225-4636,https://baird.house.gov; https://messmer.house.gov
479,"Lafayette, IN",IN,Todd Young (R); Jim Banks (R),202-224-5623; 202-224-4814,https://www.young.senate.gov/contact; https://www.banks.senate.gov,Rudy Yakym III (R); James R. Baird (R); Mark B. Messmer (R),202-225-3915; 202-225-5037; 202-225-4636,https://yakym.house.gov; https://baird.house.gov; https://messmer.house.gov
480,"Royal Oak / Detroit metro, MI",MI,Gary C. Peters (D); Elissa Slotkin (D),202-224-6221; 202-224-4822,https://www.peters.senate.gov/contact/email-gary; https://www.slotkin.senate.gov,John James (R); Haley M. Stevens (D); Rashida Tlaib (D); Lisa C. McClain (R),202-225-4961; 202-225-8171; 202-225-5126; 202-225-2106,https://james.house.gov; https://stevens.house.gov; https://tlaib.house.gov; https://mcclain.house.gov
481,"Detroit, MI",MI,Gary C. Peters (D); Elissa Slotkin (D),202-224-6221; 202-224-4822,https://www.peters.senate.gov/contact/email-gary; https://www.slotkin.senate.gov,Haley M. Stevens (D); Rashida Tlaib (D); Shri Thanedar (D); Tim Walberg (R); Debbie Dingell (D); Tom Barrett (R),202-225-8171; 202-225-5126; 202-225-5802; 202-225-6276; 202-225-4071; 202-225-4872,https://stevens.house.gov; https://tlaib.house.gov; https://thanedar.house.gov; https://walberg.house.gov; https://debbiedingell.house.gov; https://barrett.house.gov
482,"Detroit (west), MI",MI,Gary C. Peters (D); Elissa Slotkin (D),202-224-6221; 202-224-4822,https://www.peters.senate.gov/contact/email-gary; https://www.slotkin.senate.gov,John James (R); Haley M. Stevens (D); Rashida Tlaib (D); Shri Thanedar (D),202-225-4961; 202-225-8171; 202-225-5126; 202-225-5802,https://james.house.gov; https://stevens.house.gov; https://tlaib.house.gov; https://thanedar.house.gov
483,"Royal Oak / Troy, MI",MI,Gary C. Peters (D); Elissa Slotkin (D),202-224-6221; 202-224-4822,https://www.peters.senate.gov/contact/email-gary; https://www.slotkin.senate.gov,John James (R); Haley M. Stevens (D); Rashida Tlaib (D); Debbie Dingell (D); Tom Barrett (R); Lisa C. McClain (R),202-225-4961; 202-225-8171; 202-225-5126; 202-225-4071; 202-225-4872; 202-225-2106,https://james.house.gov; https://stevens.house.gov; https://tlaib.house.gov; https://debbiedingell.house.gov; https://barrett.house.gov; https://mcclain.house.gov
484,"Flint, MI",MI,Gary C. Peters (D); Elissa Slotkin (D),202-224-6221; 202-224-4822,https://www.peters.senate.gov/contact/email-gary; https://www.slotkin.senate.gov,Tom Barrett (R); Kristen McDonald Rivet (D); Lisa C. McClain (R),202-225-4872; 202-225-3611; 202-225-2106,https://barrett.house.gov; https://mcdonaldrivet.house.gov; https://mcclain.house.gov
485,"Saginaw, MI",MI,Gary C. Peters (D); Elissa Slotkin (D),202-224-6221; 202-224-4822,https://www.peters.senate.gov/contact/email-gary; https://www.slotkin.senate.gov,Kristen McDonald Rivet (D),202-225-3611,https://mcdonaldrivet.house.gov
486,"Saginaw (north), MI",MI,Gary C. Peters (D); Elissa Slotkin (D),202-224-6221; 202-224-4822,https://www.peters.senate.gov/contact/email-gary; https://www.slotkin.senate.gov,Jack Bergman (R); John R. Moolenaar (R); Tom Barrett (R); Kristen McDonald Rivet (D),202-225-4735; 202-225-3561; 202-225-4872; 202-225-3611,https://bergman.house.gov; https://moolenaar.house.gov; https://barrett.house.gov; https://mcdonaldrivet.house.gov
487,"Bay City, MI",MI,Gary C. Peters (D); Elissa Slotkin (D),202-224-6221; 202-224-4822,https://www.peters.senate.gov/contact/email-gary; https://www.slotkin.senate.gov,Jack Bergman (R); Kristen McDonald Rivet (D); Lisa C. McClain (R),202-225-4735; 202-225-3611; 202-225-2106,https://bergman.house.gov; https://mcdonaldrivet.house.gov; https://mcclain.house.gov
488,"Lansing, MI",MI,Gary C. Peters (D); Elissa Slotkin (D),202-224-6221; 202-224-4822,https://www.peters.senate.gov/contact/email-gary; https://www.slotkin.senate.gov,John R. Moolenaar (R); Hillary J. Scholten (D); Tim Walberg (R); Tom Barrett (R); Kristen McDonald Rivet (D),202-225-3561; 202-225-3831; 202-225-6276; 202-225-4872; 202-225-3611,https://moolenaar.house.gov; https://scholten.house.gov; https://walberg.house.gov; https://barrett.house.gov; https://mcdonaldrivet.house.gov
489,"Lansing (east), MI",MI,Gary C. Peters (D); Elissa Slotkin (D),202-224-6221; 202-224-4822,https://www.peters.senate.gov/contact/email-gary; https://www.slotkin.senate.gov,Tom Barrett (R),202-225-4872,https://barrett.house.gov
490,"Kalamazoo, MI",MI,Gary C. Peters (D); Elissa Slotkin (D),202-224-6221; 202-224-4822,https://www.peters.senate.gov/contact/email-gary; https://www.slotkin.senate.gov,John R. Moolenaar (R); Bill Huizenga (R); Tim Walberg (R); Tom Barrett (R),202-225-3561; 202-225-4401; 202-225-6276; 202-225-4872,https://moolenaar.house.gov; https://huizenga.house.gov; https://walberg.house.gov; https://barrett.house.gov
491,"Battle Creek, MI",MI,Gary C. Peters (D); Elissa Slotkin (D),202-224-6221; 202-224-4822,https://www.peters.senate.gov/contact/email-gary; https://www.slotkin.senate.gov,Bill Huizenga (R); Tim Walberg (R),202-225-4401; 202-225-6276,https://huizenga.house.gov; https://walberg.house.gov
492,"Jackson, MI",MI,Gary C. Peters (D); Elissa Slotkin (D),202-224-6221; 202-224-4822,https://www.peters.senate.gov/contact/email-gary; https://www.slotkin.senate.gov,Tim Walberg (R); Debbie Dingell (D); Tom Barrett (R),202-225-6276; 202-225-4071; 202-225-4872,https://walberg.house.gov; https://debbiedingell.house.gov; https://barrett.house.gov
493,"Grand Rapids, MI",MI,Gary C. Peters (D); Elissa Slotkin (D),202-224-6221; 202-224-4822,https://www.peters.senate.gov/contact/email-gary; https://www.slotkin.senate.gov,John R. Moolenaar (R); Hillary J. Scholten (D); Bill Huizenga (R),202-225-3561; 202-225-3831; 202-225-4401,https://moolenaar.house.gov; https://scholten.house.gov; https://huizenga.house.gov
494,"Grand Rapids (north), MI",MI,Gary C. Peters (D); Elissa Slotkin (D),202-224-6221; 202-224-4822,https://www.peters.senate.gov/contact/email-gary; https://www.slotkin.senate.gov,John R. Moolenaar (R); Hillary J. Scholten (D); Bill Huizenga (R),202-225-3561; 202-225-3831; 202-225-4401,https://moolenaar.house.gov; https://scholten.house.gov; https://huizenga.house.gov
495,"Grand Rapids (east), MI",MI,Gary C. Peters (D); Elissa Slotkin (D),202-224-6221; 202-224-4822,https://www.peters.senate.gov/contact/email-gary; https://www.slotkin.senate.gov,John R. Moolenaar (R); Hillary J. Scholten (D),202-225-3561; 202-225-3831,https://moolenaar.house.gov; https://scholten.house.gov
496,"Traverse City, MI",MI,Gary C. Peters (D); Elissa Slotkin (D),202-224-6221; 202-224-4822,https://www.peters.senate.gov/contact/email-gary; https://www.slotkin.senate.gov,Jack Bergman (R); John R. Moolenaar (R),202-225-4735; 202-225-3561,https://bergman.house.gov; https://moolenaar.house.gov
497,"Gaylord / Petoskey, MI",MI,Gary C. Peters (D); Elissa Slotkin (D),202-224-6221; 202-224-4822,https://www.peters.senate.gov/contact/email-gary; https://www.slotkin.senate.gov,Jack Bergman (R),202-225-4735,https://bergman.house.gov
498,"Iron Mountain / Upper Peninsula, MI",MI,Gary C. Peters (D); Elissa Slotkin (D),202-224-6221; 202-224-4822,https://www.peters.senate.gov/contact/email-gary; https://www.slotkin.senate.gov,Jack Bergman (R),202-225-4735,https://bergman.house.gov
499,"Marquette / Upper Peninsula, MI",MI,Gary C. Peters (D); Elissa Slotkin (D),202-224-6221; 202-224-4822,https://www.peters.senate.gov/contact/email-gary; https://www.slotkin.senate.gov,Jack Bergman (R),202-225-4735,https://bergman.house.gov
500,"Des Moines, IA",IA,Chuck Grassley (R); Joni Ernst (R),202-224-3744; 202-224-3254,https://www.grassley.senate.gov/contact; https://www.ernst.senate.gov/public/index.cfm/contact,Mariannette Miller-Meeks (R); Ashley Hinson (R); Zachary Nunn (R); Randy Feenstra (R),202-225-6576; 202-225-2911; 202-225-5476; 202-225-4426,https://millermeeks.house.gov; https://hinson.house.gov; https://nunn.house.gov; https://feenstra.house.gov
501,"Des Moines (north), IA",IA,Chuck Grassley (R); Joni Ernst (R),202-224-3744; 202-224-3254,https://www.grassley.senate.gov/contact; https://www.ernst.senate.gov/public/index.cfm/contact,Mariannette Miller-Meeks (R); Ashley Hinson (R); Zachary Nunn (R); Randy Feenstra (R),202-225-6576; 202-225-2911; 202-225-5476; 202-225-4426,https://millermeeks.house.gov; https://hinson.house.gov; https://nunn.house.gov; https://feenstra.house.gov
502,"Des Moines (south), IA",IA,Chuck Grassley (R); Joni Ernst (R),202-224-3744; 202-224-3254,https://www.grassley.senate.gov/contact; https://www.ernst.senate.gov/public/index.cfm/contact,Mariannette Miller-Meeks (R); Ashley Hinson (R); Zachary Nunn (R); Randy Feenstra (R),202-225-6576; 202-225-2911; 202-225-5476; 202-225-4426,https://millermeeks.house.gov; https://hinson.house.gov; https://nunn.house.gov; https://feenstra.house.gov
503,"Des Moines (east), IA",IA,Chuck Grassley (R); Joni Ernst (R),202-224-3744; 202-224-3254,https://www.grassley.senate.gov/contact; https://www.ernst.senate.gov/public/index.cfm/contact,Mariannette Miller-Meeks (R); Zachary Nunn (R),202-225-6576; 202-225-5476,https://millermeeks.house.gov; https://nunn.house.gov
504,"Mason City, IA",IA,Chuck Grassley (R); Joni Ernst (R),202-224-3744; 202-224-3254,https://www.grassley.senate.gov/contact; https://www.ernst.senate.gov/public/index.cfm/contact,Ashley Hinson (R); Randy Feenstra (R),202-225-2911; 202-225-4426,https://hinson.house.gov; https://feenstra.house.gov
505,"Fort Dodge, IA",IA,Chuck Grassley (R); Joni Ernst (R),202-224-3744; 202-224-3254,https://www.grassley.senate.gov/contact; https://www.ernst.senate.gov/public/index.cfm/contact,Randy Feenstra (R),202-225-4426,https://feenstra.house.gov
506,"Waterloo, IA",IA,Chuck Grassley (R); Joni Ernst (R),202-224-3744; 202-224-3254,https://www.grassley.senate.gov/contact; https://www.ernst.senate.gov/public/index.cfm/contact,Ashley Hinson (R); Randy Feenstra (R),202-225-2911; 202-225-4426,https://hinson.house.gov; https://feenstra.house.gov
507,"Waterloo (south), IA",IA,Chuck Grassley (R); Joni Ernst (R),202-224-3744; 202-224-3254,https://www.grassley.senate.gov/contact; https://www.ernst.senate.gov/public/index.cfm/contact,Ashley Hinson (R),202-225-2911,https://hinson.house.gov
508,"Ottumwa, IA",IA,Chuck Grassley (R); Joni Ernst (R),202-224-3744; 202-224-3254,https://www.grassley.senate.gov/contact; https://www.ernst.senate.gov/public/index.cfm/contact,Zachary Nunn (R),202-225-5476,https://nunn.house.gov
509,"Iowa City, IA",IA,Chuck Grassley (R); Joni Ernst (R),202-224-3744; 202-224-3254,https://www.grassley.senate.gov/contact; https://www.ernst.senate.gov/public/index.cfm/contact,,,
510,"Sioux City, IA",IA; SD,Chuck Grassley (R); Joni Ernst (R); John Thune (R); Mike Rounds (R),202-224-3744; 202-224-3254; 202-224-2321; 202-224-5842,https://www.grassley.senate.gov/contact; https://www.ernst.senate.gov/public/index.cfm/contact; https://www.thune.senate.gov/public/index.cfm/contact; https://www.rounds.senate.gov/contact/email-mike,Randy Feenstra (R); Dusty Johnson (R),202-225-4426; 202-225-2801,https://feenstra.house.gov; https://dustyjohnson.house.gov
511,"Sioux City (south), IA",IA,Chuck Grassley (R); Joni Ernst (R),202-224-3744; 202-224-3254,https://www.grassley.senate.gov/contact; https://www.ernst.senate.gov/public/index.cfm/contact,Randy Feenstra (R),202-225-4426,https://feenstra.house.gov
512,"Sioux City (north), IA",IA,Chuck Grassley (R); Joni Ernst (R),202-224-3744; 202-224-3254,https://www.grassley.senate.gov/contact; https://www.ernst.senate.gov/public/index.cfm/contact,Randy Feenstra (R),202-225-4426,https://feenstra.house.gov
513,"Spencer, IA",IA; MN,Chuck Grassley (R); Joni Ernst (R); Amy Klobuchar (D); Tina Smith (D),202-224-3744; 202-224-3254; 202-224-3244; 202-224-5641,https://www.grassley.senate.gov/contact; https://www.ernst.senate.gov/public/index.cfm/contact; https://www.klobuchar.senate.gov/public/index.cfm/contact; https://www.smith.senate.gov/share-your-opinion/,Randy Feenstra (R); Brad Finstad (R),202-225-4426; 202-225-2472,https://feenstra.house.gov; https://finstad.house.gov
514,"Carroll / Storm Lake, IA",IA,Chuck Grassley (R); Joni Ernst (R),202-224-3744; 202-224-3254,https://www.grassley.senate.gov/contact; https://www.ernst.senate.gov/public/index.cfm/contact,Zachary Nunn (R); Randy Feenstra (R),202-225-5476; 202-225-4426,https://nunn.house.gov; https://feenstra.house.gov
515,"Council Bluffs, IA",IA; NE,Chuck Grassley (R); Joni Ernst (R); Deb Fischer (R); Pete Ricketts (R),202-224-3744; 202-224-3254; 202-224-6551; 202-224-4224,https://www.grassley.senate.gov/contact; https://www.ernst.senate.gov/public/index.cfm/contact; https://www.fischer.senate.gov/public/index.cfm/contact; https://www.ricketts.senate.gov/contact/,Zachary Nunn (R); Randy Feenstra (R); Adrian Smith (R),202-225-5476; 202-225-4426; 202-225-6435,https://nunn.house.gov; https://feenstra.house.gov; https://adriansmith.house.gov
516,"Shenandoah / Red Oak, IA",IA; MO,Chuck Grassley (R); Joni Ernst (R); Josh Hawley (R); Eric Schmitt (R),202-224-3744; 202-224-3254; 202-224-6154; 202-224-5721,https://www.grassley.senate.gov/contact; https://www.ernst.senate.gov/public/index.cfm/contact; https://www.hawley.senate.gov/contact-senator-hawley; https://www.schmitt.senate.gov/contact/,Zachary Nunn (R); Randy Feenstra (R); Sam Graves (R),202-225-5476; 202-225-4426; 202-225-7041,https://nunn.house.gov; https://feenstra.house.gov; https://graves.house.gov
520,"Dubuque, IA",IA,Chuck Grassley (R); Joni Ernst (R),202-224-3744; 202-224-3254,https://www.grassley.senate.gov/contact; https://www.ernst.senate.gov/public/index.cfm/contact,Mariannette Miller-Meeks (R); Ashley Hinson (R),202-225-6576; 202-225-2911,https://millermeeks.house.gov; https://hinson.house.gov
521,"Decorah / Postville, IA",IA,Chuck Grassley (R); Joni Ernst (R),202-224-3744; 202-224-3254,https://www.grassley.senate.gov/contact; https://www.ernst.senate.gov/public/index.cfm/contact,Ashley Hinson (R),202-225-2911,https://hinson.house.gov
522,"Cedar Rapids, IA",IA,Chuck Grassley (R); Joni Ernst (R),202-224-3744; 202-224-3254,https://www.grassley.senate.gov/contact; https://www.ernst.senate.gov/public/index.cfm/contact,Mariannette Miller-Meeks (R); Ashley Hinson (R),202-225-6576; 202-225-2911,https://millermeeks.house.gov; https://hinson.house.gov
523,"Clinton / Davenport, IA",IA,Chuck Grassley (R); Joni Ernst (R),202-224-3744; 202-224-3254,https://www.grassley.senate.gov/contact; https://www.ernst.senate.gov/public/index.cfm/contact,Mariannette Miller-Meeks (R); Ashley Hinson (R),202-225-6576; 202-225-2911,https://millermeeks.house.gov; https://hinson.house.gov
524,"Cedar Rapids (south), IA",IA,Chuck Grassley (R); Joni Ernst (R),202-224-3744; 202-224-3254,https://www.grassley.senate.gov/contact; https://www.ernst.senate.gov/public/index.cfm/contact,Mariannette Miller-Meeks (R); Ashley Hinson (R),202-225-6576; 202-225-2911,https://millermeeks.house.gov; https://hinson.house.gov
525,"Davenport / Muscatine, IA",IA; MO,Chuck Grassley (R); Joni Ernst (R); Josh Hawley (R); Eric Schmitt (R),202-224-3744; 202-224-3254; 202-224-6154; 202-224-5721,https://www.grassley.senate.gov/contact; https://www.ernst.senate.gov/public/index.cfm/contact; https://www.hawley.senate.gov/contact-senator-hawley; https://www.schmitt.senate.gov/contact/,Mariannette Miller-Meeks (R); Zachary Nunn (R); Sam Graves (R),202-225-6576; 202-225-5476; 202-225-7041,https://millermeeks.house.gov; https://nunn.house.gov; https://graves.house.gov
526,"Burlington, IA",IA; MO,Chuck Grassley (R); Joni Ernst (R); Josh Hawley (R); Eric Schmitt (R),202-224-3744; 202-224-3254; 202-224-6154; 202-224-5721,https://www.grassley.senate.gov/contact; https://www.ernst.senate.gov/public/index.cfm/contact; https://www.hawley.senate.gov/contact-senator-hawley; https://www.schmitt.senate.gov/contact/,Mariannette Miller-Meeks (R); Sam Graves (R),202-225-6576; 202-225-7041,https://millermeeks.house.gov; https://graves.house.gov
527,"Burlington (south), IA",IA,Chuck Grassley (R); Joni Ernst (R),202-224-3744; 202-224-3254,https://www.grassley.senate.gov/contact; https://www.ernst.senate.gov/public/index.cfm/contact,Mariannette Miller-Meeks (R),202-225-6576,https://millermeeks.house.gov
528,"Keokuk, IA",IA,Chuck Grassley (R); Joni Ernst (R),202-224-3744; 202-224-3254,https://www.grassley.senate.gov/contact; https://www.ernst.senate.gov/public/index.cfm/contact,Mariannette Miller-Meeks (R),202-225-6576,https://millermeeks.house.gov
530,"Milwaukee, WI",WI,Tammy Baldwin (D); Ron Johnson (R),202-224-5653; 202-224-5323,https://www.baldwin.senate.gov/feedback; https://www.ronjohnson.senate.gov/public/index.cfm/email-the-senator,Scott Fitzgerald (R); Glenn Grothman (R); Tony Wied (R),202-225-5101; 202-225-2476; 202-225-5665,https://fitzgerald.house.gov; https://grothman.house.gov; https://wied.house.gov
531,"Milwaukee (north), WI",WI,Tammy Baldwin (D); Ron Johnson (R),202-224-5653; 202-224-5323,https://www.baldwin.senate.gov/feedback; https://www.ronjohnson.senate.gov/public/index.cfm/email-the-senator,Bryan Steil (R); Gwen Moore (D); Scott Fitzgerald (R),202-225-3031; 202-225-4572; 202-225-5101,https://steil.house.gov; https://gwenmoore.house.gov; https://fitzgerald.house.gov
532,"Milwaukee (south), WI",WI,Tammy Baldwin (D); Ron Johnson (R),202-224-5653; 202-224-5323,https://www.baldwin.senate.gov/feedback; https://www.ronjohnson.senate.gov/public/index.cfm/email-the-senator,Bryan Steil (R); Gwen Moore (D); Scott Fitzgerald (R); Glenn Grothman (R),202-225-3031; 202-225-4572; 202-225-5101; 202-225-2476,https://steil.house.gov; https://gwenmoore.house.gov; https://fitzgerald.house.gov; https://grothman.house.gov
534,"Racine / Kenosha, WI",WI,Tammy Baldwin (D); Ron Johnson (R),202-224-5653; 202-224-5323,https://www.baldwin.senate.gov/feedback; https://www.ronjohnson.senate.gov/public/index.cfm/email-the-senator,Bryan Steil (R),202-225-3031,https://steil.house.gov
535,"Beloit / Janesville, WI",WI,Tammy Baldwin (D); Ron Johnson (R),202-224-5653; 202-224-5323,https://www.baldwin.senate.gov/feedback; https://www.ronjohnson.senate.gov/public/index.cfm/email-the-senator,Bryan Steil (R); Mark Pocan (D); Derrick Van Orden (R); Scott Fitzgerald (R); Glenn Grothman (R),202-225-3031; 202-225-2906; 202-225-5506; 202-225-5101; 202-225-2476,https://steil.house.gov; https://pocan.house.gov; https://vanorden.house.gov; https://fitzgerald.house.gov; https://grothman.house.gov
537,"Madison, WI",WI,Tammy Baldwin (D); Ron Johnson (R),202-224-5653; 202-224-5323,https://www.baldwin.senate.gov/feedback; https://www.ronjohnson.senate.gov/public/index.cfm/email-the-senator,Mark Pocan (D),202-225-2906,https://pocan.house.gov
538,"Madison (east), WI",WI,Tammy Baldwin (D); Ron Johnson (R),202-224-5653; 202-224-5323,https://www.baldwin.senate.gov/feedback; https://www.ronjohnson.senate.gov/public/index.cfm/email-the-senator,Mark Pocan (D); Derrick Van Orden (R),202-225-2906; 202-225-5506,https://pocan.house.gov; https://vanorden.house.gov
539,"Portage / Wisconsin Dells, WI",WI,Tammy Baldwin (D); Ron Johnson (R),202-224-5653; 202-224-5323,https://www.baldwin.senate.gov/feedback; https://www.ronjohnson.senate.gov/public/index.cfm/email-the-senator,Mark Pocan (D); Derrick Van Orden (R); Scott Fitzgerald (R); Glenn Grothman (R); Thomas P. Tiffany (R),202-225-2906; 202-225-5506; 202-225-5101; 202-225-2476; 202-225-3365,https://pocan.house.gov; https://vanorden.house.gov; https://fitzgerald.house.gov; https://grothman.house.gov; https://tiffany.house.gov
540,"Saint Paul area (WI side), WI",WI,Tammy Baldwin (D); Ron Johnson (R),202-224-5653; 202-224-5323,https://www.baldwin.senate.gov/feedback; https://www.ronjohnson.senate.gov/public/index.cfm/email-the-senator,Derrick Van Orden (R); Thomas P. Tiffany (R),202-225-5506; 202-225-3365,https://vanorden.house.gov; https://tiffany.house.gov
541,"Green Bay, WI",WI,Tammy Baldwin (D); Ron Johnson (R),202-224-5653; 202-224-5323,https://www.baldwin.senate.gov/feedback; https://www.ronjohnson.senate.gov/public/index.cfm/email-the-senator,Glenn Grothman (R); Thomas P. Tiffany (R); Tony Wied (R),202-225-2476; 202-225-3365; 202-225-5665,https://grothman.house.gov; https://tiffany.house.gov; https://wied.house.gov
542,"Green Bay (north), WI",WI,Tammy Baldwin (D); Ron Johnson (R),202-224-5653; 202-224-5323,https://www.baldwin.senate.gov/feedback; https://www.ronjohnson.senate.gov/public/index.cfm/email-the-senator,Glenn Grothman (R); Tony Wied (R),202-225-2476; 202-225-5665,https://grothman.house.gov; https://wied.house.gov
543,"Green Bay (west), WI",WI,Tammy Baldwin (D); Ron Johnson (R),202-224-5653; 202-224-5323,https://www.baldwin.senate.gov/feedback; https://www.ronjohnson.senate.gov/public/index.cfm/email-the-senator,Tony Wied (R),202-225-5665,https://wied.house.gov
544,"Wausau, WI",WI,Tammy Baldwin (D); Ron Johnson (R),202-224-5653; 202-224-5323,https://www.baldwin.senate.gov/feedback; https://www.ronjohnson.senate.gov/public/index.cfm/email-the-senator,Derrick Van Orden (R); Thomas P. Tiffany (R); Tony Wied (R),202-225-5506; 202-225-3365; 202-225-5665,https://vanorden.house.gov; https://tiffany.house.gov; https://wied.house.gov
545,"Rhinelander, WI",MI; WI,Gary C. Peters (D); Elissa Slotkin (D); Tammy Baldwin (D); Ron Johnson (R),202-224-6221; 202-224-4822; 202-224-5653; 202-224-5323,https://www.peters.senate.gov/contact/email-gary; https://www.slotkin.senate.gov; https://www.baldwin.senate.gov/feedback; https://www.ronjohnson.senate.gov/public/index.cfm/email-the-senator,Jack Bergman (R); Thomas P. Tiffany (R),202-225-4735; 202-225-3365,https://bergman.house.gov; https://tiffany.house.gov
546,"La Crosse, WI",WI,Tammy Baldwin (D); Ron Johnson (R),202-224-5653; 202-224-5323,https://www.baldwin.senate.gov/feedback; https://www.ronjohnson.senate.gov/public/index.cfm/email-the-senator,Derrick Van Orden (R); Thomas P. Tiffany (R),202-225-5506; 202-225-3365,https://vanorden.house.gov; https://tiffany.house.gov
547,"Eau Claire, WI",WI,Tammy Baldwin (D); Ron Johnson (R),202-224-5653; 202-224-5323,https://www.baldwin.senate.gov/feedback; https://www.ronjohnson.senate.gov/public/index.cfm/email-the-senator,Derrick Van Orden (R); Thomas P. Tiffany (R),202-225-5506; 202-225-3365,https://vanorden.house.gov; https://tiffany.house.gov
548,"Superior / Ashland, WI",WI,Tammy Baldwin (D); Ron Johnson (R),202-224-5653; 202-224-5323,https://www.baldwin.senate.gov/feedback; https://www.ronjohnson.senate.gov/public/index.cfm/email-the-senator,Thomas P. Tiffany (R),202-225-3365,https://tiffany.house.gov
549,"Oshkosh / Fond du Lac, WI",WI,Tammy Baldwin (D); Ron Johnson (R),202-224-5653; 202-224-5323,https://www.baldwin.senate.gov/feedback; https://www.ronjohnson.senate.gov/public/index.cfm/email-the-senator,Derrick Van Orden (R); Glenn Grothman (R); Tony Wied (R),202-225-5506; 202-225-2476; 202-225-5665,https://vanorden.house.gov; https://grothman.house.gov; https://wied.house.gov
550,"Saint Paul, MN",MN,Amy Klobuchar (D); Tina Smith (D),202-224-3244; 202-224-5641,https://www.klobuchar.senate.gov/public/index.cfm/contact; https://www.smith.senate.gov/share-your-opinion/,Brad Finstad (R); Angie Craig (D); Betty McCollum (D); Tom Emmer (R); Pete Stauber (R),202-225-2472; 202-225-2271; 202-225-6631; 202-225-2331; 202-225-6211,https://finstad.house.gov; https://craig.house.gov; https://mccollum.house.gov; https://emmer.house.gov; https://stauber.house.gov
551,"Minneapolis, MN",MN,Amy Klobuchar (D); Tina Smith (D),202-224-3244; 202-224-5641,https://www.klobuchar.senate.gov/public/index.cfm/contact; https://www.smith.senate.gov/share-your-opinion/,Angie Craig (D); Betty McCollum (D); Ilhan Omar (D); Tom Emmer (R); Pete Stauber (R),202-225-2271; 202-225-6631; 202-225-4755; 202-225-2331; 202-225-6211,https://craig.house.gov; https://mccollum.house.gov; https://omar.house.gov; https://emmer.house.gov; https://stauber.house.gov
553,"Minneapolis (south), MN",MN,Amy Klobuchar (D); Tina Smith (D),202-224-3244; 202-224-5641,https://www.klobuchar.senate.gov/public/index.cfm/contact; https://www.smith.senate.gov/share-your-opinion/,Brad Finstad (R); Angie Craig (D); Kelly Morrison (D); Ilhan Omar (D); Tom Emmer (R); Michelle Fischbach (R); Pete Stauber (R),202-225-2472; 202-225-2271; 202-225-2871; 202-225-4755; 202-225-2331; 202-225-2165; 202-225-6211,https://finstad.house.gov; https://craig.house.gov; https://morrison.house.gov; https://omar.house.gov; https://emmer.house.gov; https://fischbach.house.gov; https://stauber.house.gov
554,"Saint Paul (east), MN",MN,Amy Klobuchar (D); Tina Smith (D),202-224-3244; 202-224-5641,https://www.klobuchar.senate.gov/public/index.cfm/contact; https://www.smith.senate.gov/share-your-opinion/,Kelly Morrison (D); Betty McCollum (D); Ilhan Omar (D); Tom Emmer (R),202-225-2871; 202-225-6631; 202-225-4755; 202-225-2331,https://morrison.house.gov; https://mccollum.house.gov; https://omar.house.gov; https://emmer.house.gov
555,"Minneapolis (north), MN",MN,Amy Klobuchar (D); Tina Smith (D),202-224-3244; 202-224-5641,https://www.klobuchar.senate.gov/public/index.cfm/contact; https://www.smith.senate.gov/share-your-opinion/,,,
556,"Duluth, MN",MN,Amy Klobuchar (D); Tina Smith (D),202-224-3244; 202-224-5641,https://www.klobuchar.senate.gov/public/index.cfm/contact; https://www.smith.senate.gov/share-your-opinion/,Pete Stauber (R),202-225-6211,https://stauber.house.gov
557,"Duluth (south), MN",MN,Amy Klobuchar (D); Tina Smith (D),202-224-3244; 202-224-5641,https://www.klobuchar.senate.gov/public/index.cfm/contact; https://www.smith.senate.gov/share-your-opinion/,Pete Stauber (R),202-225-6211,https://stauber.house.gov
558,"Duluth (north), MN",MN,Amy Klobuchar (D); Tina Smith (D),202-224-3244; 202-224-5641,https://www.klobuchar.senate.gov/public/index.cfm/contact; https://www.smith.senate.gov/share-your-opinion/,Pete Stauber (R),202-225-6211,https://stauber.house.gov
559,"Rochester, MN",MN,Amy Klobuchar (D); Tina Smith (D),202-224-3244; 202-224-5641,https://www.klobuchar.senate.gov/public/index.cfm/contact; https://www.smith.senate.gov/share-your-opinion/,Brad Finstad (R); Angie Craig (D),202-225-2472; 202-225-2271,https://finstad.house.gov; https://craig.house.gov
560,"Mankato, MN",IA; MN,Chuck Grassley (R); Joni Ernst (R); Amy Klobuchar (D); Tina Smith (D),202-224-3744; 202-224-3254; 202-224-3244; 202-224-5641,https://www.grassley.senate.gov/contact; https://www.ernst.senate.gov/public/index.cfm/contact; https://www.klobuchar.senate.gov/public/index.cfm/contact; https://www.smith.senate.gov/share-your-opinion/,Randy Feenstra (R); Brad Finstad (R); Angie Craig (D); Tom Emmer (R); Michelle Fischbach (R),202-225-4426; 202-225-2472; 202-225-2271; 202-225-2331; 202-225-2165,https://feenstra.house.gov; https://finstad.house.gov; https://craig.house.gov; https://emmer.house.gov; https://fischbach.house.gov
561,"Mankato (south), MN",MN; SD,Amy Klobuchar (D); Tina Smith (D); John Thune (R); Mike Rounds (R),202-224-3244; 202-224-5641; 202-224-2321; 202-224-5842,https://www.klobuchar.senate.gov/public/index.cfm/contact; https://www.smith.senate.gov/share-your-opinion/; https://www.thune.senate.gov/public/index.cfm/contact; https://www.rounds.senate.gov/contact/email-mike,Brad Finstad (R); Michelle Fischbach (R); Dusty Johnson (R),202-225-2472; 202-225-2165; 202-225-2801,https://finstad.house.gov; https://fischbach.house.gov; https://dustyjohnson.house.gov
562,"Willmar, MN",MN; SD,Amy Klobuchar (D); Tina Smith (D); John Thune (R); Mike Rounds (R),202-224-3244; 202-224-5641; 202-224-2321; 202-224-5842,https://www.klobuchar.senate.gov/public/index.cfm/contact; https://www.smith.senate.gov/share-your-opinion/; https://www.thune.senate.gov/public/index.cfm/contact; https://www.rounds.senate.gov/contact/email-mike,Brad Finstad (R); Michelle Fischbach (R); Dusty Johnson (R),202-225-2472; 202-225-2165; 202-225-2801,https://finstad.house.gov; https://fischbach.house.gov; https://dustyjohnson.house.gov
563,"Saint Cloud, MN",MN,Amy Klobuchar (D); Tina Smith (D),202-224-3244; 202-224-5641,https://www.klobuchar.senate.gov/public/index.cfm/contact; https://www.smith.senate.gov/share-your-opinion/,Tom Emmer (R); Michelle Fischbach (R); Pete Stauber (R),202-225-2331; 202-225-2165; 202-225-6211,https://emmer.house.gov; https://fischbach.house.gov; https://stauber.house.gov
564,"Saint Cloud (north), MN",MN,Amy Klobuchar (D); Tina Smith (D),202-224-3244; 202-224-5641,https://www.klobuchar.senate.gov/public/index.cfm/contact; https://www.smith.senate.gov/share-your-opinion/,Michelle Fischbach (R); Pete Stauber (R),202-225-2165; 202-225-6211,https://fischbach.house.gov; https://stauber.house.gov
565,"Detroit Lakes / Bemidji, MN",MN,Amy Klobuchar (D); Tina Smith (D),202-224-3244; 202-224-5641,https://www.klobuchar.senate.gov/public/index.cfm/contact; https://www.smith.senate.gov/share-your-opinion/,Michelle Fischbach (R); Pete Stauber (R),202-225-2165; 202-225-6211,https://fischbach.house.gov; https://stauber.house.gov
566,"Moorhead / Fargo area, MN",MN,Amy Klobuchar (D); Tina Smith (D),202-224-3244; 202-224-5641,https://www.klobuchar.senate.gov/public/index.cfm/contact; https://www.smith.senate.gov/share-your-opinion/,Michelle Fischbach (R); Pete Stauber (R),202-225-2165; 202-225-6211,https://fischbach.house.gov; https://stauber.house.gov
567,"Thief River Falls, MN",MN; ND,Amy Klobuchar (D); Tina Smith (D); John Hoeven (R); Kevin Cramer (R),202-224-3244; 202-224-5641; 202-224-2551; 202-224-2043,https://www.klobuchar.senate.gov/public/index.cfm/contact; https://www.smith.senate.gov/share-your-opinion/; https://www.hoeven.senate.gov/contact/contact-the-senator; https://www.cramer.senate.gov/contact/contact-kevin,Michelle Fischbach (R); Pete Stauber (R); Julie Fedorchak (R),202-225-2165; 202-225-6211; 202-225-2611,https://fischbach.house.gov; https://stauber.house.gov; https://fedorchak.house.gov
570,"Sioux Falls, SD",IA; MN; SD,Chuck Grassley (R); Joni Ernst (R); Amy Klobuchar (D); Tina Smith (D); John Thune (R); Mike Rounds (R),202-224-3744; 202-224-3254; 202-224-3244; 202-224-5641; 202-224-2321; 202-224-5842,https://www.grassley.senate.gov/contact; https://www.ernst.senate.gov/public/index.cfm/contact; https://www.klobuchar.senate.gov/public/index.cfm/contact; https://www.smith.senate.gov/share-your-opinion/; https://www.thune.senate.gov/public/index.cfm/contact; https://www.rounds.senate.gov/contact/email-mike,Randy Feenstra (R); Brad Finstad (R); Michelle Fischbach (R); Dusty Johnson (R),202-225-4426; 202-225-2472; 202-225-2165; 202-225-2801,https://feenstra.house.gov; https://finstad.house.gov; https://fischbach.house.gov; https://dustyjohnson.house.gov
571,"Sioux Falls (north), SD",SD,John Thune (R); Mike Rounds (R),202-224-2321; 202-224-5842,https://www.thune.senate.gov/public/index.cfm/contact; https://www.rounds.senate.gov/contact/email-mike,Dusty Johnson (R),202-225-2801,https://dustyjohnson.house.gov
572,"Watertown, SD",ND; SD,John Hoeven (R); Kevin Cramer (R); John Thune (R); Mike Rounds (R),202-224-2551; 202-224-2043; 202-224-2321; 202-224-5842,https://www.hoeven.senate.gov/contact/contact-the-senator; https://www.cramer.senate.gov/contact/contact-kevin; https://www.thune.senate.gov/public/index.cfm/contact; https://www.rounds.senate.gov/contact/email-mike,Julie Fedorchak (R); Dusty Johnson (R),202-225-2611; 202-225-2801,https://fedorchak.house.gov; https://dustyjohnson.house.gov
573,"Mitchell / Huron, SD",SD,John Thune (R); Mike Rounds (R),202-224-2321; 202-224-5842,https://www.thune.senate.gov/public/index.cfm/contact; https://www.rounds.senate.gov/contact/email-mike,Dusty Johnson (R),202-225-2801,https://dustyjohnson.house.gov
574,"Aberdeen, SD",ND; SD,John Hoeven (R); Kevin Cramer (R); John Thune (R); Mike Rounds (R),202-224-2551; 202-224-2043; 202-224-2321; 202-224-5842,https://www.hoeven.senate.gov/contact/contact-the-senator; https://www.cramer.senate.gov/contact/contact-kevin; https://www.thune.senate.gov/public/index.cfm/contact; https://www.rounds.senate.gov/contact/email-mike,Julie Fedorchak (R); Dusty Johnson (R),202-225-2611; 202-225-2801,https://fedorchak.house.gov; https://dustyjohnson.house.gov
575,"Pierre, SD",SD,John Thune (R); Mike Rounds (R),202-224-2321; 202-224-5842,https://www.thune.senate.gov/public/index.cfm/contact; https://www.rounds.senate.gov/contact/email-mike,Dusty Johnson (R),202-225-2801,https://dustyjohnson.house.gov
576,"Mobridge, SD",ND; SD,John Hoeven (R); Kevin Cramer (R); John Thune (R); Mike Rounds (R),202-224-2551; 202-224-2043; 202-224-2321; 202-224-5842,https://www.hoeven.senate.gov/contact/contact-the-senator; https://www.cramer.senate.gov/contact/contact-kevin; https://www.thune.senate.gov/public/index.cfm/contact; https://www.rounds.senate.gov/contact/email-mike,Julie Fedorchak (R); Dusty Johnson (R),202-225-2611; 202-225-2801,https://fedorchak.house.gov; https://dustyjohnson.house.gov
577,"Rapid City, SD",MT; NE; SD; WY,Steve Daines (R); Tim Sheehy (R); Deb Fischer (R); Pete Ricketts (R); John Thune (R); Mike Rounds (R); John Barrasso (R); Cynthia M. Lummis (R),202-224-2651; 202-224-2644; 202-224-6551; 202-224-4224; 202-224-2321; 202-224-5842; 202-224-6441; 202-224-3424,https://www.daines.senate.gov/connect/email-steve; https://www.sheehy.senate.gov; https://www.fischer.senate.gov/public/index.cfm/contact; https://www.ricketts.senate.gov/contact/; https://www.thune.senate.gov/public/index.cfm/contact; https://www.rounds.senate.gov/contact/email-mike; https://www.barrasso.senate.gov/public/index.cfm/contact-form; https://www.lummis.senate.gov/contact/contact-form/,Troy Downing (R); Adrian Smith (R); Dusty Johnson (R); Harriet M. Hageman (R),202-225-3211; 202-225-6435; 202-225-2801; 202-225-2311,https://downing.house.gov; https://adriansmith.house.gov; https://dustyjohnson.house.gov; https://hageman.house.gov
580,"Fargo, ND",MN; ND,Amy Klobuchar (D); Tina Smith (D); John Hoeven (R); Kevin Cramer (R),202-224-3244; 202-224-5641; 202-224-2551; 202-224-2043,https://www.klobuchar.senate.gov/public/index.cfm/contact; https://www.smith.senate.gov/share-your-opinion/; https://www.hoeven.senate.gov/contact/contact-the-senator; https://www.cramer.senate.gov/contact/contact-kevin,Michelle Fischbach (R); Julie Fedorchak (R),202-225-2165; 202-225-2611,https://fischbach.house.gov; https://fedorchak.house.gov
581,"Fargo (west), ND",ND,John Hoeven (R); Kevin Cramer (R),202-224-2551; 202-224-2043,https://www.hoeven.senate.gov/contact/contact-the-senator; https://www.cramer.senate.gov/contact/contact-kevin,Julie Fedorchak (R),202-225-2611,https://fedorchak.house.gov
582,"Grand Forks, ND",MN; ND,Amy Klobuchar (D); Tina Smith (D); John Hoeven (R); Kevin Cramer (R),202-224-3244; 202-224-5641; 202-224-2551; 202-224-2043,https://www.klobuchar.senate.gov/public/index.cfm/contact; https://www.smith.senate.gov/share-your-opinion/; https://www.hoeven.senate.gov/contact/contact-the-senator; https://www.cramer.senate.gov/contact/contact-kevin,Michelle Fischbach (R); Julie Fedorchak (R),202-225-2165; 202-225-2611,https://fischbach.house.gov; https://fedorchak.house.gov
583,"Devils Lake, ND",ND,John Hoeven (R); Kevin Cramer (R),202-224-2551; 202-224-2043,https://www.hoeven.senate.gov/contact/contact-the-senator; https://www.cramer.senate.gov/contact/contact-kevin,Julie Fedorchak (R),202-225-2611,https://fedorchak.house.gov
584,"Jamestown, ND",ND,John Hoeven (R); Kevin Cramer (R),202-224-2551; 202-224-2043,https://www.hoeven.senate.gov/contact/contact-the-senator; https://www.cramer.senate.gov/contact/contact-kevin,Julie Fedorchak (R),202-225-2611,https://fedorchak.house.gov
585,"Bismarck, ND",ND,John Hoeven (R); Kevin Cramer (R),202-224-2551; 202-224-2043,https://www.hoeven.senate.gov/contact/contact-the-senator; https://www.cramer.senate.gov/contact/contact-kevin,Julie Fedorchak (R),202-225-2611,https://fedorchak.house.gov
586,"Bismarck (north), ND",MT; ND,Steve Daines (R); Tim Sheehy (R); John Hoeven (R); Kevin Cramer (R),202-224-2651; 202-224-2644; 202-224-2551; 202-224-2043,https://www.daines.senate.gov/connect/email-steve; https://www.sheehy.senate.gov; https://www.hoeven.senate.gov/contact/contact-the-senator; https://www.cramer.senate.gov/contact/contact-kevin,Troy Downing (R); Julie Fedorchak (R),202-225-3211; 202-225-2611,https://downing.house.gov; https://fedorchak.house.gov
587,"Minot, ND",ND,John Hoeven (R); Kevin Cramer (R),202-224-2551; 202-224-2043,https://www.hoeven.senate.gov/contact/contact-the-senator; https://www.cramer.senate.gov/contact/contact-kevin,Julie Fedorchak (R),202-225-2611,https://fedorchak.house.gov
588,"Williston, ND",ND,John Hoeven (R); Kevin Cramer (R),202-224-2551; 202-224-2043,https://www.hoeven.senate.gov/contact/contact-the-senator; https://www.cramer.senate.gov/contact/contact-kevin,Julie Fedorchak (R),202-225-2611,https://fedorchak.house.gov
590,"Billings, MT",MT,Steve Daines (R); Tim Sheehy (R),202-224-2651; 202-224-2644,https://www.daines.senate.gov/connect/email-steve; https://www.sheehy.senate.gov,Ryan K. Zinke (R); Troy Downing (R),202-225-5628; 202-225-3211,https://zinke.house.gov; https://downing.house.gov
591,"Billings (east), MT",MT,Steve Daines (R); Tim Sheehy (R),202-224-2651; 202-224-2644,https://www.daines.senate.gov/connect/email-steve; https://www.sheehy.senate.gov,Troy Downing (R),202-225-3211,https://downing.house.gov
592,"Wolf Point / Glasgow, MT",MT; ND,Steve Daines (R); Tim Sheehy (R); John Hoeven (R); Kevin Cramer (R),202-224-2651; 202-224-2644; 202-224-2551; 202-224-2043,https://www.daines.senate.gov/connect/email-steve; https://www.sheehy.senate.gov; https://www.hoeven.senate.gov/contact/contact-the-senator; https://www.cramer.senate.gov/contact/contact-kevin,Troy Downing (R); Julie Fedorchak (R),202-225-3211; 202-225-2611,https://downing.house.gov; https://fedorchak.house.gov
593,"Miles City, MT",MT,Steve Daines (R); Tim Sheehy (R),202-224-2651; 202-224-2644,https://www.daines.senate.gov/connect/email-steve; https://www.sheehy.senate.gov,Troy Downing (R),202-225-3211,https://downing.house.gov
594,"Great Falls, MT",MT,Steve Daines (R); Tim Sheehy (R),202-224-2651; 202-224-2644,https://www.daines.senate.gov/connect/email-steve; https://www.sheehy.senate.gov,Ryan K. Zinke (R); Troy Downing (R),202-225-5628; 202-225-3211,https://zinke.house.gov; https://downing.house.gov
595,"Havre, MT",MT,Steve Daines (R); Tim Sheehy (R),202-224-2651; 202-224-2644,https://www.daines.senate.gov/connect/email-steve; https://www.sheehy.senate.gov,Troy Downing (R),202-225-3211,https://downing.house.gov
596,"Helena, MT",MT,Steve Daines (R); Tim Sheehy (R),202-224-2651; 202-224-2644,https://www.daines.senate.gov/connect/email-steve; https://www.sheehy.senate.gov,Troy Downing (R),202-225-3211,https://downing.house.gov
597,"Butte, MT",MT,Steve Daines (R); Tim Sheehy (R),202-224-2651; 202-224-2644,https://www.daines.senate.gov/connect/email-steve; https://www.sheehy.senate.gov,Ryan K. Zinke (R); Troy Downing (R),202-225-5628; 202-225-3211,https://zinke.house.gov; https://downing.house.gov
598,"Missoula, MT",MT,Steve Daines (R); Tim Sheehy (R),202-224-2651; 202-224-2644,https://www.daines.senate.gov/connect/email-steve; https://www.sheehy.senate.gov,Ryan K. Zinke (R),202-225-5628,https://zinke.house.gov
599,"Kalispell, MT",MT,Steve Daines (R); Tim Sheehy (R),202-224-2651; 202-224-2644,https://www.daines.senate.gov/connect/email-steve; https://www.sheehy.senate.gov,Ryan K. Zinke (R),202-225-5628,https://zinke.house.gov
600,"Chicago, IL",IL,Richard J. Durbin (D); Tammy Duckworth (D),202-224-2152; 202-224-2854,https://www.durbin.senate.gov/contact/; https://www.duckworth.senate.gov/content/contact-senator,Bradley Scott Schneider (D); Bill Foster (D); Darin LaHood (R); Delia C. Ramirez (D); Mike Quigley (D); Raja Krishnamoorthi (D); Janice D. Schakowsky (D),202-225-4835; 202-225-3515; 202-225-6201; 202-225-5701; 202-225-4061; 202-225-3711; 202-225-2111,https://schneider.house.gov; https://foster.house.gov; https://lahood.house.gov; https://ramirez.house.gov; https://quigley.house.gov; https://krishnamoorthi.house.gov; https://schakowsky.house.gov
601,"Chicago (NW), IL",IL,Richard J. Durbin (D); Tammy Duckworth (D),202-224-2152; 202-224-2854,https://www.durbin.senate.gov/contact/; https://www.duckworth.senate.gov/content/contact-senator,"Bill Foster (D); Lauren Underwood (D); Darin LaHood (R); Delia C. Ramirez (D); Jesús G. ""Chuy"" García (D); Mike Quigley (D); Sean Casten (D); Danny K. Davis (D); Raja Krishnamoorthi (D); Janice D. Schakowsky (D)",202-225-3515; 202-225-2976; 202-225-6201; 202-225-5701; 202-225-8203; 202-225-4061; 202-225-4561; 202-225-5006; 202-225-3711; 202-225-2111,https://foster.house.gov; https://underwood.house.gov; https://lahood.house.gov; https://ramirez.house.gov; https://chuygarcia.house.gov; https://quigley.house.gov; https://casten.house.gov; https://davis.house.gov; https://krishnamoorthi.house.gov; https://schakowsky.house.gov
602,"Chicago (south), IL",IL,Richard J. Durbin (D); Tammy Duckworth (D),202-224-2152; 202-224-2854,https://www.durbin.senate.gov/contact/; https://www.duckworth.senate.gov/content/contact-senator,Janice D. Schakowsky (D),202-225-2111,https://schakowsky.house.gov
603,"Chicago (west), IL",IL,Richard J. Durbin (D); Tammy Duckworth (D),202-224-2152; 202-224-2854,https://www.durbin.senate.gov/contact/; https://www.duckworth.senate.gov/content/contact-senator,"Jesús G. ""Chuy"" García (D); Danny K. Davis (D)",202-225-8203; 202-225-5006,https://chuygarcia.house.gov; https://davis.house.gov
604,"Chicago (far south), IL",IL,Richard J. Durbin (D); Tammy Duckworth (D),202-224-2152; 202-224-2854,https://www.durbin.senate.gov/contact/; https://www.duckworth.senate.gov/content/contact-senator,"Jonathan L. Jackson (D); Bill Foster (D); Lauren Underwood (D); Darin LaHood (R); Robin L. Kelly (D); Jesús G. ""Chuy"" García (D); Sean Casten (D)",202-225-4372; 202-225-3515; 202-225-2976; 202-225-6201; 202-225-0773; 202-225-8203; 202-225-4561,https://jonathanjackson.house.gov; https://foster.house.gov; https://underwood.house.gov; https://lahood.house.gov; https://robinkelly.house.gov; https://chuygarcia.house.gov; https://casten.house.gov
605,"Oak Park / Berwyn, IL",IL,Richard J. Durbin (D); Tammy Duckworth (D),202-224-2152; 202-224-2854,https://www.durbin.senate.gov/contact/; https://www.duckworth.senate.gov/content/contact-senator,"Bill Foster (D); Lauren Underwood (D); Darin LaHood (R); Delia C. Ramirez (D); Jesús G. ""Chuy"" García (D); Sean Casten (D); Danny K. Davis (D); Raja Krishnamoorthi (D)",202-225-3515; 202-225-2976; 202-225-6201; 202-225-5701; 202-225-8203; 202-225-4561; 202-225-5006; 202-225-3711,https://foster.house.gov; https://underwood.house.gov; https://lahood.house.gov; https://ramirez.house.gov; https://chuygarcia.house.gov; https://casten.house.gov; https://davis.house.gov; https://krishnamoorthi.house.gov
606,"Chicago (lake), IL",IL,Richard J. Durbin (D); Tammy Duckworth (D),202-224-2152; 202-224-2854,https://www.durbin.senate.gov/contact/; https://www.duckworth.senate.gov/content/contact-senator,"Jonathan L. Jackson (D); Robin L. Kelly (D); Delia C. Ramirez (D); Jesús G. ""Chuy"" García (D); Mike Quigley (D); Sean Casten (D); Danny K. Davis (D); Raja Krishnamoorthi (D); Janice D. Schakowsky (D)",202-225-4372; 202-225-0773; 202-225-5701; 202-225-8203; 202-225-4061; 202-225-4561; 202-225-5006; 202-225-3711; 202-225-2111,https://jonathanjackson.house.gov; https://robinkelly.house.gov; https://ramirez.house.gov; https://chuygarcia.house.gov; https://quigley.house.gov; https://casten.house.gov; https://davis.house.gov; https://krishnamoorthi.house.gov; https://schakowsky.house.gov
607,"Chicago (north), IL",IL,Richard J. Durbin (D); Tammy Duckworth (D),202-224-2152; 202-224-2854,https://www.durbin.senate.gov/contact/; https://www.duckworth.senate.gov/content/contact-senator,Delia C. Ramirez (D); Mike Quigley (D); Danny K. Davis (D); Raja Krishnamoorthi (D); Janice D. Schakowsky (D),202-225-5701; 202-225-4061; 202-225-5006; 202-225-3711; 202-225-2111,https://ramirez.house.gov; https://quigley.house.gov; https://davis.house.gov; https://krishnamoorthi.house.gov; https://schakowsky.house.gov
608,"Joliet, IL",IL,Richard J. Durbin (D); Tammy Duckworth (D),202-224-2152; 202-224-2854,https://www.durbin.senate.gov/contact/; https://www.duckworth.senate.gov/content/contact-senator,"Jonathan L. Jackson (D); Robin L. Kelly (D); Jesús G. ""Chuy"" García (D); Sean Casten (D)",202-225-4372; 202-225-0773; 202-225-8203; 202-225-4561,https://jonathanjackson.house.gov; https://robinkelly.house.gov; https://chuygarcia.house.gov; https://casten.house.gov
609,"Kankakee, IL",IL,Richard J. Durbin (D); Tammy Duckworth (D),202-224-2152; 202-224-2854,https://www.durbin.senate.gov/contact/; https://www.duckworth.senate.gov/content/contact-senator,Jonathan L. Jackson (D); Mary E. Miller (R); Darin LaHood (R); Robin L. Kelly (D),202-225-4372; 202-225-5271; 202-225-6201; 202-225-0773,https://jonathanjackson.house.gov; https://marymiller.house.gov; https://lahood.house.gov; https://robinkelly.house.gov
610,"Rockford, IL",IL,Richard J. Durbin (D); Tammy Duckworth (D),202-224-2152; 202-224-2854,https://www.durbin.senate.gov/contact/; https://www.duckworth.senate.gov/content/contact-senator,Bill Foster (D); Lauren Underwood (D); Darin LaHood (R); Eric Sorensen (D),202-225-3515; 202-225-2976; 202-225-6201; 202-225-5905,https://foster.house.gov; https://underwood.house.gov; https://lahood.house.gov; https://sorensen.house.gov
611,"Rockford (south), IL",IL,Richard J. Durbin (D); Tammy Duckworth (D),202-224-2152; 202-224-2854,https://www.durbin.senate.gov/contact/; https://www.duckworth.senate.gov/content/contact-senator,Bill Foster (D); Darin LaHood (R); Eric Sorensen (D),202-225-3515; 202-225-6201; 202-225-5905,https://foster.house.gov; https://lahood.house.gov; https://sorensen.house.gov
612,"Rock Island / Moline, IL",IL,Richard J. Durbin (D); Tammy Duckworth (D),202-224-2152; 202-224-2854,https://www.durbin.senate.gov/contact/; https://www.duckworth.senate.gov/content/contact-senator,Mary E. Miller (R); Darin LaHood (R); Eric Sorensen (D),202-225-5271; 202-225-6201; 202-225-5905,https://marymiller.house.gov; https://lahood.house.gov; https://sorensen.house.gov
613,"La Salle / Ottawa, IL",IL,Richard J. Durbin (D); Tammy Duckworth (D),202-224-2152; 202-224-2854,https://www.durbin.senate.gov/contact/; https://www.duckworth.senate.gov/content/contact-senator,Lauren Underwood (D); Darin LaHood (R); Eric Sorensen (D); Robin L. Kelly (D),202-225-2976; 202-225-6201; 202-225-5905; 202-225-0773,https://underwood.house.gov; https://lahood.house.gov; https://sorensen.house.gov; https://robinkelly.house.gov
614,"Galesburg, IL",IL,Richard J. Durbin (D); Tammy Duckworth (D),202-224-2152; 202-224-2854,https://www.durbin.senate.gov/contact/; https://www.duckworth.senate.gov/content/contact-senator,Mary E. Miller (R); Darin LaHood (R); Eric Sorensen (D),202-225-5271; 202-225-6201; 202-225-5905,https://marymiller.house.gov; https://lahood.house.gov; https://sorensen.house.gov
615,"Peoria, IL",IL,Richard J. Durbin (D); Tammy Duckworth (D),202-224-2152; 202-224-2854,https://www.durbin.senate.gov/contact/; https://www.duckworth.senate.gov/content/contact-senator,Lauren Underwood (D); Mary E. Miller (R); Darin LaHood (R); Eric Sorensen (D),202-225-2976; 202-225-5271; 202-225-6201; 202-225-5905,https://underwood.house.gov; https://marymiller.house.gov; https://lahood.house.gov; https://sorensen.house.gov
616,"Peoria (north), IL",IL,Richard J. Durbin (D); Tammy Duckworth (D),202-224-2152; 202-224-2854,https://www.durbin.senate.gov/contact/; https://www.duckworth.senate.gov/content/contact-senator,Darin LaHood (R); Eric Sorensen (D),202-225-6201; 202-225-5905,https://lahood.house.gov; https://sorensen.house.gov
617,"Bloomington, IL",IL,Richard J. Durbin (D); Tammy Duckworth (D),202-224-2152; 202-224-2854,https://www.durbin.senate.gov/contact/; https://www.duckworth.senate.gov/content/contact-senator,Nikki Budzinski (D); Mary E. Miller (R); Darin LaHood (R); Eric Sorensen (D); Robin L. Kelly (D),202-225-2371; 202-225-5271; 202-225-6201; 202-225-5905; 202-225-0773,https://budzinski.house.gov; https://marymiller.house.gov; https://lahood.house.gov; https://sorensen.house.gov; https://robinkelly.house.gov
618,"Champaign, IL",IL,Richard J. Durbin (D); Tammy Duckworth (D),202-224-2152; 202-224-2854,https://www.durbin.senate.gov/contact/; https://www.duckworth.senate.gov/content/contact-senator,Nikki Budzinski (D); Mary E. Miller (R); Darin LaHood (R); Robin L. Kelly (D),202-225-2371; 202-225-5271; 202-225-6201; 202-225-0773,https://budzinski.house.gov; https://marymiller.house.gov; https://lahood.house.gov; https://robinkelly.house.gov
619,"Champaign (south), IL",IL,Richard J. Durbin (D); Tammy Duckworth (D),202-224-2152; 202-224-2854,https://www.durbin.senate.gov/contact/; https://www.duckworth.senate.gov/content/contact-senator,Mike Bost (R); Nikki Budzinski (D); Mary E. Miller (R),202-225-5661; 202-225-2371; 202-225-5271,https://bost.house.gov; https://budzinski.house.gov; https://marymiller.house.gov
620,"Saint Louis (IL side), IL",IL,Richard J. Durbin (D); Tammy Duckworth (D),202-224-2152; 202-224-2854,https://www.durbin.senate.gov/contact/; https://www.duckworth.senate.gov/content/contact-senator,Nikki Budzinski (D); Mary E. Miller (R),202-225-2371; 202-225-5271,https://budzinski.house.gov; https://marymiller.house.gov
621,"East Saint Louis, IL",IL,Richard J. Durbin (D); Tammy Duckworth (D),202-224-2152; 202-224-2854,https://www.durbin.senate.gov/contact/; https://www.duckworth.senate.gov/content/contact-senator,,,
622,"Belleville / Alton, IL",IL,Richard J. Durbin (D); Tammy Duckworth (D),202-224-2152; 202-224-2854,https://www.durbin.senate.gov/contact/; https://www.duckworth.senate.gov/content/contact-senator,Mike Bost (R); Nikki Budzinski (D); Mary E. Miller (R),202-225-5661; 202-225-2371; 202-225-5271,https://bost.house.gov; https://budzinski.house.gov; https://marymiller.house.gov
623,"Quincy, IL",IL,Richard J. Durbin (D); Tammy Duckworth (D),202-224-2152; 202-224-2854,https://www.durbin.senate.gov/contact/; https://www.duckworth.senate.gov/content/contact-senator,Mary E. Miller (R); Eric Sorensen (D),202-225-5271; 202-225-5905,https://marymiller.house.gov; https://sorensen.house.gov
624,"Effingham, IL",IL,Richard J. Durbin (D); Tammy Duckworth (D),202-224-2152; 202-224-2854,https://www.durbin.senate.gov/contact/; https://www.duckworth.senate.gov/content/contact-senator,Mike Bost (R); Mary E. Miller (R),202-225-5661; 202-225-5271,https://bost.house.gov; https://marymiller.house.gov
625,"Springfield, IL",IL,Richard J. Durbin (D); Tammy Duckworth (D),202-224-2152; 202-224-2854,https://www.durbin.senate.gov/contact/; https://www.duckworth.senate.gov/content/contact-senator,Nikki Budzinski (D); Mary E. Miller (R),202-225-2371; 202-225-5271,https://budzinski.house.gov; https://marymiller.house.gov
626,"Springfield (east), IL",IL,Richard J. Durbin (D); Tammy Duckworth (D),202-224-2152; 202-224-2854,https://www.durbin.senate.gov/contact/; https://www.duckworth.senate.gov/content/contact-senator,Nikki Budzinski (D); Mary E. Miller (R); Darin LaHood (R); Eric Sorensen (D),202-225-2371; 202-225-5271; 202-225-6201; 202-225-5905,https://budzinski.house.gov; https://marymiller.house.gov; https://lahood.house.gov; https://sorensen.house.gov
627,"Springfield (north), IL",IL,Richard J. Durbin (D); Tammy Duckworth (D),202-224-2152; 202-224-2854,https://www.durbin.senate.gov/contact/; https://www.duckworth.senate.gov/content/contact-senator,Nikki Budzinski (D); Mary E. Miller (R),202-225-2371; 202-225-5271,https://budzinski.house.gov; https://marymiller.house.gov
628,"Centralia / Mount Vernon, IL",IL,Richard J. Durbin (D); Tammy Duckworth (D),202-224-2152; 202-224-2854,https://www.durbin.senate.gov/contact/; https://www.duckworth.senate.gov/content/contact-senator,Mike Bost (R); Mary E. Miller (R),202-225-5661; 202-225-5271,https://bost.house.gov; https://marymiller.house.gov
629,"Carbondale / Marion, IL",IL,Richard J. Durbin (D); Tammy Duckworth (D),202-224-2152; 202-224-2854,https://www.durbin.senate.gov/contact/; https://www.duckworth.senate.gov/content/contact-senator,Mike Bost (R),202-225-5661,https://bost.house.gov
630,"Saint Louis, MO",MO,Josh Hawley (R); Eric Schmitt (R),202-224-6154; 202-224-5721,https://www.hawley.senate.gov/contact-senator-hawley; https://www.schmitt.senate.gov/contact/,"Wesley Bell (D); Ann Wagner (R); Robert F. Onder, Jr. (R); Jason Smith (R)",202-225-2406; 202-225-1621; 202-225-2956; 202-225-4404,https://bell.house.gov; https://wagner.house.gov; https://onder.house.gov; https://jasonsmith.house.gov
631,"Saint Louis (west), MO",MO,Josh Hawley (R); Eric Schmitt (R),202-224-6154; 202-224-5721,https://www.hawley.senate.gov/contact-senator-hawley; https://www.schmitt.senate.gov/contact/,Wesley Bell (D); Ann Wagner (R),202-225-2406; 202-225-1621,https://bell.house.gov; https://wagner.house.gov
633,"Saint Louis (south), MO",MO,Josh Hawley (R); Eric Schmitt (R),202-224-6154; 202-224-5721,https://www.hawley.senate.gov/contact-senator-hawley; https://www.schmitt.senate.gov/contact/,"Ann Wagner (R); Robert F. Onder, Jr. (R); Sam Graves (R)",202-225-1621; 202-225-2956; 202-225-7041,https://wagner.house.gov; https://onder.house.gov; https://graves.house.gov
634,"Hannibal, MO",MO,Josh Hawley (R); Eric Schmitt (R),202-224-6154; 202-224-5721,https://www.hawley.senate.gov/contact-senator-hawley; https://www.schmitt.senate.gov/contact/,Sam Graves (R),202-225-7041,https://graves.house.gov
635,"Kirksville, MO",MO,Josh Hawley (R); Eric Schmitt (R),202-224-6154; 202-224-5721,https://www.hawley.senate.gov/contact-senator-hawley; https://www.schmitt.senate.gov/contact/,Sam Graves (R),202-225-7041,https://graves.house.gov
636,"Flat River / Farmington, MO",IL; MO,Richard J. Durbin (D); Tammy Duckworth (D); Josh Hawley (R); Eric Schmitt (R),202-224-2152; 202-224-2854; 202-224-6154; 202-224-5721,https://www.durbin.senate.gov/contact/; https://www.duckworth.senate.gov/content/contact-senator; https://www.hawley.senate.gov/contact-senator-hawley; https://www.schmitt.senate.gov/contact/,"Mike Bost (R); Robert F. Onder, Jr. (R); Jason Smith (R)",202-225-5661; 202-225-2956; 202-225-4404,https://bost.house.gov; https://onder.house.gov; https://jasonsmith.house.gov
637,"Cape Girardeau, MO",MO,Josh Hawley (R); Eric Schmitt (R),202-224-6154; 202-224-5721,https://www.hawley.senate.gov/contact-senator-hawley; https://www.schmitt.senate.gov/contact/,Jason Smith (R),202-225-4404,https://jasonsmith.house.gov
638,"Cape Girardeau (east), MO",MO,Josh Hawley (R); Eric Schmitt (R),202-224-6154; 202-224-5721,https://www.hawley.senate.gov/contact-senator-hawley; https://www.schmitt.senate.gov/contact/,Jason Smith (R),202-225-4404,https://jasonsmith.house.gov
639,"Poplar Bluff, MO",MO,Josh Hawley (R); Eric Schmitt (R),202-224-6154; 202-224-5721,https://www.hawley.senate.gov/contact-senator-hawley; https://www.schmitt.senate.gov/contact/,Jason Smith (R),202-225-4404,https://jasonsmith.house.gov
640,"Kansas City, MO",MO,Josh Hawley (R); Eric Schmitt (R),202-224-6154; 202-224-5721,https://www.hawley.senate.gov/contact-senator-hawley; https://www.schmitt.senate.gov/contact/,Mark Alford (R); Emanuel Cleaver (D); Sam Graves (R),202-225-2876; 202-225-4535; 202-225-7041,https://alford.house.gov; https://cleaver.house.gov; https://graves.house.gov
641,"Kansas City (north), MO",MO,Josh Hawley (R); Eric Schmitt (R),202-224-6154; 202-224-5721,https://www.hawley.senate.gov/contact-senator-hawley; https://www.schmitt.senate.gov/contact/,Mark Alford (R); Emanuel Cleaver (D); Sam Graves (R),202-225-2876; 202-225-4535; 202-225-7041,https://alford.house.gov; https://cleaver.house.gov; https://graves.house.gov
644,"Saint Joseph, MO",MO,Josh Hawley (R); Eric Schmitt (R),202-224-6154; 202-224-5721,https://www.hawley.senate.gov/contact-senator-hawley; https://www.schmitt.senate.gov/contact/,Emanuel Cleaver (D); Sam Graves (R),202-225-4535; 202-225-7041,https://cleaver.house.gov; https://graves.house.gov
645,"Chillicothe, MO",MO,Josh Hawley (R); Eric Schmitt (R),202-224-6154; 202-224-5721,https://www.hawley.senate.gov/contact-senator-hawley; https://www.schmitt.senate.gov/contact/,Sam Graves (R),202-225-7041,https://graves.house.gov
646,"Chillicothe (north), MO",MO,Josh Hawley (R); Eric Schmitt (R),202-224-6154; 202-224-5721,https://www.hawley.senate.gov/contact-senator-hawley; https://www.schmitt.senate.gov/contact/,Sam Graves (R),202-225-7041,https://graves.house.gov
647,"Harrisonville, MO",MO,Josh Hawley (R); Eric Schmitt (R),202-224-6154; 202-224-5721,https://www.hawley.senate.gov/contact-senator-hawley; https://www.schmitt.senate.gov/contact/,Mark Alford (R); Eric Burlison (R),202-225-2876; 202-225-6536,https://alford.house.gov; https://burlison.house.gov
648,"Joplin / Carthage, MO",MO,Josh Hawley (R); Eric Schmitt (R),202-224-6154; 202-224-5721,https://www.hawley.senate.gov/contact-senator-hawley; https://www.schmitt.senate.gov/contact/,Mark Alford (R); Eric Burlison (R),202-225-2876; 202-225-6536,https://alford.house.gov; https://burlison.house.gov
649,"Joplin, MO",MO,Josh Hawley (R); Eric Schmitt (R),202-224-6154; 202-224-5721,https://www.hawley.senate.gov/contact-senator-hawley; https://www.schmitt.senate.gov/contact/,,,
650,"Jefferson City, MO",MO,Josh Hawley (R); Eric Schmitt (R),202-224-6154; 202-224-5721,https://www.hawley.senate.gov/contact-senator-hawley; https://www.schmitt.senate.gov/contact/,"Ann Wagner (R); Robert F. Onder, Jr. (R); Mark Alford (R)",202-225-1621; 202-225-2956; 202-225-2876,https://wagner.house.gov; https://onder.house.gov; https://alford.house.gov
651,"Jefferson City (east), MO",MO,Josh Hawley (R); Eric Schmitt (R),202-224-6154; 202-224-5721,https://www.hawley.senate.gov/contact-senator-hawley; https://www.schmitt.senate.gov/contact/,"Robert F. Onder, Jr. (R)",202-225-2956,https://onder.house.gov
652,"Columbia, MO",MO,Josh Hawley (R); Eric Schmitt (R),202-224-6154; 202-224-5721,https://www.hawley.senate.gov/contact-senator-hawley; https://www.schmitt.senate.gov/contact/,"Robert F. Onder, Jr. (R); Mark Alford (R); Sam Graves (R)",202-225-2956; 202-225-2876; 202-225-7041,https://onder.house.gov; https://alford.house.gov; https://graves.house.gov
653,"Columbia (north), MO",MO,Josh Hawley (R); Eric Schmitt (R),202-224-6154; 202-224-5721,https://www.hawley.senate.gov/contact-senator-hawley; https://www.schmitt.senate.gov/contact/,"Robert F. Onder, Jr. (R); Mark Alford (R)",202-225-2956; 202-225-2876,https://onder.house.gov; https://alford.house.gov
654,"Rolla, MO",MO,Josh Hawley (R); Eric Schmitt (R),202-224-6154; 202-224-5721,https://www.hawley.senate.gov/contact-senator-hawley; https://www.schmitt.senate.gov/contact/,"Ann Wagner (R); Robert F. Onder, Jr. (R); Mark Alford (R); Jason Smith (R)",202-225-1621; 202-225-2956; 202-225-2876; 202-225-4404,https://wagner.house.gov; https://onder.house.gov; https://alford.house.gov; https://jasonsmith.house.gov
655,"Rolla (east), MO",MO,Josh Hawley (R); Eric Schmitt (R),202-224-6154; 202-224-5721,https://www.hawley.senate.gov/contact-senator-hawley; https://www.schmitt.senate.gov/contact/,"Robert F. Onder, Jr. (R); Mark Alford (R); Jason Smith (R)",202-225-2956; 202-225-2876; 202-225-4404,https://onder.house.gov; https://alford.house.gov; https://jasonsmith.house.gov
656,"Springfield, MO",MO,Josh Hawley (R); Eric Schmitt (R),202-224-6154; 202-224-5721,https://www.hawley.senate.gov/contact-senator-hawley; https://www.schmitt.senate.gov/contact/,Mark Alford (R); Eric Burlison (R); Jason Smith (R),202-225-2876; 202-225-6536; 202-225-4404,https://alford.house.gov; https://burlison.house.gov; https://jasonsmith.house.gov
657,"Springfield (east), MO",AR; MO,John Boozman (R); Tom Cotton (R); Josh Hawley (R); Eric Schmitt (R),202-224-4843; 202-224-2353; 202-224-6154; 202-224-5721,https://www.boozman.senate.gov/public/index.cfm/contact; https://www.cotton.senate.gov/contact/contact-tom; https://www.hawley.senate.gov/contact-senator-hawley; https://www.schmitt.senate.gov/contact/,"Eric A. ""Rick"" Crawford (R); Mark Alford (R); Eric Burlison (R); Jason Smith (R)",202-225-4076; 202-225-2876; 202-225-6536; 202-225-4404,https://crawford.house.gov; https://alford.house.gov; https://burlison.house.gov; https://jasonsmith.house.gov
658,"Springfield (north), MO",MO,Josh Hawley (R); Eric Schmitt (R),202-224-6154; 202-224-5721,https://www.hawley.senate.gov/contact-senator-hawley; https://www.schmitt.senate.gov/contact/,Eric Burlison (R),202-225-6536,https://burlison.house.gov
660,"Kansas City, KS",KS,Jerry Moran (R); Roger Marshall (R),202-224-6521; 202-224-4774,https://www.moran.senate.gov/public/index.cfm/e-mail-jerry; https://www.marshall.senate.gov/contact/,Tracey Mann (R); Derek Schmidt (R); Sharice Davids (D),202-225-2715; 202-225-6601; 202-225-2865,https://mann.house.gov; https://schmidt.house.gov; https://davids.house.gov
661,"Kansas City (north), KS",KS,Jerry Moran (R); Roger Marshall (R),202-224-6521; 202-224-4774,https://www.moran.senate.gov/public/index.cfm/e-mail-jerry; https://www.marshall.senate.gov/contact/,Derek Schmidt (R); Sharice Davids (D),202-225-6601; 202-225-2865,https://schmidt.house.gov; https://davids.house.gov
662,"Shawnee Mission / Overland Park, KS",KS,Jerry Moran (R); Roger Marshall (R),202-224-6521; 202-224-4774,https://www.moran.senate.gov/public/index.cfm/e-mail-jerry; https://www.marshall.senate.gov/contact/,Sharice Davids (D),202-225-2865,https://davids.house.gov
664,"Topeka, KS",KS,Jerry Moran (R); Roger Marshall (R),202-224-6521; 202-224-4774,https://www.moran.senate.gov/public/index.cfm/e-mail-jerry; https://www.marshall.senate.gov/contact/,Tracey Mann (R); Derek Schmidt (R),202-225-2715; 202-225-6601,https://mann.house.gov; https://schmidt.house.gov
665,"Topeka (east), KS",KS; NE,Jerry Moran (R); Roger Marshall (R); Deb Fischer (R); Pete Ricketts (R),202-224-6521; 202-224-4774; 202-224-6551; 202-224-4224,https://www.moran.senate.gov/public/index.cfm/e-mail-jerry; https://www.marshall.senate.gov/contact/; https://www.fischer.senate.gov/public/index.cfm/contact; https://www.ricketts.senate.gov/contact/,Tracey Mann (R); Derek Schmidt (R); Sharice Davids (D); Adrian Smith (R),202-225-2715; 202-225-6601; 202-225-2865; 202-225-6435,https://mann.house.gov; https://schmidt.house.gov; https://davids.house.gov; https://adriansmith.house.gov
666,"Topeka (north), KS",KS,Jerry Moran (R); Roger Marshall (R),202-224-6521; 202-224-4774,https://www.moran.senate.gov/public/index.cfm/e-mail-jerry; https://www.marshall.senate.gov/contact/,Tracey Mann (R); Derek Schmidt (R),202-225-2715; 202-225-6601,https://mann.house.gov; https://schmidt.house.gov
667,"Fort Scott, KS",KS,Jerry Moran (R); Roger Marshall (R),202-224-6521; 202-224-4774,https://www.moran.senate.gov/public/index.cfm/e-mail-jerry; https://www.marshall.senate.gov/contact/,Derek Schmidt (R); Sharice Davids (D); Ron Estes (R),202-225-6601; 202-225-2865; 202-225-6216,https://schmidt.house.gov; https://davids.house.gov; https://estes.house.gov
668,"Emporia, KS",KS,Jerry Moran (R); Roger Marshall (R),202-224-6521; 202-224-4774,https://www.moran.senate.gov/public/index.cfm/e-mail-jerry; https://www.marshall.senate.gov/contact/,Derek Schmidt (R); Ron Estes (R),202-225-6601; 202-225-6216,https://schmidt.house.gov; https://estes.house.gov
669,"Hutchinson, KS",KS; NE,Jerry Moran (R); Roger Marshall (R); Deb Fischer (R); Pete Ricketts (R),202-224-6521; 202-224-4774; 202-224-6551; 202-224-4224,https://www.moran.senate.gov/public/index.cfm/e-mail-jerry; https://www.marshall.senate.gov/contact/; https://www.fischer.senate.gov/public/index.cfm/contact; https://www.ricketts.senate.gov/contact/,Tracey Mann (R); Adrian Smith (R),202-225-2715; 202-225-6435,https://mann.house.gov; https://adriansmith.house.gov
670,"Wichita, KS",KS,Jerry Moran (R); Roger Marshall (R),202-224-6521; 202-224-4774,https://www.moran.senate.gov/public/index.cfm/e-mail-jerry; https://www.marshall.senate.gov/contact/,Tracey Mann (R); Derek Schmidt (R); Ron Estes (R),202-225-2715; 202-225-6601; 202-225-6216,https://mann.house.gov; https://schmidt.house.gov; https://estes.house.gov
671,"Wichita (north), KS",KS,Jerry Moran (R); Roger Marshall (R),202-224-6521; 202-224-4774,https://www.moran.senate.gov/public/index.cfm/e-mail-jerry; https://www.marshall.senate.gov/contact/,Tracey Mann (R); Derek Schmidt (R); Ron Estes (R),202-225-2715; 202-225-6601; 202-225-6216,https://mann.house.gov; https://schmidt.house.gov; https://estes.house.gov
672,"Wichita (east), KS",KS,Jerry Moran (R); Roger Marshall (R),202-224-6521; 202-224-4774,https://www.moran.senate.gov/public/index.cfm/e-mail-jerry; https://www.marshall.senate.gov/contact/,Ron Estes (R),202-225-6216,https://estes.house.gov
673,"Independence, KS",KS,Jerry Moran (R); Roger Marshall (R),202-224-6521; 202-224-4774,https://www.moran.senate.gov/public/index.cfm/e-mail-jerry; https://www.marshall.senate.gov/contact/,Derek Schmidt (R); Ron Estes (R),202-225-6601; 202-225-6216,https://schmidt.house.gov; https://estes.house.gov
674,"Salina, KS",KS,Jerry Moran (R); Roger Marshall (R),202-224-6521; 202-224-4774,https://www.moran.senate.gov/public/index.cfm/e-mail-jerry; https://www.marshall.senate.gov/contact/,Tracey Mann (R); Derek Schmidt (R),202-225-2715; 202-225-6601,https://mann.house.gov; https://schmidt.house.gov
675,"Colby, KS",KS,Jerry Moran (R); Roger Marshall (R),202-224-6521; 202-224-4774,https://www.moran.senate.gov/public/index.cfm/e-mail-jerry; https://www.marshall.senate.gov/contact/,Tracey Mann (R); Ron Estes (R),202-225-2715; 202-225-6216,https://mann.house.gov; https://estes.house.gov
676,"Hays, KS",KS,Jerry Moran (R); Roger Marshall (R),202-224-6521; 202-224-4774,https://www.moran.senate.gov/public/index.cfm/e-mail-jerry; https://www.marshall.senate.gov/contact/,Tracey Mann (R),202-225-2715,https://mann.house.gov
677,"Liberal, KS",KS,Jerry Moran (R); Roger Marshall (R),202-224-6521; 202-224-4774,https://www.moran.senate.gov/public/index.cfm/e-mail-jerry; https://www.marshall.senate.gov/contact/,Tracey Mann (R),202-225-2715,https://mann.house.gov
678,"Dodge City, KS",KS,Jerry Moran (R); Roger Marshall (R),202-224-6521; 202-224-4774,https://www.moran.senate.gov/public/index.cfm/e-mail-jerry; https://www.marshall.senate.gov/contact/,Tracey Mann (R); Ron Estes (R),202-225-2715; 202-225-6216,https://mann.house.gov; https://estes.house.gov
679,"Pratt, KS",KS,Jerry Moran (R); Roger Marshall (R),202-224-6521; 202-224-4774,https://www.moran.senate.gov/public/index.cfm/e-mail-jerry; https://www.marshall.senate.gov/contact/,Tracey Mann (R),202-225-2715,https://mann.house.gov
680,"Omaha, NE",NE,Deb Fischer (R); Pete Ricketts (R),202-224-6551; 202-224-4224,https://www.fischer.senate.gov/public/index.cfm/contact; https://www.ricketts.senate.gov/contact/,Mike Flood (R); Don Bacon (R); Adrian Smith (R),202-225-4806; 202-225-4155; 202-225-6435,https://flood.house.gov; https://bacon.house.gov; https://adriansmith.house.gov
681,"Omaha (south), NE",NE,Deb Fischer (R); Pete Ricketts (R),202-224-6551; 202-224-4224,https://www.fischer.senate.gov/public/index.cfm/contact; https://www.ricketts.senate.gov/contact/,Mike Flood (R); Don Bacon (R); Adrian Smith (R),202-225-4806; 202-225-4155; 202-225-6435,https://flood.house.gov; https://bacon.house.gov; https://adriansmith.house.gov
683,"Lincoln, NE",KS; NE,Jerry Moran (R); Roger Marshall (R); Deb Fischer (R); Pete Ricketts (R),202-224-6521; 202-224-4774; 202-224-6551; 202-224-4224,https://www.moran.senate.gov/public/index.cfm/e-mail-jerry; https://www.marshall.senate.gov/contact/; https://www.fischer.senate.gov/public/index.cfm/contact; https://www.ricketts.senate.gov/contact/,Tracey Mann (R); Mike Flood (R); Don Bacon (R); Adrian Smith (R),202-225-2715; 202-225-4806; 202-225-4155; 202-225-6435,https://mann.house.gov; https://flood.house.gov; https://bacon.house.gov; https://adriansmith.house.gov
684,"Lincoln (north), NE",KS; NE,Jerry Moran (R); Roger Marshall (R); Deb Fischer (R); Pete Ricketts (R),202-224-6521; 202-224-4774; 202-224-6551; 202-224-4224,https://www.moran.senate.gov/public/index.cfm/e-mail-jerry; https://www.marshall.senate.gov/contact/; https://www.fischer.senate.gov/public/index.cfm/contact; https://www.ricketts.senate.gov/contact/,Derek Schmidt (R); Mike Flood (R); Adrian Smith (R),202-225-6601; 202-225-4806; 202-225-6435,https://schmidt.house.gov; https://flood.house.gov; https://adriansmith.house.gov
685,"Lincoln (east), NE",NE,Deb Fischer (R); Pete Ricketts (R),202-224-6551; 202-224-4224,https://www.fischer.senate.gov/public/index.cfm/contact; https://www.ricketts.senate.gov/contact/,Mike Flood (R),202-225-4806,https://flood.house.gov
686,"Columbus, NE",NE,Deb Fischer (R); Pete Ricketts (R),202-224-6551; 202-224-4224,https://www.fischer.senate.gov/public/index.cfm/contact; https://www.ricketts.senate.gov/contact/,Mike Flood (R); Don Bacon (R); Adrian Smith (R),202-225-4806; 202-225-4155; 202-225-6435,https://flood.house.gov; https://bacon.house.gov; https://adriansmith.house.gov
687,"Norfolk, NE",NE; SD,Deb Fischer (R); Pete Ricketts (R); John Thune (R); Mike Rounds (R),202-224-6551; 202-224-4224; 202-224-2321; 202-224-5842,https://www.fischer.senate.gov/public/index.cfm/contact; https://www.ricketts.senate.gov/contact/; https://www.thune.senate.gov/public/index.cfm/contact; https://www.rounds.senate.gov/contact/email-mike,Mike Flood (R); Adrian Smith (R); Dusty Johnson (R),202-225-4806; 202-225-6435; 202-225-2801,https://flood.house.gov; https://adriansmith.house.gov; https://dustyjohnson.house.gov
688,"Grand Island, NE",NE,Deb Fischer (R); Pete Ricketts (R),202-224-6551; 202-224-4224,https://www.fischer.senate.gov/public/index.cfm/contact; https://www.ricketts.senate.gov/contact/,Adrian Smith (R),202-225-6435,https://adriansmith.house.gov
689,"Hastings / Kearney, NE",KS; NE,Jerry Moran (R); Roger Marshall (R); Deb Fischer (R); Pete Ricketts (R),202-224-6521; 202-224-4774; 202-224-6551; 202-224-4224,https://www.moran.senate.gov/public/index.cfm/e-mail-jerry; https://www.marshall.senate.gov/contact/; https://www.fischer.senate.gov/public/index.cfm/contact; https://www.ricketts.senate.gov/contact/,Tracey Mann (R); Adrian Smith (R),202-225-2715; 202-225-6435,https://mann.house.gov; https://adriansmith.house.gov
690,"McCook, NE",KS; NE,Jerry Moran (R); Roger Marshall (R); Deb Fischer (R); Pete Ricketts (R),202-224-6521; 202-224-4774; 202-224-6551; 202-224-4224,https://www.moran.senate.gov/public/index.cfm/e-mail-jerry; https://www.marshall.senate.gov/contact/; https://www.fischer.senate.gov/public/index.cfm/contact; https://www.ricketts.senate.gov/contact/,Tracey Mann (R); Adrian Smith (R),202-225-2715; 202-225-6435,https://mann.house.gov; https://adriansmith.house.gov
691,"North Platte, NE",CO; NE,Michael F. Bennet (D); John W. Hickenlooper (D); Deb Fischer (R); Pete Ricketts (R),202-224-5852; 202-224-5941; 202-224-6551; 202-224-4224,https://www.bennet.senate.gov/public/index.cfm/contact; https://www.hickenlooper.senate.gov/contact/; https://www.fischer.senate.gov/public/index.cfm/contact; https://www.ricketts.senate.gov/contact/,Lauren Boebert (R); Adrian Smith (R),202-225-4761; 202-225-6435,https://boebert.house.gov; https://adriansmith.house.gov
692,"Valentine / Alliance, NE",NE; SD,Deb Fischer (R); Pete Ricketts (R); John Thune (R); Mike Rounds (R),202-224-6551; 202-224-4224; 202-224-2321; 202-224-5842,https://www.fischer.senate.gov/public/index.cfm/contact; https://www.ricketts.senate.gov/contact/; https://www.thune.senate.gov/public/index.cfm/contact; https://www.rounds.senate.gov/contact/email-mike,Adrian Smith (R); Dusty Johnson (R),202-225-6435; 202-225-2801,https://adriansmith.house.gov; https://dustyjohnson.house.gov
693,"Scottsbluff, NE",NE; SD,Deb Fischer (R); Pete Ricketts (R); John Thune (R); Mike Rounds (R),202-224-6551; 202-224-4224; 202-224-2321; 202-224-5842,https://www.fischer.senate.gov/public/index.cfm/contact; https://www.ricketts.senate.gov/contact/; https://www.thune.senate.gov/public/index.cfm/contact; https://www.rounds.senate.gov/contact/email-mike,Adrian Smith (R); Dusty Johnson (R),202-225-6435; 202-225-2801,https://adriansmith.house.gov; https://dustyjohnson.house.gov
700,"New Orleans, LA",LA,Bill Cassidy (R); John Kennedy (R),202-224-5824; 202-224-4623,https://www.cassidy.senate.gov/contact; https://www.kennedy.senate.gov/public/email-me,Steve Scalise (R); Troy A. Carter (D); Clay Higgins (R),202-225-3015; 202-225-6636; 202-225-2031,https://scalise.house.gov; https://troycarter.house.gov; https://clayhiggins.house.gov
701,"New Orleans (east), LA",LA,Bill Cassidy (R); John Kennedy (R),202-224-5824; 202-224-4623,https://www.cassidy.senate.gov/contact; https://www.kennedy.senate.gov/public/email-me,Steve Scalise (R); Troy A. Carter (D),202-225-3015; 202-225-6636,https://scalise.house.gov; https://troycarter.house.gov
703,"Thibodaux / Houma, LA",LA,Bill Cassidy (R); John Kennedy (R),202-224-5824; 202-224-4623,https://www.cassidy.senate.gov/contact; https://www.kennedy.senate.gov/public/email-me,Steve Scalise (R); Troy A. Carter (D); Clay Higgins (R),202-225-3015; 202-225-6636; 202-225-2031,https://scalise.house.gov; https://troycarter.house.gov; https://clayhiggins.house.gov
704,"Hammond, LA",LA,Bill Cassidy (R); John Kennedy (R),202-224-5824; 202-224-4623,https://www.cassidy.senate.gov/contact; https://www.kennedy.senate.gov/public/email-me,Steve Scalise (R); Troy A. Carter (D); Julia Letlow (R),202-225-3015; 202-225-6636; 202-225-8490,https://scalise.house.gov; https://troycarter.house.gov; https://letlow.house.gov
705,"Lafayette, LA",LA,Bill Cassidy (R); John Kennedy (R),202-224-5824; 202-224-4623,https://www.cassidy.senate.gov/contact; https://www.kennedy.senate.gov/public/email-me,Clay Higgins (R); Mike Johnson (R); Cleo Fields (D),202-225-2031; 202-225-2777; 202-225-3901,https://clayhiggins.house.gov; https://mikejohnson.house.gov; https://fields.house.gov
706,"Lake Charles, LA",LA,Bill Cassidy (R); John Kennedy (R),202-224-5824; 202-224-4623,https://www.cassidy.senate.gov/contact; https://www.kennedy.senate.gov/public/email-me,Clay Higgins (R); Mike Johnson (R),202-225-2031; 202-225-2777,https://clayhiggins.house.gov; https://mikejohnson.house.gov
707,"Baton Rouge, LA",LA,Bill Cassidy (R); John Kennedy (R),202-224-5824; 202-224-4623,https://www.cassidy.senate.gov/contact; https://www.kennedy.senate.gov/public/email-me,Steve Scalise (R); Troy A. Carter (D); Julia Letlow (R); Cleo Fields (D),202-225-3015; 202-225-6636; 202-225-8490; 202-225-3901,https://scalise.house.gov; https://troycarter.house.gov; https://letlow.house.gov; https://fields.house.gov
708,"Baton Rouge (east), LA",LA,Bill Cassidy (R); John Kennedy (R),202-224-5824; 202-224-4623,https://www.cassidy.senate.gov/contact; https://www.kennedy.senate.gov/public/email-me,Julia Letlow (R); Cleo Fields (D),202-225-8490; 202-225-3901,https://letlow.house.gov; https://fields.house.gov
710,"Shreveport, LA",LA,Bill Cassidy (R); John Kennedy (R),202-224-5824; 202-224-4623,https://www.cassidy.senate.gov/contact; https://www.kennedy.senate.gov/public/email-me,Mike Johnson (R); Cleo Fields (D),202-225-2777; 202-225-3901,https://mikejohnson.house.gov; https://fields.house.gov
711,"Shreveport (south), LA",LA,Bill Cassidy (R); John Kennedy (R),202-224-5824; 202-224-4623,https://www.cassidy.senate.gov/contact; https://www.kennedy.senate.gov/public/email-me,Mike Johnson (R); Cleo Fields (D),202-225-2777; 202-225-3901,https://mikejohnson.house.gov; https://fields.house.gov
712,"Monroe, LA",LA,Bill Cassidy (R); John Kennedy (R),202-224-5824; 202-224-4623,https://www.cassidy.senate.gov/contact; https://www.kennedy.senate.gov/public/email-me,Mike Johnson (R); Julia Letlow (R),202-225-2777; 202-225-8490,https://mikejohnson.house.gov; https://letlow.house.gov
713,"Ruston / Alexandria, LA",LA,Bill Cassidy (R); John Kennedy (R),202-224-5824; 202-224-4623,https://www.cassidy.senate.gov/contact; https://www.kennedy.senate.gov/public/email-me,Mike Johnson (R); Julia Letlow (R); Cleo Fields (D),202-225-2777; 202-225-8490; 202-225-3901,https://mikejohnson.house.gov; https://letlow.house.gov; https://fields.house.gov
714,"Alexandria, LA",LA,Bill Cassidy (R); John Kennedy (R),202-224-5824; 202-224-4623,https://www.cassidy.senate.gov/contact; https://www.kennedy.senate.gov/public/email-me,Mike Johnson (R); Julia Letlow (R); Cleo Fields (D),202-225-2777; 202-225-8490; 202-225-3901,https://mikejohnson.house.gov; https://letlow.house.gov; https://fields.house.gov
716,"Pine Bluff, AR",AR,John Boozman (R); Tom Cotton (R),202-224-4843; 202-224-2353,https://www.boozman.senate.gov/public/index.cfm/contact; https://www.cotton.senate.gov/contact/contact-tom,"Eric A. ""Rick"" Crawford (R); Bruce Westerman (R)",202-225-4076; 202-225-3772,https://crawford.house.gov; https://westerman.house.gov
717,"Camden / El Dorado, AR",AR,John Boozman (R); Tom Cotton (R),202-224-4843; 202-224-2353,https://www.boozman.senate.gov/public/index.cfm/contact; https://www.cotton.senate.gov/contact/contact-tom,Bruce Westerman (R),202-225-3772,https://westerman.house.gov
718,"Texarkana, AR",AR,John Boozman (R); Tom Cotton (R),202-224-4843; 202-224-2353,https://www.boozman.senate.gov/public/index.cfm/contact; https://www.cotton.senate.gov/contact/contact-tom,Bruce Westerman (R),202-225-3772,https://westerman.house.gov
719,"Hot Springs, AR",AR; OK,John Boozman (R); Tom Cotton (R); James Lankford (R); Alan Armstrong (R),202-224-4843; 202-224-2353; 202-224-5754; 202-224-4721,https://www.boozman.senate.gov/public/index.cfm/contact; https://www.cotton.senate.gov/contact/contact-tom; https://www.lankford.senate.gov/contact/email; https://www.armstrong.senate.gov,J. French Hill (R); Bruce Westerman (R); Josh Brecheen (R),202-225-2506; 202-225-3772; 202-225-2701,https://hill.house.gov; https://westerman.house.gov; https://brecheen.house.gov
720,"Little Rock, AR",AR,John Boozman (R); Tom Cotton (R),202-224-4843; 202-224-2353,https://www.boozman.senate.gov/public/index.cfm/contact; https://www.cotton.senate.gov/contact/contact-tom,"Eric A. ""Rick"" Crawford (R); J. French Hill (R); Bruce Westerman (R)",202-225-4076; 202-225-2506; 202-225-3772,https://crawford.house.gov; https://hill.house.gov; https://westerman.house.gov
721,"Little Rock (west), AR",AR,John Boozman (R); Tom Cotton (R),202-224-4843; 202-224-2353,https://www.boozman.senate.gov/public/index.cfm/contact; https://www.cotton.senate.gov/contact/contact-tom,"Eric A. ""Rick"" Crawford (R); J. French Hill (R); Bruce Westerman (R)",202-225-4076; 202-225-2506; 202-225-3772,https://crawford.house.gov; https://hill.house.gov; https://westerman.house.gov
722,"Little Rock (north), AR",AR,John Boozman (R); Tom Cotton (R),202-224-4843; 202-224-2353,https://www.boozman.senate.gov/public/index.cfm/contact; https://www.cotton.senate.gov/contact/contact-tom,"Eric A. ""Rick"" Crawford (R); J. French Hill (R); Bruce Westerman (R)",202-225-4076; 202-225-2506; 202-225-3772,https://crawford.house.gov; https://hill.house.gov; https://westerman.house.gov
723,West Memphis / Jonesboro AR,AR; TN,John Boozman (R); Tom Cotton (R); Marsha Blackburn (R); Bill Hagerty (R),202-224-4843; 202-224-2353; 202-224-3344; 202-224-4944,https://www.boozman.senate.gov/public/index.cfm/contact; https://www.cotton.senate.gov/contact/contact-tom; https://www.blackburn.senate.gov/email-me; https://www.hagerty.senate.gov/email-me/,"Eric A. ""Rick"" Crawford (R); Steve Cohen (D)",202-225-4076; 202-225-3265,https://crawford.house.gov; https://cohen.house.gov
724,"Jonesboro, AR",AR,John Boozman (R); Tom Cotton (R),202-224-4843; 202-224-2353,https://www.boozman.senate.gov/public/index.cfm/contact; https://www.cotton.senate.gov/contact/contact-tom,"Eric A. ""Rick"" Crawford (R)",202-225-4076,https://crawford.house.gov
725,"Batesville / Mountain Home, AR",AR,John Boozman (R); Tom Cotton (R),202-224-4843; 202-224-2353,https://www.boozman.senate.gov/public/index.cfm/contact; https://www.cotton.senate.gov/contact/contact-tom,"Eric A. ""Rick"" Crawford (R); J. French Hill (R)",202-225-4076; 202-225-2506,https://crawford.house.gov; https://hill.house.gov
726,"Harrison, AR",AR; MO,John Boozman (R); Tom Cotton (R); Josh Hawley (R); Eric Schmitt (R),202-224-4843; 202-224-2353; 202-224-6154; 202-224-5721,https://www.boozman.senate.gov/public/index.cfm/contact; https://www.cotton.senate.gov/contact/contact-tom; https://www.hawley.senate.gov/contact-senator-hawley; https://www.schmitt.senate.gov/contact/,"Eric A. ""Rick"" Crawford (R); J. French Hill (R); Steve Womack (R); Bruce Westerman (R); Eric Burlison (R)",202-225-4076; 202-225-2506; 202-225-4301; 202-225-3772; 202-225-6536,https://crawford.house.gov; https://hill.house.gov; https://womack.house.gov; https://westerman.house.gov; https://burlison.house.gov
727,"Fayetteville, AR",AR,John Boozman (R); Tom Cotton (R),202-224-4843; 202-224-2353,https://www.boozman.senate.gov/public/index.cfm/contact; https://www.cotton.senate.gov/contact/contact-tom,Steve Womack (R); Bruce Westerman (R),202-225-4301; 202-225-3772,https://womack.house.gov; https://westerman.house.gov
728,"Fayetteville (south), AR",AR,John Boozman (R); Tom Cotton (R),202-224-4843; 202-224-2353,https://www.boozman.senate.gov/public/index.cfm/contact; https://www.cotton.senate.gov/contact/contact-tom,J. French Hill (R); Steve Womack (R); Bruce Westerman (R),202-225-2506; 202-225-4301; 202-225-3772,https://hill.house.gov; https://womack.house.gov; https://westerman.house.gov
729,"Fort Smith, AR",AR,John Boozman (R); Tom Cotton (R),202-224-4843; 202-224-2353,https://www.boozman.senate.gov/public/index.cfm/contact; https://www.cotton.senate.gov/contact/contact-tom,Steve Womack (R); Bruce Westerman (R),202-225-4301; 202-225-3772,https://womack.house.gov; https://westerman.house.gov
730,"Oklahoma City, OK",OK,James Lankford (R); Alan Armstrong (R),202-224-5754; 202-224-4721,https://www.lankford.senate.gov/contact/email; https://www.armstrong.senate.gov,Josh Brecheen (R); Frank D. Lucas (R); Tom Cole (R); Stephanie I. Bice (R),202-225-2701; 202-225-5565; 202-225-6165; 202-225-2132,https://brecheen.house.gov; https://lucas.house.gov; https://cole.house.gov; https://bice.house.gov
731,"Oklahoma City (east), OK",OK,James Lankford (R); Alan Armstrong (R),202-224-5754; 202-224-4721,https://www.lankford.senate.gov/contact/email; https://www.armstrong.senate.gov,Frank D. Lucas (R); Tom Cole (R); Stephanie I. Bice (R),202-225-5565; 202-225-6165; 202-225-2132,https://lucas.house.gov; https://cole.house.gov; https://bice.house.gov
733,"Ardmore, OK",OK,James Lankford (R); Alan Armstrong (R),202-224-5754; 202-224-4721,https://www.lankford.senate.gov/contact/email; https://www.armstrong.senate.gov,,,
734,"Ardmore (east), OK",OK,James Lankford (R); Alan Armstrong (R),202-224-5754; 202-224-4721,https://www.lankford.senate.gov/contact/email; https://www.armstrong.senate.gov,Josh Brecheen (R); Tom Cole (R),202-225-2701; 202-225-6165,https://brecheen.house.gov; https://cole.house.gov
735,"Lawton, OK",OK,James Lankford (R); Alan Armstrong (R),202-224-5754; 202-224-4721,https://www.lankford.senate.gov/contact/email; https://www.armstrong.senate.gov,Frank D. Lucas (R); Tom Cole (R),202-225-5565; 202-225-6165,https://lucas.house.gov; https://cole.house.gov
736,"Oklahoma City (NW), OK",OK,James Lankford (R); Alan Armstrong (R),202-224-5754; 202-224-4721,https://www.lankford.senate.gov/contact/email; https://www.armstrong.senate.gov,Frank D. Lucas (R),202-225-5565,https://lucas.house.gov
737,"Enid, OK",OK,James Lankford (R); Alan Armstrong (R),202-224-5754; 202-224-4721,https://www.lankford.senate.gov/contact/email; https://www.armstrong.senate.gov,Frank D. Lucas (R); Stephanie I. Bice (R),202-225-5565; 202-225-2132,https://lucas.house.gov; https://bice.house.gov
738,"Woodward, OK",OK,James Lankford (R); Alan Armstrong (R),202-224-5754; 202-224-4721,https://www.lankford.senate.gov/contact/email; https://www.armstrong.senate.gov,Frank D. Lucas (R),202-225-5565,https://lucas.house.gov
739,Liberal KS / Guyman OK area,OK; TX,James Lankford (R); Alan Armstrong (R); John Cornyn (R); Ted Cruz (R),202-224-5754; 202-224-4721; 202-224-2934; 202-224-5922,https://www.lankford.senate.gov/contact/email; https://www.armstrong.senate.gov; https://www.cornyn.senate.gov/contact; https://www.cruz.senate.gov/?p=form&id=16,Frank D. Lucas (R); Ronny Jackson (R),202-225-5565; 202-225-3706,https://lucas.house.gov; https://jackson.house.gov
740,"Tulsa, OK",OK,James Lankford (R); Alan Armstrong (R),202-224-5754; 202-224-4721,https://www.lankford.senate.gov/contact/email; https://www.armstrong.senate.gov,Kevin Hern (R); Josh Brecheen (R); Frank D. Lucas (R); Stephanie I. Bice (R),202-225-2211; 202-225-2701; 202-225-5565; 202-225-2132,https://hern.house.gov; https://brecheen.house.gov; https://lucas.house.gov; https://bice.house.gov
741,"Tulsa (south), OK",OK,James Lankford (R); Alan Armstrong (R),202-224-5754; 202-224-4721,https://www.lankford.senate.gov/contact/email; https://www.armstrong.senate.gov,Kevin Hern (R); Josh Brecheen (R); Frank D. Lucas (R),202-225-2211; 202-225-2701; 202-225-5565,https://hern.house.gov; https://brecheen.house.gov; https://lucas.house.gov
743,"Tulsa (north), OK",OK,James Lankford (R); Alan Armstrong (R),202-224-5754; 202-224-4721,https://www.lankford.senate.gov/contact/email; https://www.armstrong.senate.gov,Josh Brecheen (R),202-225-2701,https://brecheen.house.gov
744,"Muskogee, OK",OK,James Lankford (R); Alan Armstrong (R),202-224-5754; 202-224-4721,https://www.lankford.senate.gov/contact/email; https://www.armstrong.senate.gov,Kevin Hern (R); Josh Brecheen (R); Frank D. Lucas (R),202-225-2211; 202-225-2701; 202-225-5565,https://hern.house.gov; https://brecheen.house.gov; https://lucas.house.gov
745,"McAlester, OK",OK,James Lankford (R); Alan Armstrong (R),202-224-5754; 202-224-4721,https://www.lankford.senate.gov/contact/email; https://www.armstrong.senate.gov,Josh Brecheen (R); Tom Cole (R),202-225-2701; 202-225-6165,https://brecheen.house.gov; https://cole.house.gov
746,"Ponca City, OK",OK,James Lankford (R); Alan Armstrong (R),202-224-5754; 202-224-4721,https://www.lankford.senate.gov/contact/email; https://www.armstrong.senate.gov,Frank D. Lucas (R),202-225-5565,https://lucas.house.gov
747,"Durant, OK",OK,James Lankford (R); Alan Armstrong (R),202-224-5754; 202-224-4721,https://www.lankford.senate.gov/contact/email; https://www.armstrong.senate.gov,Josh Brecheen (R),202-225-2701,https://brecheen.house.gov
748,"Shawnee, OK",OK,James Lankford (R); Alan Armstrong (R),202-224-5754; 202-224-4721,https://www.lankford.senate.gov/contact/email; https://www.armstrong.senate.gov,Josh Brecheen (R); Frank D. Lucas (R); Tom Cole (R); Stephanie I. Bice (R),202-225-2701; 202-225-5565; 202-225-6165; 202-225-2132,https://brecheen.house.gov; https://lucas.house.gov; https://cole.house.gov; https://bice.house.gov
749,"Poteau / Sallisaw, OK",OK,James Lankford (R); Alan Armstrong (R),202-224-5754; 202-224-4721,https://www.lankford.senate.gov/contact/email; https://www.armstrong.senate.gov,Josh Brecheen (R),202-225-2701,https://brecheen.house.gov
750,"Dallas, TX",TX,John Cornyn (R); Ted Cruz (R),202-224-2934; 202-224-5922,https://www.cornyn.senate.gov/contact; https://www.cruz.senate.gov/?p=form&id=16,Beth Van Duyne (R); Roger Williams (R); Brandon Gill (R); Keith Self (R); Jasmine Crockett (D); Julie Johnson (D); Marc A. Veasey (D); Pat Fallon (R); Lance Gooden (R); Jake Ellzey (R),202-225-6605; 202-225-9896; 202-225-7772; 202-225-4201; 202-225-8885; 202-225-2231; 202-225-9897; 202-225-6673; 202-225-3484; 202-225-2002,https://vanduyne.house.gov; https://williams.house.gov; https://gill.house.gov; https://keithself.house.gov; https://crockett.house.gov; https://juliejohnson.house.gov; https://veasey.house.gov; https://fallon.house.gov; https://gooden.house.gov; https://ellzey.house.gov
751,"Dallas (north), TX",TX,John Cornyn (R); Ted Cruz (R),202-224-2934; 202-224-5922,https://www.cornyn.senate.gov/contact; https://www.cruz.senate.gov/?p=form&id=16,Nathaniel Moran (R); Keith Self (R); Jasmine Crockett (D); Julie Johnson (D); Pat Fallon (R); Lance Gooden (R); Jake Ellzey (R),202-225-3035; 202-225-4201; 202-225-8885; 202-225-2231; 202-225-6673; 202-225-3484; 202-225-2002,https://moran.house.gov; https://keithself.house.gov; https://crockett.house.gov; https://juliejohnson.house.gov; https://fallon.house.gov; https://gooden.house.gov; https://ellzey.house.gov
752,"Dallas (south), TX",TX,John Cornyn (R); Ted Cruz (R),202-224-2934; 202-224-5922,https://www.cornyn.senate.gov/contact; https://www.cruz.senate.gov/?p=form&id=16,Beth Van Duyne (R); Brandon Gill (R); Jasmine Crockett (D); Julie Johnson (D); Marc A. Veasey (D); Pat Fallon (R); Lance Gooden (R); Jake Ellzey (R),202-225-6605; 202-225-7772; 202-225-8885; 202-225-2231; 202-225-9897; 202-225-6673; 202-225-3484; 202-225-2002,https://vanduyne.house.gov; https://gill.house.gov; https://crockett.house.gov; https://juliejohnson.house.gov; https://veasey.house.gov; https://fallon.house.gov; https://gooden.house.gov; https://ellzey.house.gov
753,"Dallas (east), TX",TX,John Cornyn (R); Ted Cruz (R),202-224-2934; 202-224-5922,https://www.cornyn.senate.gov/contact; https://www.cruz.senate.gov/?p=form&id=16,Jasmine Crockett (D); Marc A. Veasey (D); Jake Ellzey (R),202-225-8885; 202-225-9897; 202-225-2002,https://crockett.house.gov; https://veasey.house.gov; https://ellzey.house.gov
754,"Greenville / Sherman, TX",TX,John Cornyn (R); Ted Cruz (R),202-224-2934; 202-224-5922,https://www.cornyn.senate.gov/contact; https://www.cruz.senate.gov/?p=form&id=16,Nathaniel Moran (R); Keith Self (R); Pat Fallon (R); Lance Gooden (R),202-225-3035; 202-225-4201; 202-225-6673; 202-225-3484,https://moran.house.gov; https://keithself.house.gov; https://fallon.house.gov; https://gooden.house.gov
755,Texarkana area TX,AR; TX,John Boozman (R); Tom Cotton (R); John Cornyn (R); Ted Cruz (R),202-224-4843; 202-224-2353; 202-224-2934; 202-224-5922,https://www.boozman.senate.gov/public/index.cfm/contact; https://www.cotton.senate.gov/contact/contact-tom; https://www.cornyn.senate.gov/contact; https://www.cruz.senate.gov/?p=form&id=16,Bruce Westerman (R); Nathaniel Moran (R); Pat Fallon (R),202-225-3772; 202-225-3035; 202-225-6673,https://westerman.house.gov; https://moran.house.gov; https://fallon.house.gov
756,"Longview, TX",TX,John Cornyn (R); Ted Cruz (R),202-224-2934; 202-224-5922,https://www.cornyn.senate.gov/contact; https://www.cruz.senate.gov/?p=form&id=16,Nathaniel Moran (R); Lance Gooden (R); Jake Ellzey (R),202-225-3035; 202-225-3484; 202-225-2002,https://moran.house.gov; https://gooden.house.gov; https://ellzey.house.gov
757,"Tyler, TX",TX,John Cornyn (R); Ted Cruz (R),202-224-2934; 202-224-5922,https://www.cornyn.senate.gov/contact; https://www.cruz.senate.gov/?p=form&id=16,Nathaniel Moran (R); Pete Sessions (R); Lance Gooden (R); Jake Ellzey (R),202-225-3035; 202-225-6105; 202-225-3484; 202-225-2002,https://moran.house.gov; https://sessions.house.gov; https://gooden.house.gov; https://ellzey.house.gov
758,"Palestine, TX",TX,John Cornyn (R); Ted Cruz (R),202-224-2934; 202-224-5922,https://www.cornyn.senate.gov/contact; https://www.cruz.senate.gov/?p=form&id=16,Michael T. McCaul (R); Pete Sessions (R); Lance Gooden (R); Jake Ellzey (R),202-225-2401; 202-225-6105; 202-225-3484; 202-225-2002,https://mccaul.house.gov; https://sessions.house.gov; https://gooden.house.gov; https://ellzey.house.gov
759,"Lufkin, TX",TX,John Cornyn (R); Ted Cruz (R),202-224-2934; 202-224-5922,https://www.cornyn.senate.gov/contact; https://www.cruz.senate.gov/?p=form&id=16,Nathaniel Moran (R); Pete Sessions (R); Brian Babin (R); Jake Ellzey (R); Morgan Luttrell (R),202-225-3035; 202-225-6105; 202-225-1555; 202-225-2002; 202-225-4901,https://moran.house.gov; https://sessions.house.gov; https://babin.house.gov; https://ellzey.house.gov; https://luttrell.house.gov
760,"Fort Worth, TX",TX,John Cornyn (R); Ted Cruz (R),202-224-2934; 202-224-5922,https://www.cornyn.senate.gov/contact; https://www.cruz.senate.gov/?p=form&id=16,Craig A. Goldman (R); Ronny Jackson (R); Beth Van Duyne (R); Roger Williams (R); Brandon Gill (R); Jasmine Crockett (D); John R. Carter (R); Marc A. Veasey (D); Jake Ellzey (R),202-225-5071; 202-225-3706; 202-225-6605; 202-225-9896; 202-225-7772; 202-225-8885; 202-225-3864; 202-225-9897; 202-225-2002,https://craiggoldman.house.gov; https://jackson.house.gov; https://vanduyne.house.gov; https://williams.house.gov; https://gill.house.gov; https://crockett.house.gov; https://carter.house.gov; https://veasey.house.gov; https://ellzey.house.gov
761,"Fort Worth (north), TX",TX,John Cornyn (R); Ted Cruz (R),202-224-2934; 202-224-5922,https://www.cornyn.senate.gov/contact; https://www.cruz.senate.gov/?p=form&id=16,Craig A. Goldman (R); Beth Van Duyne (R); Roger Williams (R); Brandon Gill (R); Marc A. Veasey (D),202-225-5071; 202-225-6605; 202-225-9896; 202-225-7772; 202-225-9897,https://craiggoldman.house.gov; https://vanduyne.house.gov; https://williams.house.gov; https://gill.house.gov; https://veasey.house.gov
762,"Fort Worth (south), TX",TX,John Cornyn (R); Ted Cruz (R),202-224-2934; 202-224-5922,https://www.cornyn.senate.gov/contact; https://www.cruz.senate.gov/?p=form&id=16,Craig A. Goldman (R); Ronny Jackson (R); Beth Van Duyne (R); Roger Williams (R); Brandon Gill (R); Pat Fallon (R),202-225-5071; 202-225-3706; 202-225-6605; 202-225-9896; 202-225-7772; 202-225-6673,https://craiggoldman.house.gov; https://jackson.house.gov; https://vanduyne.house.gov; https://williams.house.gov; https://gill.house.gov; https://fallon.house.gov
763,"Wichita Falls, TX",TX,John Cornyn (R); Ted Cruz (R),202-224-2934; 202-224-5922,https://www.cornyn.senate.gov/contact; https://www.cruz.senate.gov/?p=form&id=16,Ronny Jackson (R); Jodey C. Arrington (R); Roger Williams (R),202-225-3706; 202-225-4005; 202-225-9896,https://jackson.house.gov; https://arrington.house.gov; https://williams.house.gov
764,"Stephenville, TX",TX,John Cornyn (R); Ted Cruz (R),202-224-2934; 202-224-5922,https://www.cornyn.senate.gov/contact; https://www.cruz.senate.gov/?p=form&id=16,August Pfluger (R); Craig A. Goldman (R); Ronny Jackson (R); Jodey C. Arrington (R); Roger Williams (R); Brandon Gill (R); John R. Carter (R),202-225-3605; 202-225-5071; 202-225-3706; 202-225-4005; 202-225-9896; 202-225-7772; 202-225-3864,https://pfluger.house.gov; https://craiggoldman.house.gov; https://jackson.house.gov; https://arrington.house.gov; https://williams.house.gov; https://gill.house.gov; https://carter.house.gov
765,"Temple / Waco, TX",TX,John Cornyn (R); Ted Cruz (R),202-224-2934; 202-224-5922,https://www.cornyn.senate.gov/contact; https://www.cruz.senate.gov/?p=form&id=16,Michael T. McCaul (R); August Pfluger (R); Pete Sessions (R); Roger Williams (R); John R. Carter (R),202-225-2401; 202-225-3605; 202-225-6105; 202-225-9896; 202-225-3864,https://mccaul.house.gov; https://pfluger.house.gov; https://sessions.house.gov; https://williams.house.gov; https://carter.house.gov
766,"Waco, TX",TX,John Cornyn (R); Ted Cruz (R),202-224-2934; 202-224-5922,https://www.cornyn.senate.gov/contact; https://www.cruz.senate.gov/?p=form&id=16,Pete Sessions (R); Roger Williams (R); John R. Carter (R); Jake Ellzey (R),202-225-6105; 202-225-9896; 202-225-3864; 202-225-2002,https://sessions.house.gov; https://williams.house.gov; https://carter.house.gov; https://ellzey.house.gov
767,"Waco (south), TX",TX,John Cornyn (R); Ted Cruz (R),202-224-2934; 202-224-5922,https://www.cornyn.senate.gov/contact; https://www.cruz.senate.gov/?p=form&id=16,Pete Sessions (R),202-225-6105,https://sessions.house.gov
768,"Brownwood / San Angelo, TX",TX,John Cornyn (R); Ted Cruz (R),202-224-2934; 202-224-5922,https://www.cornyn.senate.gov/contact; https://www.cruz.senate.gov/?p=form&id=16,August Pfluger (R); Chip Roy (R); Roger Williams (R); John R. Carter (R),202-225-3605; 202-225-4236; 202-225-9896; 202-225-3864,https://pfluger.house.gov; https://roy.house.gov; https://williams.house.gov; https://carter.house.gov
769,"San Angelo, TX",TX,John Cornyn (R); Ted Cruz (R),202-224-2934; 202-224-5922,https://www.cornyn.senate.gov/contact; https://www.cruz.senate.gov/?p=form&id=16,August Pfluger (R),202-225-3605,https://pfluger.house.gov
770,"Houston, TX",TX,John Cornyn (R); Ted Cruz (R),202-224-2934; 202-224-5922,https://www.cornyn.senate.gov/contact; https://www.cruz.senate.gov/?p=form&id=16,Christian D. Menefee (D); Dan Crenshaw (R); Troy E. Nehls (R); Sylvia R. Garcia (D); Brian Babin (R); Wesley Hunt (R); Lizzie Fletcher (D); Morgan Luttrell (R); Al Green (D),202-225-3816; 202-225-6565; 202-225-5951; 202-225-1688; 202-225-1555; 202-225-5646; 202-225-2571; 202-225-4901; 202-225-7508,https://menefee.house.gov; https://crenshaw.house.gov; https://nehls.house.gov; https://sylviagarcia.house.gov; https://babin.house.gov; https://hunt.house.gov; https://fletcher.house.gov; https://luttrell.house.gov; https://algreen.house.gov
771,"Houston (east), TX",TX,John Cornyn (R); Ted Cruz (R),202-224-2934; 202-224-5922,https://www.cornyn.senate.gov/contact; https://www.cruz.senate.gov/?p=form&id=16,,,
772,"Houston (south), TX",TX,John Cornyn (R); Ted Cruz (R),202-224-2934; 202-224-5922,https://www.cornyn.senate.gov/contact; https://www.cruz.senate.gov/?p=form&id=16,Christian D. Menefee (D),202-225-3816,https://menefee.house.gov
773,"Galveston, TX",TX,John Cornyn (R); Ted Cruz (R),202-224-2934; 202-224-5922,https://www.cornyn.senate.gov/contact; https://www.cruz.senate.gov/?p=form&id=16,Michael T. McCaul (R); Pete Sessions (R); Christian D. Menefee (D); Dan Crenshaw (R); Sylvia R. Garcia (D); Brian Babin (R); Wesley Hunt (R); Morgan Luttrell (R),202-225-2401; 202-225-6105; 202-225-3816; 202-225-6565; 202-225-1688; 202-225-1555; 202-225-5646; 202-225-4901,https://mccaul.house.gov; https://sessions.house.gov; https://menefee.house.gov; https://crenshaw.house.gov; https://sylviagarcia.house.gov; https://babin.house.gov; https://hunt.house.gov; https://luttrell.house.gov
774,"Baytown, TX",TX,John Cornyn (R); Ted Cruz (R),202-224-2934; 202-224-5922,https://www.cornyn.senate.gov/contact; https://www.cruz.senate.gov/?p=form&id=16,"Michael T. McCaul (R); Randy K. Weber, Sr. (R); Troy E. Nehls (R); Michael Cloud (R); Wesley Hunt (R); Lizzie Fletcher (D); Morgan Luttrell (R); Al Green (D)",202-225-2401; 202-225-2831; 202-225-5951; 202-225-7742; 202-225-5646; 202-225-2571; 202-225-4901; 202-225-7508,https://mccaul.house.gov; https://weber.house.gov; https://nehls.house.gov; https://cloud.house.gov; https://hunt.house.gov; https://fletcher.house.gov; https://luttrell.house.gov; https://algreen.house.gov
775,"Houston (NW), TX",TX,John Cornyn (R); Ted Cruz (R),202-224-2934; 202-224-5922,https://www.cornyn.senate.gov/contact; https://www.cruz.senate.gov/?p=form&id=16,"Randy K. Weber, Sr. (R); Christian D. Menefee (D); Dan Crenshaw (R); Troy E. Nehls (R); Sylvia R. Garcia (D); Brian Babin (R); Al Green (D)",202-225-2831; 202-225-3816; 202-225-6565; 202-225-5951; 202-225-1688; 202-225-1555; 202-225-7508,https://weber.house.gov; https://menefee.house.gov; https://crenshaw.house.gov; https://nehls.house.gov; https://sylviagarcia.house.gov; https://babin.house.gov; https://algreen.house.gov
776,"Beaumont, TX",TX,John Cornyn (R); Ted Cruz (R),202-224-2934; 202-224-5922,https://www.cornyn.senate.gov/contact; https://www.cruz.senate.gov/?p=form&id=16,"Randy K. Weber, Sr. (R); Brian Babin (R)",202-225-2831; 202-225-1555,https://weber.house.gov; https://babin.house.gov
777,"Beaumont (north), TX",TX,John Cornyn (R); Ted Cruz (R),202-224-2934; 202-224-5922,https://www.cornyn.senate.gov/contact; https://www.cruz.senate.gov/?p=form&id=16,"Randy K. Weber, Sr. (R); Brian Babin (R)",202-225-2831; 202-225-1555,https://weber.house.gov; https://babin.house.gov
778,"Bryan / College Station, TX",TX,John Cornyn (R); Ted Cruz (R),202-224-2934; 202-224-5922,https://www.cornyn.senate.gov/contact; https://www.cruz.senate.gov/?p=form&id=16,Michael T. McCaul (R); Pete Sessions (R); Morgan Luttrell (R),202-225-2401; 202-225-6105; 202-225-4901,https://mccaul.house.gov; https://sessions.house.gov; https://luttrell.house.gov
779,"Victoria, TX",TX,John Cornyn (R); Ted Cruz (R),202-224-2934; 202-224-5922,https://www.cornyn.senate.gov/contact; https://www.cruz.senate.gov/?p=form&id=16,Michael T. McCaul (R); Michael Cloud (R),202-225-2401; 202-225-7742,https://mccaul.house.gov; https://cloud.house.gov
780,"San Antonio, TX",TX,John Cornyn (R); Ted Cruz (R),202-224-2934; 202-224-5922,https://www.cornyn.senate.gov/contact; https://www.cruz.senate.gov/?p=form&id=16,Monica De La Cruz (R); Joaquin Castro (D); Chip Roy (R); Henry Cuellar (D),202-225-9901; 202-225-3236; 202-225-4236; 202-225-1640,https://delacruz.house.gov; https://castro.house.gov; https://roy.house.gov; https://cuellar.house.gov
781,"San Antonio (north), TX",TX,John Cornyn (R); Ted Cruz (R),202-224-2934; 202-224-5922,https://www.cornyn.senate.gov/contact; https://www.cruz.senate.gov/?p=form&id=16,Monica De La Cruz (R); Chip Roy (R); Michael Cloud (R); Henry Cuellar (D); Greg Casar (D),202-225-9901; 202-225-4236; 202-225-7742; 202-225-1640; 202-225-5645,https://delacruz.house.gov; https://roy.house.gov; https://cloud.house.gov; https://cuellar.house.gov; https://casar.house.gov
782,"San Antonio (south), TX",TX,John Cornyn (R); Ted Cruz (R),202-224-2934; 202-224-5922,https://www.cornyn.senate.gov/contact; https://www.cruz.senate.gov/?p=form&id=16,Monica De La Cruz (R); Joaquin Castro (D); Chip Roy (R); Henry Cuellar (D); Greg Casar (D),202-225-9901; 202-225-3236; 202-225-4236; 202-225-1640; 202-225-5645,https://delacruz.house.gov; https://castro.house.gov; https://roy.house.gov; https://cuellar.house.gov; https://casar.house.gov
783,"Corpus Christi, TX",TX,John Cornyn (R); Ted Cruz (R),202-224-2934; 202-224-5922,https://www.cornyn.senate.gov/contact; https://www.cruz.senate.gov/?p=form&id=16,Monica De La Cruz (R); Michael Cloud (R); Henry Cuellar (D); Vicente Gonzalez (D),202-225-9901; 202-225-7742; 202-225-1640; 202-225-2531,https://delacruz.house.gov; https://cloud.house.gov; https://cuellar.house.gov; https://gonzalez.house.gov
784,"Corpus Christi (south), TX",TX,John Cornyn (R); Ted Cruz (R),202-224-2934; 202-224-5922,https://www.cornyn.senate.gov/contact; https://www.cruz.senate.gov/?p=form&id=16,Michael Cloud (R); Vicente Gonzalez (D),202-225-7742; 202-225-2531,https://cloud.house.gov; https://gonzalez.house.gov
785,"McAllen / Harlingen, TX",TX,John Cornyn (R); Ted Cruz (R),202-224-2934; 202-224-5922,https://www.cornyn.senate.gov/contact; https://www.cruz.senate.gov/?p=form&id=16,Monica De La Cruz (R); Henry Cuellar (D); Vicente Gonzalez (D),202-225-9901; 202-225-1640; 202-225-2531,https://delacruz.house.gov; https://cuellar.house.gov; https://gonzalez.house.gov
786,"Austin, TX",TX,John Cornyn (R); Ted Cruz (R),202-224-2934; 202-224-5922,https://www.cornyn.senate.gov/contact; https://www.cruz.senate.gov/?p=form&id=16,Michael T. McCaul (R); August Pfluger (R); Monica De La Cruz (R); Pete Sessions (R); Chip Roy (R); Michael Cloud (R); John R. Carter (R); Greg Casar (D); Lloyd Doggett (D),202-225-2401; 202-225-3605; 202-225-9901; 202-225-6105; 202-225-4236; 202-225-7742; 202-225-3864; 202-225-5645; 202-225-4865,https://mccaul.house.gov; https://pfluger.house.gov; https://delacruz.house.gov; https://sessions.house.gov; https://roy.house.gov; https://cloud.house.gov; https://carter.house.gov; https://casar.house.gov; https://doggett.house.gov
787,"Austin (north), TX",TX,John Cornyn (R); Ted Cruz (R),202-224-2934; 202-224-5922,https://www.cornyn.senate.gov/contact; https://www.cruz.senate.gov/?p=form&id=16,Michael T. McCaul (R); Pete Sessions (R); Chip Roy (R); Greg Casar (D); Lloyd Doggett (D),202-225-2401; 202-225-6105; 202-225-4236; 202-225-5645; 202-225-4865,https://mccaul.house.gov; https://sessions.house.gov; https://roy.house.gov; https://casar.house.gov; https://doggett.house.gov
788,"Austin (south), TX",TX,John Cornyn (R); Ted Cruz (R),202-224-2934; 202-224-5922,https://www.cornyn.senate.gov/contact; https://www.cruz.senate.gov/?p=form&id=16,Chip Roy (R),202-225-4236,https://roy.house.gov
789,"Georgetown / Round Rock, TX",TX,John Cornyn (R); Ted Cruz (R),202-224-2934; 202-224-5922,https://www.cornyn.senate.gov/contact; https://www.cruz.senate.gov/?p=form&id=16,Michael T. McCaul (R); Michael Cloud (R),202-225-2401; 202-225-7742,https://mccaul.house.gov; https://cloud.house.gov
790,"Amarillo, TX",TX,John Cornyn (R); Ted Cruz (R),202-224-2934; 202-224-5922,https://www.cornyn.senate.gov/contact; https://www.cruz.senate.gov/?p=form&id=16,Ronny Jackson (R); Jodey C. Arrington (R),202-225-3706; 202-225-4005,https://jackson.house.gov; https://arrington.house.gov
791,"Amarillo (east), TX",TX,John Cornyn (R); Ted Cruz (R),202-224-2934; 202-224-5922,https://www.cornyn.senate.gov/contact; https://www.cruz.senate.gov/?p=form&id=16,Ronny Jackson (R),202-225-3706,https://jackson.house.gov
792,"Childress / Pampa, TX",TX,John Cornyn (R); Ted Cruz (R),202-224-2934; 202-224-5922,https://www.cornyn.senate.gov/contact; https://www.cruz.senate.gov/?p=form&id=16,Ronny Jackson (R); Jodey C. Arrington (R),202-225-3706; 202-225-4005,https://jackson.house.gov; https://arrington.house.gov
793,"Lubbock, TX",TX,John Cornyn (R); Ted Cruz (R),202-224-2934; 202-224-5922,https://www.cornyn.senate.gov/contact; https://www.cruz.senate.gov/?p=form&id=16,Ronny Jackson (R); Jodey C. Arrington (R),202-225-3706; 202-225-4005,https://jackson.house.gov; https://arrington.house.gov
794,"Lubbock (east), TX",TX,John Cornyn (R); Ted Cruz (R),202-224-2934; 202-224-5922,https://www.cornyn.senate.gov/contact; https://www.cruz.senate.gov/?p=form&id=16,Jodey C. Arrington (R),202-225-4005,https://arrington.house.gov
795,"Abilene, TX",TX,John Cornyn (R); Ted Cruz (R),202-224-2934; 202-224-5922,https://www.cornyn.senate.gov/contact; https://www.cruz.senate.gov/?p=form&id=16,August Pfluger (R); Ronny Jackson (R); Jodey C. Arrington (R); Roger Williams (R),202-225-3605; 202-225-3706; 202-225-4005; 202-225-9896,https://pfluger.house.gov; https://jackson.house.gov; https://arrington.house.gov; https://williams.house.gov
796,"Abilene (north), TX",TX,John Cornyn (R); Ted Cruz (R),202-224-2934; 202-224-5922,https://www.cornyn.senate.gov/contact; https://www.cruz.senate.gov/?p=form&id=16,Jodey C. Arrington (R); Roger Williams (R),202-225-4005; 202-225-9896,https://arrington.house.gov; https://williams.house.gov
797,"Midland, TX",TX,John Cornyn (R); Ted Cruz (R),202-224-2934; 202-224-5922,https://www.cornyn.senate.gov/contact; https://www.cruz.senate.gov/?p=form&id=16,August Pfluger (R); Jodey C. Arrington (R),202-225-3605; 202-225-4005,https://pfluger.house.gov; https://arrington.house.gov
798,"Odessa, TX",NM; TX,Martin Heinrich (D); Ben Ray Luján (D); John Cornyn (R); Ted Cruz (R),202-224-5521; 202-224-6621; 202-224-2934; 202-224-5922,https://www.heinrich.senate.gov/contact; https://www.lujan.senate.gov/contact/; https://www.cornyn.senate.gov/contact; https://www.cruz.senate.gov/?p=form&id=16,Gabe Vasquez (D); Veronica Escobar (D),202-225-2365; 202-225-4831,https://vasquez.house.gov; https://escobar.house.gov
799,"El Paso, TX",NM; TX,Martin Heinrich (D); Ben Ray Luján (D); John Cornyn (R); Ted Cruz (R),202-224-5521; 202-224-6621; 202-224-2934; 202-224-5922,https://www.heinrich.senate.gov/contact; https://www.lujan.senate.gov/contact/; https://www.cornyn.senate.gov/contact; https://www.cruz.senate.gov/?p=form&id=16,Gabe Vasquez (D); Veronica Escobar (D),202-225-2365; 202-225-4831,https://vasquez.house.gov; https://escobar.house.gov
800,"Denver, CO",CO,Michael F. Bennet (D); John W. Hickenlooper (D),202-224-5852; 202-224-5941,https://www.bennet.senate.gov/public/index.cfm/contact; https://www.hickenlooper.senate.gov/contact/,Diana DeGette (D); Joe Neguse (D); Lauren Boebert (R); Jason Crow (D); Brittany Pettersen (D); Gabe Evans (R),202-225-4431; 202-225-2161; 202-225-4761; 202-225-7882; 202-225-2645; 202-225-5625,https://degette.house.gov; https://neguse.house.gov; https://boebert.house.gov; https://crow.house.gov; https://pettersen.house.gov; https://gabeevans.house.gov
801,"Denver (north), CO",CO,Michael F. Bennet (D); John W. Hickenlooper (D),202-224-5852; 202-224-5941,https://www.bennet.senate.gov/public/index.cfm/contact; https://www.hickenlooper.senate.gov/contact/,Diana DeGette (D); Lauren Boebert (R); Jeff Crank (R); Jason Crow (D); Brittany Pettersen (D),202-225-4431; 202-225-4761; 202-225-4422; 202-225-7882; 202-225-2645,https://degette.house.gov; https://boebert.house.gov; https://crank.house.gov; https://crow.house.gov; https://pettersen.house.gov
802,"Denver (south), CO",CO,Michael F. Bennet (D); John W. Hickenlooper (D),202-224-5852; 202-224-5941,https://www.bennet.senate.gov/public/index.cfm/contact; https://www.hickenlooper.senate.gov/contact/,Diana DeGette (D); Jason Crow (D); Brittany Pettersen (D); Gabe Evans (R),202-225-4431; 202-225-7882; 202-225-2645; 202-225-5625,https://degette.house.gov; https://crow.house.gov; https://pettersen.house.gov; https://gabeevans.house.gov
803,"Denver metro, CO",CO,Michael F. Bennet (D); John W. Hickenlooper (D),202-224-5852; 202-224-5941,https://www.bennet.senate.gov/public/index.cfm/contact; https://www.hickenlooper.senate.gov/contact/,Joe Neguse (D),202-225-2161,https://neguse.house.gov
804,"Denver (east), CO",CO,Michael F. Bennet (D); John W. Hickenlooper (D),202-224-5852; 202-224-5941,https://www.bennet.senate.gov/public/index.cfm/contact; https://www.hickenlooper.senate.gov/contact/,Joe Neguse (D); Jeff Hurd (R); Jason Crow (D); Brittany Pettersen (D),202-225-2161; 202-225-4676; 202-225-7882; 202-225-2645,https://neguse.house.gov; https://hurd.house.gov; https://crow.house.gov; https://pettersen.house.gov
805,"Longmont / Boulder, CO",CO,Michael F. Bennet (D); John W. Hickenlooper (D),202-224-5852; 202-224-5941,https://www.bennet.senate.gov/public/index.cfm/contact; https://www.hickenlooper.senate.gov/contact/,Joe Neguse (D); Lauren Boebert (R); Brittany Pettersen (D); Gabe Evans (R),202-225-2161; 202-225-4761; 202-225-2645; 202-225-5625,https://neguse.house.gov; https://boebert.house.gov; https://pettersen.house.gov; https://gabeevans.house.gov
806,"Greeley, CO",CO,Michael F. Bennet (D); John W. Hickenlooper (D),202-224-5852; 202-224-5941,https://www.bennet.senate.gov/public/index.cfm/contact; https://www.hickenlooper.senate.gov/contact/,Joe Neguse (D); Lauren Boebert (R); Jason Crow (D); Brittany Pettersen (D); Gabe Evans (R),202-225-2161; 202-225-4761; 202-225-7882; 202-225-2645; 202-225-5625,https://neguse.house.gov; https://boebert.house.gov; https://crow.house.gov; https://pettersen.house.gov; https://gabeevans.house.gov
807,"Fort Collins, CO",CO; NE,Michael F. Bennet (D); John W. Hickenlooper (D); Deb Fischer (R); Pete Ricketts (R),202-224-5852; 202-224-5941; 202-224-6551; 202-224-4224,https://www.bennet.senate.gov/public/index.cfm/contact; https://www.hickenlooper.senate.gov/contact/; https://www.fischer.senate.gov/public/index.cfm/contact; https://www.ricketts.senate.gov/contact/,Lauren Boebert (R); Gabe Evans (R); Adrian Smith (R),202-225-4761; 202-225-5625; 202-225-6435,https://boebert.house.gov; https://gabeevans.house.gov; https://adriansmith.house.gov
808,"Colorado Springs, CO",CO,Michael F. Bennet (D); John W. Hickenlooper (D),202-224-5852; 202-224-5941,https://www.bennet.senate.gov/public/index.cfm/contact; https://www.hickenlooper.senate.gov/contact/,Jeff Hurd (R); Lauren Boebert (R); Jeff Crank (R); Brittany Pettersen (D),202-225-4676; 202-225-4761; 202-225-4422; 202-225-2645,https://hurd.house.gov; https://boebert.house.gov; https://crank.house.gov; https://pettersen.house.gov
809,"Colorado Springs (south), CO",CO,Michael F. Bennet (D); John W. Hickenlooper (D),202-224-5852; 202-224-5941,https://www.bennet.senate.gov/public/index.cfm/contact; https://www.hickenlooper.senate.gov/contact/,Lauren Boebert (R); Jeff Crank (R); Brittany Pettersen (D),202-225-4761; 202-225-4422; 202-225-2645,https://boebert.house.gov; https://crank.house.gov; https://pettersen.house.gov
810,"Pueblo, CO",CO,Michael F. Bennet (D); John W. Hickenlooper (D),202-224-5852; 202-224-5941,https://www.bennet.senate.gov/public/index.cfm/contact; https://www.hickenlooper.senate.gov/contact/,Jeff Hurd (R); Lauren Boebert (R); Jeff Crank (R); Brittany Pettersen (D),202-225-4676; 202-225-4761; 202-225-4422; 202-225-2645,https://hurd.house.gov; https://boebert.house.gov; https://crank.house.gov; https://pettersen.house.gov
811,"Alamosa / Trinidad, CO",CO; NM,Michael F. Bennet (D); John W. Hickenlooper (D); Martin Heinrich (D); Ben Ray Luján (D),202-224-5852; 202-224-5941; 202-224-5521; 202-224-6621,https://www.bennet.senate.gov/public/index.cfm/contact; https://www.hickenlooper.senate.gov/contact/; https://www.heinrich.senate.gov/contact; https://www.lujan.senate.gov/contact/,Jeff Hurd (R); Teresa Leger Fernandez (D),202-225-4676; 202-225-6190,https://hurd.house.gov; https://fernandez.house.gov
812,"Durango, CO",CO,Michael F. Bennet (D); John W. Hickenlooper (D),202-224-5852; 202-224-5941,https://www.bennet.senate.gov/public/index.cfm/contact; https://www.hickenlooper.senate.gov/contact/,Jeff Hurd (R); Brittany Pettersen (D),202-225-4676; 202-225-2645,https://hurd.house.gov; https://pettersen.house.gov
813,"Grand Junction, CO",CO; UT,Michael F. Bennet (D); John W. Hickenlooper (D); Mike Lee (R); John R. Curtis (R),202-224-5852; 202-224-5941; 202-224-5444; 202-224-5251,https://www.bennet.senate.gov/public/index.cfm/contact; https://www.hickenlooper.senate.gov/contact/; https://www.lee.senate.gov/public/index.cfm/contact; https://www.curtis.senate.gov,Jeff Hurd (R); Mike Kennedy (R),202-225-4676; 202-225-7751,https://hurd.house.gov; https://mikekennedy.house.gov
814,"Glenwood Springs / Aspen, CO",CO,Michael F. Bennet (D); John W. Hickenlooper (D),202-224-5852; 202-224-5941,https://www.bennet.senate.gov/public/index.cfm/contact; https://www.hickenlooper.senate.gov/contact/,Jeff Hurd (R),202-225-4676,https://hurd.house.gov
815,"Steamboat Springs / Craig, CO",CO,Michael F. Bennet (D); John W. Hickenlooper (D),202-224-5852; 202-224-5941,https://www.bennet.senate.gov/public/index.cfm/contact; https://www.hickenlooper.senate.gov/contact/,Jeff Hurd (R),202-225-4676,https://hurd.house.gov
816,"Grand Junction area, CO",CO,Michael F. Bennet (D); John W. Hickenlooper (D),202-224-5852; 202-224-5941,https://www.bennet.senate.gov/public/index.cfm/contact; https://www.hickenlooper.senate.gov/contact/,Joe Neguse (D); Jeff Hurd (R),202-225-2161; 202-225-4676,https://neguse.house.gov; https://hurd.house.gov
820,"Cheyenne, WY",CO; NE; WY,Michael F. Bennet (D); John W. Hickenlooper (D); Deb Fischer (R); Pete Ricketts (R); John Barrasso (R); Cynthia M. Lummis (R),202-224-5852; 202-224-5941; 202-224-6551; 202-224-4224; 202-224-6441; 202-224-3424,https://www.bennet.senate.gov/public/index.cfm/contact; https://www.hickenlooper.senate.gov/contact/; https://www.fischer.senate.gov/public/index.cfm/contact; https://www.ricketts.senate.gov/contact/; https://www.barrasso.senate.gov/public/index.cfm/contact-form; https://www.lummis.senate.gov/contact/contact-form/,Joe Neguse (D); Lauren Boebert (R); Gabe Evans (R); Adrian Smith (R); Harriet M. Hageman (R),202-225-2161; 202-225-4761; 202-225-5625; 202-225-6435; 202-225-2311,https://neguse.house.gov; https://boebert.house.gov; https://gabeevans.house.gov; https://adriansmith.house.gov; https://hageman.house.gov
821,"Wheatland, WY",WY,John Barrasso (R); Cynthia M. Lummis (R),202-224-6441; 202-224-3424,https://www.barrasso.senate.gov/public/index.cfm/contact-form; https://www.lummis.senate.gov/contact/contact-form/,Harriet M. Hageman (R),202-225-2311,https://hageman.house.gov
822,"Sheridan, WY",WY,John Barrasso (R); Cynthia M. Lummis (R),202-224-6441; 202-224-3424,https://www.barrasso.senate.gov/public/index.cfm/contact-form; https://www.lummis.senate.gov/contact/contact-form/,Harriet M. Hageman (R),202-225-2311,https://hageman.house.gov
823,"Rawlins, WY",WY,John Barrasso (R); Cynthia M. Lummis (R),202-224-6441; 202-224-3424,https://www.barrasso.senate.gov/public/index.cfm/contact-form; https://www.lummis.senate.gov/contact/contact-form/,Harriet M. Hageman (R),202-225-2311,https://hageman.house.gov
824,"Worland, WY",WY,John Barrasso (R); Cynthia M. Lummis (R),202-224-6441; 202-224-3424,https://www.barrasso.senate.gov/public/index.cfm/contact-form; https://www.lummis.senate.gov/contact/contact-form/,Harriet M. Hageman (R),202-225-2311,https://hageman.house.gov
825,"Riverton, WY",WY,John Barrasso (R); Cynthia M. Lummis (R),202-224-6441; 202-224-3424,https://www.barrasso.senate.gov/public/index.cfm/contact-form; https://www.lummis.senate.gov/contact/contact-form/,Harriet M. Hageman (R),202-225-2311,https://hageman.house.gov
826,"Casper, WY",WY,John Barrasso (R); Cynthia M. Lummis (R),202-224-6441; 202-224-3424,https://www.barrasso.senate.gov/public/index.cfm/contact-form; https://www.lummis.senate.gov/contact/contact-form/,Harriet M. Hageman (R),202-225-2311,https://hageman.house.gov
827,"Casper (east), WY",WY,John Barrasso (R); Cynthia M. Lummis (R),202-224-6441; 202-224-3424,https://www.barrasso.senate.gov/public/index.cfm/contact-form; https://www.lummis.senate.gov/contact/contact-form/,Harriet M. Hageman (R),202-225-2311,https://hageman.house.gov
828,"Cody, WY",MT; WY,Steve Daines (R); Tim Sheehy (R); John Barrasso (R); Cynthia M. Lummis (R),202-224-2651; 202-224-2644; 202-224-6441; 202-224-3424,https://www.daines.senate.gov/connect/email-steve; https://www.sheehy.senate.gov; https://www.barrasso.senate.gov/public/index.cfm/contact-form; https://www.lummis.senate.gov/contact/contact-form/,Troy Downing (R); Harriet M. Hageman (R),202-225-3211; 202-225-2311,https://downing.house.gov; https://hageman.house.gov
829,"Rock Springs, WY",UT; WY,Mike Lee (R); John R. Curtis (R); John Barrasso (R); Cynthia M. Lummis (R),202-224-5444; 202-224-5251; 202-224-6441; 202-224-3424,https://www.lee.senate.gov/public/index.cfm/contact; https://www.curtis.senate.gov; https://www.barrasso.senate.gov/public/index.cfm/contact-form; https://www.lummis.senate.gov/contact/contact-form/,Mike Kennedy (R); Harriet M. Hageman (R),202-225-7751; 202-225-2311,https://mikekennedy.house.gov; https://hageman.house.gov
830,"Rock Springs (west), WY",WY,John Barrasso (R); Cynthia M. Lummis (R),202-224-6441; 202-224-3424,https://www.barrasso.senate.gov/public/index.cfm/contact-form; https://www.lummis.senate.gov/contact/contact-form/,Harriet M. Hageman (R),202-225-2311,https://hageman.house.gov
831,"Laramie, WY",ID; WY,James E. Risch (R); Mike Crapo (R); John Barrasso (R); Cynthia M. Lummis (R),202-224-2752; 202-224-6142; 202-224-6441; 202-224-3424,https://www.risch.senate.gov/public/index.cfm?p=Email; https://www.crapo.senate.gov/contact; https://www.barrasso.senate.gov/public/index.cfm/contact-form; https://www.lummis.senate.gov/contact/contact-form/,Michael K. Simpson (R); Harriet M. Hageman (R),202-225-5531; 202-225-2311,https://simpson.house.gov; https://hageman.house.gov
832,"Pocatello, ID",ID,James E. Risch (R); Mike Crapo (R),202-224-2752; 202-224-6142,https://www.risch.senate.gov/public/index.cfm?p=Email; https://www.crapo.senate.gov/contact,Michael K. Simpson (R),202-225-5531,https://simpson.house.gov
833,"Twin Falls, ID",ID; UT,James E. Risch (R); Mike Crapo (R); Mike Lee (R); John R. Curtis (R),202-224-2752; 202-224-6142; 202-224-5444; 202-224-5251,https://www.risch.senate.gov/public/index.cfm?p=Email; https://www.crapo.senate.gov/contact; https://www.lee.senate.gov/public/index.cfm/contact; https://www.curtis.senate.gov,Russ Fulcher (R); Michael K. Simpson (R); Blake D. Moore (R),202-225-6611; 202-225-5531; 202-225-0453,https://fulcher.house.gov; https://simpson.house.gov; https://blakemoore.house.gov
834,"Boise, ID",ID; WY,James E. Risch (R); Mike Crapo (R); John Barrasso (R); Cynthia M. Lummis (R),202-224-2752; 202-224-6142; 202-224-6441; 202-224-3424,https://www.risch.senate.gov/public/index.cfm?p=Email; https://www.crapo.senate.gov/contact; https://www.barrasso.senate.gov/public/index.cfm/contact-form; https://www.lummis.senate.gov/contact/contact-form/,Michael K. Simpson (R); Harriet M. Hageman (R),202-225-5531; 202-225-2311,https://simpson.house.gov; https://hageman.house.gov
835,"Lewiston, ID",ID,James E. Risch (R); Mike Crapo (R),202-224-2752; 202-224-6142,https://www.risch.senate.gov/public/index.cfm?p=Email; https://www.crapo.senate.gov/contact,Russ Fulcher (R),202-225-6611,https://fulcher.house.gov
836,"Boise (south), ID",ID,James E. Risch (R); Mike Crapo (R),202-224-2752; 202-224-6142,https://www.risch.senate.gov/public/index.cfm?p=Email; https://www.crapo.senate.gov/contact,Russ Fulcher (R); Michael K. Simpson (R),202-225-6611; 202-225-5531,https://fulcher.house.gov; https://simpson.house.gov
837,"Boise (north), ID",ID,James E. Risch (R); Mike Crapo (R),202-224-2752; 202-224-6142,https://www.risch.senate.gov/public/index.cfm?p=Email; https://www.crapo.senate.gov/contact,Russ Fulcher (R); Michael K. Simpson (R),202-225-6611; 202-225-5531,https://fulcher.house.gov; https://simpson.house.gov
838,"Coeur d'Alene, ID",ID; WA,James E. Risch (R); Mike Crapo (R); Maria Cantwell (D); Patty Murray (D),202-224-2752; 202-224-6142; 202-224-3441; 202-224-2621,https://www.risch.senate.gov/public/index.cfm?p=Email; https://www.crapo.senate.gov/contact; https://www.cantwell.senate.gov/public/index.cfm/email-maria; https://www.murray.senate.gov/write-to-patty/,Russ Fulcher (R); Michael Baumgartner (R),202-225-6611; 202-225-2006,https://fulcher.house.gov; https://baumgartner.house.gov
840,"Salt Lake City, UT",NV; UT,Catherine Cortez Masto (D); Jacky Rosen (D); Mike Lee (R); John R. Curtis (R),202-224-3542; 202-224-6244; 202-224-5444; 202-224-5251,https://www.cortezmasto.senate.gov/contact; https://www.rosen.senate.gov/contact_jacky; https://www.lee.senate.gov/public/index.cfm/contact; https://www.curtis.senate.gov,Mark E. Amodei (R); Blake D. Moore (R); Celeste Maloy (R); Mike Kennedy (R); Burgess Owens (R),202-225-6155; 202-225-0453; 202-225-9730; 202-225-7751; 202-225-3011,https://amodei.house.gov; https://blakemoore.house.gov; https://maloy.house.gov; https://mikekennedy.house.gov; https://owens.house.gov
841,"Salt Lake City (south), UT",UT,Mike Lee (R); John R. Curtis (R),202-224-5444; 202-224-5251,https://www.lee.senate.gov/public/index.cfm/contact; https://www.curtis.senate.gov,Blake D. Moore (R); Celeste Maloy (R); Mike Kennedy (R); Burgess Owens (R),202-225-0453; 202-225-9730; 202-225-7751; 202-225-3011,https://blakemoore.house.gov; https://maloy.house.gov; https://mikekennedy.house.gov; https://owens.house.gov
842,"Ogden, UT",UT,Mike Lee (R); John R. Curtis (R),202-224-5444; 202-224-5251,https://www.lee.senate.gov/public/index.cfm/contact; https://www.curtis.senate.gov,,,
843,"Ogden (north), UT",UT,Mike Lee (R); John R. Curtis (R),202-224-5444; 202-224-5251,https://www.lee.senate.gov/public/index.cfm/contact; https://www.curtis.senate.gov,Blake D. Moore (R),202-225-0453,https://blakemoore.house.gov
844,"Provo / Orem, UT",UT,Mike Lee (R); John R. Curtis (R),202-224-5444; 202-224-5251,https://www.lee.senate.gov/public/index.cfm/contact; https://www.curtis.senate.gov,Blake D. Moore (R),202-225-0453,https://blakemoore.house.gov
845,"Price / Castle Dale, UT",AZ; UT,Ruben Gallego (D); Mark Kelly (D); Mike Lee (R); John R. Curtis (R),202-224-4521; 202-224-2235; 202-224-5444; 202-224-5251,https://www.gallego.senate.gov; https://www.kelly.senate.gov/contact/contact-form/; https://www.lee.senate.gov/public/index.cfm/contact; https://www.curtis.senate.gov,Elijah Crane (R); Celeste Maloy (R); Mike Kennedy (R),202-225-3361; 202-225-9730; 202-225-7751,https://crane.house.gov; https://maloy.house.gov; https://mikekennedy.house.gov
846,"Logan, UT",UT,Mike Lee (R); John R. Curtis (R),202-224-5444; 202-224-5251,https://www.lee.senate.gov/public/index.cfm/contact; https://www.curtis.senate.gov,Celeste Maloy (R); Mike Kennedy (R); Burgess Owens (R),202-225-9730; 202-225-7751; 202-225-3011,https://maloy.house.gov; https://mikekennedy.house.gov; https://owens.house.gov
847,"Saint George, UT",UT,Mike Lee (R); John R. Curtis (R),202-224-5444; 202-224-5251,https://www.lee.senate.gov/public/index.cfm/contact; https://www.curtis.senate.gov,Celeste Maloy (R),202-225-9730,https://maloy.house.gov
850,"Phoenix, AZ",AZ,Ruben Gallego (D); Mark Kelly (D),202-224-4521; 202-224-2235,https://www.gallego.senate.gov; https://www.kelly.senate.gov/contact/contact-form/,David Schweikert (R); Yassamin Ansari (D); Greg Stanton (D); Adelita S. Grijalva (D); Abraham J. Hamadeh (R); Paul A. Gosar (R),202-225-2190; 202-225-4065; 202-225-9888; 202-225-2435; 202-225-4576; 202-225-2315,https://schweikert.house.gov; https://ansari.house.gov; https://stanton.house.gov; https://grijalva.house.gov; https://hamadeh.house.gov; https://gosar.house.gov
851,"Phoenix (east), AZ",AZ,Ruben Gallego (D); Mark Kelly (D),202-224-4521; 202-224-2235,https://www.gallego.senate.gov; https://www.kelly.senate.gov/contact/contact-form/,Elijah Crane (R); Andy Biggs (R); Juan Ciscomani (R); Adelita S. Grijalva (D); Paul A. Gosar (R),202-225-3361; 202-225-2635; 202-225-2542; 202-225-2435; 202-225-2315,https://crane.house.gov; https://biggs.house.gov; https://ciscomani.house.gov; https://grijalva.house.gov; https://gosar.house.gov
852,"Phoenix (south), AZ",AZ,Ruben Gallego (D); Mark Kelly (D),202-224-4521; 202-224-2235,https://www.gallego.senate.gov; https://www.kelly.senate.gov/contact/contact-form/,David Schweikert (R); Elijah Crane (R); Yassamin Ansari (D); Greg Stanton (D); Andy Biggs (R); Abraham J. Hamadeh (R),202-225-2190; 202-225-3361; 202-225-4065; 202-225-9888; 202-225-2635; 202-225-4576,https://schweikert.house.gov; https://crane.house.gov; https://ansari.house.gov; https://stanton.house.gov; https://biggs.house.gov; https://hamadeh.house.gov
853,"Phoenix (NE / Scottsdale), AZ",AZ,Ruben Gallego (D); Mark Kelly (D),202-224-4521; 202-224-2235,https://www.gallego.senate.gov; https://www.kelly.senate.gov/contact/contact-form/,David Schweikert (R); Elijah Crane (R); Yassamin Ansari (D); Greg Stanton (D); Adelita S. Grijalva (D); Abraham J. Hamadeh (R); Paul A. Gosar (R),202-225-2190; 202-225-3361; 202-225-4065; 202-225-9888; 202-225-2435; 202-225-4576; 202-225-2315,https://schweikert.house.gov; https://crane.house.gov; https://ansari.house.gov; https://stanton.house.gov; https://grijalva.house.gov; https://hamadeh.house.gov; https://gosar.house.gov
854,"Phoenix (north), AZ",AZ,Ruben Gallego (D); Mark Kelly (D),202-224-4521; 202-224-2235,https://www.gallego.senate.gov; https://www.kelly.senate.gov/contact/contact-form/,,,
855,"Globe / Show Low, AZ",AZ,Ruben Gallego (D); Mark Kelly (D),202-224-4521; 202-224-2235,https://www.gallego.senate.gov; https://www.kelly.senate.gov/contact/contact-form/,David Schweikert (R); Elijah Crane (R); Juan Ciscomani (R); Abraham J. Hamadeh (R),202-225-2190; 202-225-3361; 202-225-2542; 202-225-4576,https://schweikert.house.gov; https://crane.house.gov; https://ciscomani.house.gov; https://hamadeh.house.gov
856,"Tucson, AZ",AZ,Ruben Gallego (D); Mark Kelly (D),202-224-4521; 202-224-2235,https://www.gallego.senate.gov; https://www.kelly.senate.gov/contact/contact-form/,Elijah Crane (R); Juan Ciscomani (R); Adelita S. Grijalva (D),202-225-3361; 202-225-2542; 202-225-2435,https://crane.house.gov; https://ciscomani.house.gov; https://grijalva.house.gov
857,"Tucson (south), AZ",AZ,Ruben Gallego (D); Mark Kelly (D),202-224-4521; 202-224-2235,https://www.gallego.senate.gov; https://www.kelly.senate.gov/contact/contact-form/,Elijah Crane (R); Juan Ciscomani (R); Adelita S. Grijalva (D),202-225-3361; 202-225-2542; 202-225-2435,https://crane.house.gov; https://ciscomani.house.gov; https://grijalva.house.gov
859,"Prescott, AZ",AZ,Ruben Gallego (D); Mark Kelly (D),202-224-4521; 202-224-2235,https://www.gallego.senate.gov; https://www.kelly.senate.gov/contact/contact-form/,Elijah Crane (R); Juan Ciscomani (R),202-225-3361; 202-225-2542,https://crane.house.gov; https://ciscomani.house.gov
860,"Flagstaff, AZ",AZ; UT,Ruben Gallego (D); Mark Kelly (D); Mike Lee (R); John R. Curtis (R),202-224-4521; 202-224-2235; 202-224-5444; 202-224-5251,https://www.gallego.senate.gov; https://www.kelly.senate.gov/contact/contact-form/; https://www.lee.senate.gov/public/index.cfm/contact; https://www.curtis.senate.gov,Elijah Crane (R); Paul A. Gosar (R); Mike Kennedy (R),202-225-3361; 202-225-2315; 202-225-7751,https://crane.house.gov; https://gosar.house.gov; https://mikekennedy.house.gov
863,"Phoenix (west), AZ",AZ,Ruben Gallego (D); Mark Kelly (D),202-224-4521; 202-224-2235,https://www.gallego.senate.gov; https://www.kelly.senate.gov/contact/contact-form/,Elijah Crane (R),202-225-3361,https://crane.house.gov
864,"Yuma, AZ",AZ,Ruben Gallego (D); Mark Kelly (D),202-224-4521; 202-224-2235,https://www.gallego.senate.gov; https://www.kelly.senate.gov/contact/contact-form/,Elijah Crane (R); Paul A. Gosar (R),202-225-3361; 202-225-2315,https://crane.house.gov; https://gosar.house.gov
865,"Kingman / Lake Havasu City, AZ",AZ; NM; UT,Ruben Gallego (D); Mark Kelly (D); Martin Heinrich (D); Ben Ray Luján (D); Mike Lee (R); John R. Curtis (R),202-224-4521; 202-224-2235; 202-224-5521; 202-224-6621; 202-224-5444; 202-224-5251,https://www.gallego.senate.gov; https://www.kelly.senate.gov/contact/contact-form/; https://www.heinrich.senate.gov/contact; https://www.lujan.senate.gov/contact/; https://www.lee.senate.gov/public/index.cfm/contact; https://www.curtis.senate.gov,Elijah Crane (R); Teresa Leger Fernandez (D); Mike Kennedy (R),202-225-3361; 202-225-6190; 202-225-7751,https://crane.house.gov; https://fernandez.house.gov; https://mikekennedy.house.gov
870,"Albuquerque, NM",NM,Martin Heinrich (D); Ben Ray Luján (D),202-224-5521; 202-224-6621,https://www.heinrich.senate.gov/contact; https://www.lujan.senate.gov/contact/,Melanie A. Stansbury (D); Gabe Vasquez (D); Teresa Leger Fernandez (D),202-225-6316; 202-225-2365; 202-225-6190,https://stansbury.house.gov; https://vasquez.house.gov; https://fernandez.house.gov
871,"Albuquerque (north), NM",NM,Martin Heinrich (D); Ben Ray Luján (D),202-224-5521; 202-224-6621,https://www.heinrich.senate.gov/contact; https://www.lujan.senate.gov/contact/,Melanie A. Stansbury (D); Gabe Vasquez (D); Teresa Leger Fernandez (D),202-225-6316; 202-225-2365; 202-225-6190,https://stansbury.house.gov; https://vasquez.house.gov; https://fernandez.house.gov
872,"Albuquerque (south), NM",NM,Martin Heinrich (D); Ben Ray Luján (D),202-224-5521; 202-224-6621,https://www.heinrich.senate.gov/contact; https://www.lujan.senate.gov/contact/,,,
873,"Albuquerque (east), NM",AZ; NM,Ruben Gallego (D); Mark Kelly (D); Martin Heinrich (D); Ben Ray Luján (D),202-224-4521; 202-224-2235; 202-224-5521; 202-224-6621,https://www.gallego.senate.gov; https://www.kelly.senate.gov/contact/contact-form/; https://www.heinrich.senate.gov/contact; https://www.lujan.senate.gov/contact/,Elijah Crane (R); Gabe Vasquez (D); Teresa Leger Fernandez (D),202-225-3361; 202-225-2365; 202-225-6190,https://crane.house.gov; https://vasquez.house.gov; https://fernandez.house.gov
874,"Santa Fe, NM",NM,Martin Heinrich (D); Ben Ray Luján (D),202-224-5521; 202-224-6621,https://www.heinrich.senate.gov/contact; https://www.lujan.senate.gov/contact/,Teresa Leger Fernandez (D),202-225-6190,https://fernandez.house.gov
875,"Albuquerque (NE), NM",NM,Martin Heinrich (D); Ben Ray Luján (D),202-224-5521; 202-224-6621,https://www.heinrich.senate.gov/contact; https://www.lujan.senate.gov/contact/,Melanie A. Stansbury (D); Teresa Leger Fernandez (D),202-225-6316; 202-225-6190,https://stansbury.house.gov; https://fernandez.house.gov
877,"Albuquerque (west), NM",NM,Martin Heinrich (D); Ben Ray Luján (D),202-224-5521; 202-224-6621,https://www.heinrich.senate.gov/contact; https://www.lujan.senate.gov/contact/,Melanie A. Stansbury (D); Teresa Leger Fernandez (D),202-225-6316; 202-225-6190,https://stansbury.house.gov; https://fernandez.house.gov
878,"Socorro, NM",NM,Martin Heinrich (D); Ben Ray Luján (D),202-224-5521; 202-224-6621,https://www.heinrich.senate.gov/contact; https://www.lujan.senate.gov/contact/,Gabe Vasquez (D),202-225-2365,https://vasquez.house.gov
879,"Las Cruces, NM",NM,Martin Heinrich (D); Ben Ray Luján (D),202-224-5521; 202-224-6621,https://www.heinrich.senate.gov/contact; https://www.lujan.senate.gov/contact/,Gabe Vasquez (D),202-225-2365,https://vasquez.house.gov
880,"Las Cruces (east), NM",NM,Martin Heinrich (D); Ben Ray Luján (D),202-224-5521; 202-224-6621,https://www.heinrich.senate.gov/contact; https://www.lujan.senate.gov/contact/,Gabe Vasquez (D),202-225-2365,https://vasquez.house.gov
881,"Roswell, NM",NM,Martin Heinrich (D); Ben Ray Luján (D),202-224-5521; 202-224-6621,https://www.heinrich.senate.gov/contact; https://www.lujan.senate.gov/contact/,Melanie A. Stansbury (D); Gabe Vasquez (D); Teresa Leger Fernandez (D),202-225-6316; 202-225-2365; 202-225-6190,https://stansbury.house.gov; https://vasquez.house.gov; https://fernandez.house.gov
882,"Artesia / Carlsbad, NM",NM,Martin Heinrich (D); Ben Ray Luján (D),202-224-5521; 202-224-6621,https://www.heinrich.senate.gov/contact; https://www.lujan.senate.gov/contact/,Melanie A. Stansbury (D); Gabe Vasquez (D); Teresa Leger Fernandez (D),202-225-6316; 202-225-2365; 202-225-6190,https://stansbury.house.gov; https://vasquez.house.gov; https://fernandez.house.gov
883,"Lordsburg / Deming, NM",NM,Martin Heinrich (D); Ben Ray Luján (D),202-224-5521; 202-224-6621,https://www.heinrich.senate.gov/contact; https://www.lujan.senate.gov/contact/,Melanie A. Stansbury (D); Gabe Vasquez (D); Teresa Leger Fernandez (D),202-225-6316; 202-225-2365; 202-225-6190,https://stansbury.house.gov; https://vasquez.house.gov; https://fernandez.house.gov
884,"Gallup, NM",NM; TX,Martin Heinrich (D); Ben Ray Luján (D); John Cornyn (R); Ted Cruz (R),202-224-5521; 202-224-6621; 202-224-2934; 202-224-5922,https://www.heinrich.senate.gov/contact; https://www.lujan.senate.gov/contact/; https://www.cornyn.senate.gov/contact; https://www.cruz.senate.gov/?p=form&id=16,Melanie A. Stansbury (D); Teresa Leger Fernandez (D); Ronny Jackson (R),202-225-6316; 202-225-6190; 202-225-3706,https://stansbury.house.gov; https://fernandez.house.gov; https://jackson.house.gov
885,"El Paso (east), TX",TX,John Cornyn (R); Ted Cruz (R),202-224-2934; 202-224-5922,https://www.cornyn.senate.gov/contact; https://www.cruz.senate.gov/?p=form&id=16,,,
889,"Las Vegas, NV",NV,Catherine Cortez Masto (D); Jacky Rosen (D),202-224-3542; 202-224-6244,https://www.cortezmasto.senate.gov/contact; https://www.rosen.senate.gov/contact_jacky,,,
890,"Las Vegas (south), NV",CA; NV,Adam B. Schiff (D); Alex Padilla (D); Catherine Cortez Masto (D); Jacky Rosen (D),202-224-3841; 202-224-3553; 202-224-3542; 202-224-6244,https://www.schiff.senate.gov; https://www.padilla.senate.gov/contact/; https://www.cortezmasto.senate.gov/contact; https://www.rosen.senate.gov/contact_jacky,Jay Obernolte (R); Raul Ruiz (D); Kevin Kiley (I); Dina Titus (D); Mark E. Amodei (R); Susie Lee (D); Steven Horsford (D),202-225-5861; 202-225-5330; 202-225-2523; 202-225-5965; 202-225-6155; 202-225-3252; 202-225-9894,https://obernolte.house.gov; https://ruiz.house.gov; https://kiley.house.gov; https://titus.house.gov; https://amodei.house.gov; https://susielee.house.gov; https://horsford.house.gov
891,"Las Vegas (north), NV",NV,Catherine Cortez Masto (D); Jacky Rosen (D),202-224-3542; 202-224-6244,https://www.cortezmasto.senate.gov/contact; https://www.rosen.senate.gov/contact_jacky,Dina Titus (D); Susie Lee (D); Steven Horsford (D),202-225-5965; 202-225-3252; 202-225-9894,https://titus.house.gov; https://susielee.house.gov; https://horsford.house.gov
893,"Reno, NV",NV,Catherine Cortez Masto (D); Jacky Rosen (D),202-224-3542; 202-224-6244,https://www.cortezmasto.senate.gov/contact; https://www.rosen.senate.gov/contact_jacky,Mark E. Amodei (R); Steven Horsford (D),202-225-6155; 202-225-9894,https://amodei.house.gov; https://horsford.house.gov
894,"Reno (north), NV",CA; NV,Adam B. Schiff (D); Alex Padilla (D); Catherine Cortez Masto (D); Jacky Rosen (D),202-224-3841; 202-224-3553; 202-224-3542; 202-224-6244,https://www.schiff.senate.gov; https://www.padilla.senate.gov/contact/; https://www.cortezmasto.senate.gov/contact; https://www.rosen.senate.gov/contact_jacky,Kevin Kiley (I); Mark E. Amodei (R); Steven Horsford (D),202-225-2523; 202-225-6155; 202-225-9894,https://kiley.house.gov; https://amodei.house.gov; https://horsford.house.gov
895,"Reno (south), NV",NV,Catherine Cortez Masto (D); Jacky Rosen (D),202-224-3542; 202-224-6244,https://www.cortezmasto.senate.gov/contact; https://www.rosen.senate.gov/contact_jacky,Mark E. Amodei (R),202-225-6155,https://amodei.house.gov
897,"Carson City, NV",NV,Catherine Cortez Masto (D); Jacky Rosen (D),202-224-3542; 202-224-6244,https://www.cortezmasto.senate.gov/contact; https://www.rosen.senate.gov/contact_jacky,Mark E. Amodei (R),202-225-6155,https://amodei.house.gov
898,"Elko, NV",ID; NV,James E. Risch (R); Mike Crapo (R); Catherine Cortez Masto (D); Jacky Rosen (D),202-224-2752; 202-224-6142; 202-224-3542; 202-224-6244,https://www.risch.senate.gov/public/index.cfm?p=Email; https://www.crapo.senate.gov/contact; https://www.cortezmasto.senate.gov/contact; https://www.rosen.senate.gov/contact_jacky,Russ Fulcher (R); Mark E. Amodei (R),202-225-6611; 202-225-6155,https://fulcher.house.gov; https://amodei.house.gov
900,"Los Angeles, CA",CA,Adam B. Schiff (D); Alex Padilla (D),202-224-3841; 202-224-3553,https://www.schiff.senate.gov; https://www.padilla.senate.gov/contact/,Judy Chu (D); Laura Friedman (D); Brad Sherman (D); Jimmy Gomez (D); Ted Lieu (D); Sydney Kamlager-Dove (D); Linda T. Sánchez (D); Robert Garcia (D); Maxine Waters (D); Nanette Diaz Barragán (D),202-225-5464; 202-225-4176; 202-225-5911; 202-225-6235; 202-225-3976; 202-225-7084; 202-225-6676; 202-225-7924; 202-225-2201; 202-225-8220,https://chu.house.gov; https://friedman.house.gov; https://sherman.house.gov; https://gomez.house.gov; https://lieu.house.gov; https://kamlager-dove.house.gov; https://lindasanchez.house.gov; https://robertgarcia.house.gov; https://waters.house.gov; https://barragan.house.gov
901,"Los Angeles (south), CA",CA,Adam B. Schiff (D); Alex Padilla (D),202-224-3841; 202-224-3553,https://www.schiff.senate.gov; https://www.padilla.senate.gov/contact/,,,
902,"Inglewood / Hawthorne, CA",CA,Adam B. Schiff (D); Alex Padilla (D),202-224-3841; 202-224-3553,https://www.schiff.senate.gov; https://www.padilla.senate.gov/contact/,Julia Brownley (D); Laura Friedman (D); Brad Sherman (D); Ted Lieu (D); Sydney Kamlager-Dove (D); Linda T. Sánchez (D); Robert Garcia (D); Maxine Waters (D); Nanette Diaz Barragán (D),202-225-5811; 202-225-4176; 202-225-5911; 202-225-3976; 202-225-7084; 202-225-6676; 202-225-7924; 202-225-2201; 202-225-8220,https://juliabrownley.house.gov; https://friedman.house.gov; https://sherman.house.gov; https://lieu.house.gov; https://kamlager-dove.house.gov; https://lindasanchez.house.gov; https://robertgarcia.house.gov; https://waters.house.gov; https://barragan.house.gov
903,"Long Beach, CA",CA,Adam B. Schiff (D); Alex Padilla (D),202-224-3841; 202-224-3553,https://www.schiff.senate.gov; https://www.padilla.senate.gov/contact/,Ted Lieu (D); Sydney Kamlager-Dove (D); Maxine Waters (D),202-225-3976; 202-225-7084; 202-225-2201,https://lieu.house.gov; https://kamlager-dove.house.gov; https://waters.house.gov
904,"Santa Monica, CA",CA,Adam B. Schiff (D); Alex Padilla (D),202-224-3841; 202-224-3553,https://www.schiff.senate.gov; https://www.padilla.senate.gov/contact/,Brad Sherman (D); Ted Lieu (D),202-225-5911; 202-225-3976,https://sherman.house.gov; https://lieu.house.gov
905,"Torrance / Palos Verdes, CA",CA,Adam B. Schiff (D); Alex Padilla (D),202-224-3841; 202-224-3553,https://www.schiff.senate.gov; https://www.padilla.senate.gov/contact/,Ted Lieu (D); Maxine Waters (D); Nanette Diaz Barragán (D),202-225-3976; 202-225-2201; 202-225-8220,https://lieu.house.gov; https://waters.house.gov; https://barragan.house.gov
906,"Compton / Watts, CA",CA,Adam B. Schiff (D); Alex Padilla (D),202-224-3841; 202-224-3553,https://www.schiff.senate.gov; https://www.padilla.senate.gov/contact/,"Judy Chu (D); Gilbert Ray Cisneros, Jr. (D); Jimmy Gomez (D); Linda T. Sánchez (D); Robert Garcia (D); Derek Tran (D); J. Luis Correa (D); Dave Min (D)",202-225-5464; 202-225-5256; 202-225-6235; 202-225-6676; 202-225-7924; 202-225-2415; 202-225-2965; 202-225-5611,https://chu.house.gov; https://cisneros.house.gov; https://gomez.house.gov; https://lindasanchez.house.gov; https://robertgarcia.house.gov; https://tran.house.gov; https://correa.house.gov; https://min.house.gov
907,"El Monte / Covina, CA",CA,Adam B. Schiff (D); Alex Padilla (D),202-224-3841; 202-224-3553,https://www.schiff.senate.gov; https://www.padilla.senate.gov/contact/,Ted Lieu (D); Linda T. Sánchez (D); Robert Garcia (D); Maxine Waters (D); Nanette Diaz Barragán (D); Derek Tran (D); J. Luis Correa (D); Dave Min (D),202-225-3976; 202-225-6676; 202-225-7924; 202-225-2201; 202-225-8220; 202-225-2415; 202-225-2965; 202-225-5611,https://lieu.house.gov; https://lindasanchez.house.gov; https://robertgarcia.house.gov; https://waters.house.gov; https://barragan.house.gov; https://tran.house.gov; https://correa.house.gov; https://min.house.gov
908,"Long Beach (east), CA",CA,Adam B. Schiff (D); Alex Padilla (D),202-224-3841; 202-224-3553,https://www.schiff.senate.gov; https://www.padilla.senate.gov/contact/,Robert Garcia (D); Maxine Waters (D); Nanette Diaz Barragán (D); Derek Tran (D),202-225-7924; 202-225-2201; 202-225-8220; 202-225-2415,https://robertgarcia.house.gov; https://waters.house.gov; https://barragan.house.gov; https://tran.house.gov
910,"Pasadena, CA",CA,Adam B. Schiff (D); Alex Padilla (D),202-224-3841; 202-224-3553,https://www.schiff.senate.gov; https://www.padilla.senate.gov/contact/,"George Whitesides (D); Judy Chu (D); Luz M. Rivas (D); Laura Friedman (D); Gilbert Ray Cisneros, Jr. (D); Jimmy Gomez (D)",202-225-1956; 202-225-5464; 202-225-6131; 202-225-4176; 202-225-5256; 202-225-6235,https://whitesides.house.gov; https://chu.house.gov; https://rivas.house.gov; https://friedman.house.gov; https://cisneros.house.gov; https://gomez.house.gov
911,"Pasadena (east), CA",CA,Adam B. Schiff (D); Alex Padilla (D),202-224-3841; 202-224-3553,https://www.schiff.senate.gov; https://www.padilla.senate.gov/contact/,"George Whitesides (D); Judy Chu (D); Luz M. Rivas (D); Laura Friedman (D); Gilbert Ray Cisneros, Jr. (D); Jimmy Gomez (D)",202-225-1956; 202-225-5464; 202-225-6131; 202-225-4176; 202-225-5256; 202-225-6235,https://whitesides.house.gov; https://chu.house.gov; https://rivas.house.gov; https://friedman.house.gov; https://cisneros.house.gov; https://gomez.house.gov
912,"Glendale, CA",CA,Adam B. Schiff (D); Alex Padilla (D),202-224-3841; 202-224-3553,https://www.schiff.senate.gov; https://www.padilla.senate.gov/contact/,Judy Chu (D); Laura Friedman (D); Jimmy Gomez (D),202-225-5464; 202-225-4176; 202-225-6235,https://chu.house.gov; https://friedman.house.gov; https://gomez.house.gov
913,"Burbank, CA",CA,Adam B. Schiff (D); Alex Padilla (D),202-224-3841; 202-224-3553,https://www.schiff.senate.gov; https://www.padilla.senate.gov/contact/,"Julia Brownley (D); George Whitesides (D); Judy Chu (D); Luz M. Rivas (D); Laura Friedman (D); Gilbert Ray Cisneros, Jr. (D); Brad Sherman (D)",202-225-5811; 202-225-1956; 202-225-5464; 202-225-6131; 202-225-4176; 202-225-5256; 202-225-5911,https://juliabrownley.house.gov; https://whitesides.house.gov; https://chu.house.gov; https://rivas.house.gov; https://friedman.house.gov; https://cisneros.house.gov; https://sherman.house.gov
914,"Van Nuys / San Fernando Valley, CA",CA,Adam B. Schiff (D); Alex Padilla (D),202-224-3841; 202-224-3553,https://www.schiff.senate.gov; https://www.padilla.senate.gov/contact/,Luz M. Rivas (D); Brad Sherman (D),202-225-6131; 202-225-5911,https://rivas.house.gov; https://sherman.house.gov
915,"Van Nuys (east), CA",CA,Adam B. Schiff (D); Alex Padilla (D),202-224-3841; 202-224-3553,https://www.schiff.senate.gov; https://www.padilla.senate.gov/contact/,Luz M. Rivas (D); Laura Friedman (D),202-225-6131; 202-225-4176,https://rivas.house.gov; https://friedman.house.gov
916,"North Hollywood, CA",CA,Adam B. Schiff (D); Alex Padilla (D),202-224-3841; 202-224-3553,https://www.schiff.senate.gov; https://www.padilla.senate.gov/contact/,Luz M. Rivas (D); Laura Friedman (D); Brad Sherman (D),202-225-6131; 202-225-4176; 202-225-5911,https://rivas.house.gov; https://friedman.house.gov; https://sherman.house.gov
917,"San Gabriel Valley, CA",CA,Adam B. Schiff (D); Alex Padilla (D),202-224-3841; 202-224-3553,https://www.schiff.senate.gov; https://www.padilla.senate.gov/contact/,"George Whitesides (D); Judy Chu (D); Luz M. Rivas (D); Laura Friedman (D); Gilbert Ray Cisneros, Jr. (D); Pete Aguilar (D); Jimmy Gomez (D); Norma J. Torres (D); Linda T. Sánchez (D); Mark Takano (D); Young Kim (R); Ken Calvert (R)",202-225-1956; 202-225-5464; 202-225-6131; 202-225-4176; 202-225-5256; 202-225-3201; 202-225-6235; 202-225-6161; 202-225-6676; 202-225-2305; 202-225-4111; 202-225-1986,https://whitesides.house.gov; https://chu.house.gov; https://rivas.house.gov; https://friedman.house.gov; https://cisneros.house.gov; https://aguilar.house.gov; https://gomez.house.gov; https://torres.house.gov; https://lindasanchez.house.gov; https://takano.house.gov; https://youngkim.house.gov; https://calvert.house.gov
918,"San Bernardino area, CA",CA,Adam B. Schiff (D); Alex Padilla (D),202-224-3841; 202-224-3553,https://www.schiff.senate.gov; https://www.padilla.senate.gov/contact/,Judy Chu (D),202-225-5464,https://chu.house.gov
919,"San Diego, CA",CA,Adam B. Schiff (D); Alex Padilla (D),202-224-3841; 202-224-3553,https://www.schiff.senate.gov; https://www.padilla.senate.gov/contact/,Darrell Issa (R); Scott H. Peters (D); Sara Jacobs (D); Juan Vargas (D),202-225-5672; 202-225-0508; 202-225-2040; 202-225-8045,https://issa.house.gov; https://scottpeters.house.gov; https://sarajacobs.house.gov; https://vargas.house.gov
920,"San Diego (north), CA",CA,Adam B. Schiff (D); Alex Padilla (D),202-224-3841; 202-224-3553,https://www.schiff.senate.gov; https://www.padilla.senate.gov/contact/,Raul Ruiz (D); Darrell Issa (R); Mike Levin (D); Scott H. Peters (D); Sara Jacobs (D); Juan Vargas (D),202-225-5330; 202-225-5672; 202-225-3906; 202-225-0508; 202-225-2040; 202-225-8045,https://ruiz.house.gov; https://issa.house.gov; https://levin.house.gov; https://scottpeters.house.gov; https://sarajacobs.house.gov; https://vargas.house.gov
921,"San Diego (south), CA",CA,Adam B. Schiff (D); Alex Padilla (D),202-224-3841; 202-224-3553,https://www.schiff.senate.gov; https://www.padilla.senate.gov/contact/,Darrell Issa (R); Mike Levin (D); Scott H. Peters (D); Sara Jacobs (D); Juan Vargas (D),202-225-5672; 202-225-3906; 202-225-0508; 202-225-2040; 202-225-8045,https://issa.house.gov; https://levin.house.gov; https://scottpeters.house.gov; https://sarajacobs.house.gov; https://vargas.house.gov
922,"San Bernardino, CA",CA,Adam B. Schiff (D); Alex Padilla (D),202-224-3841; 202-224-3553,https://www.schiff.senate.gov; https://www.padilla.senate.gov/contact/,Jay Obernolte (R); Raul Ruiz (D); Mark Takano (D); Ken Calvert (R); Darrell Issa (R),202-225-5861; 202-225-5330; 202-225-2305; 202-225-1986; 202-225-5672,https://obernolte.house.gov; https://ruiz.house.gov; https://takano.house.gov; https://calvert.house.gov; https://issa.house.gov
923,"San Bernardino (east), CA",CA,Adam B. Schiff (D); Alex Padilla (D),202-224-3841; 202-224-3553,https://www.schiff.senate.gov; https://www.padilla.senate.gov/contact/,"Jay Obernolte (R); Raul Ruiz (D); George Whitesides (D); Judy Chu (D); Luz M. Rivas (D); Kevin Kiley (I); Laura Friedman (D); Gilbert Ray Cisneros, Jr. (D); Pete Aguilar (D); Norma J. Torres (D); Mark Takano (D); Ken Calvert (R)",202-225-5861; 202-225-5330; 202-225-1956; 202-225-5464; 202-225-6131; 202-225-2523; 202-225-4176; 202-225-5256; 202-225-3201; 202-225-6161; 202-225-2305; 202-225-1986,https://obernolte.house.gov; https://ruiz.house.gov; https://whitesides.house.gov; https://chu.house.gov; https://rivas.house.gov; https://kiley.house.gov; https://friedman.house.gov; https://cisneros.house.gov; https://aguilar.house.gov; https://torres.house.gov; https://takano.house.gov; https://calvert.house.gov
924,"Palm Springs / Riverside, CA",CA,Adam B. Schiff (D); Alex Padilla (D),202-224-3841; 202-224-3553,https://www.schiff.senate.gov; https://www.padilla.senate.gov/contact/,Jay Obernolte (R); Judy Chu (D); Pete Aguilar (D),202-225-5861; 202-225-5464; 202-225-3201,https://obernolte.house.gov; https://chu.house.gov; https://aguilar.house.gov
925,"Riverside, CA",CA,Adam B. Schiff (D); Alex Padilla (D),202-224-3841; 202-224-3553,https://www.schiff.senate.gov; https://www.padilla.senate.gov/contact/,Raul Ruiz (D); Pete Aguilar (D); Norma J. Torres (D); Mark Takano (D); Young Kim (R); Ken Calvert (R); Darrell Issa (R); Mike Levin (D),202-225-5330; 202-225-3201; 202-225-6161; 202-225-2305; 202-225-4111; 202-225-1986; 202-225-5672; 202-225-3906,https://ruiz.house.gov; https://aguilar.house.gov; https://torres.house.gov; https://takano.house.gov; https://youngkim.house.gov; https://calvert.house.gov; https://issa.house.gov; https://levin.house.gov
926,"Santa Ana / Anaheim, CA",CA,Adam B. Schiff (D); Alex Padilla (D),202-224-3841; 202-224-3553,https://www.schiff.senate.gov; https://www.padilla.senate.gov/contact/,Young Kim (R); Derek Tran (D); J. Luis Correa (D); Dave Min (D); Mike Levin (D),202-225-4111; 202-225-2415; 202-225-2965; 202-225-5611; 202-225-3906,https://youngkim.house.gov; https://tran.house.gov; https://correa.house.gov; https://min.house.gov; https://levin.house.gov
927,"Santa Ana (south), CA",CA,Adam B. Schiff (D); Alex Padilla (D),202-224-3841; 202-224-3553,https://www.schiff.senate.gov; https://www.padilla.senate.gov/contact/,Young Kim (R); Derek Tran (D); J. Luis Correa (D); Dave Min (D),202-225-4111; 202-225-2415; 202-225-2965; 202-225-5611,https://youngkim.house.gov; https://tran.house.gov; https://correa.house.gov; https://min.house.gov
928,"Orange County (south), CA",CA,Adam B. Schiff (D); Alex Padilla (D),202-224-3841; 202-224-3553,https://www.schiff.senate.gov; https://www.padilla.senate.gov/contact/,Norma J. Torres (D); Linda T. Sánchez (D); Mark Takano (D); Young Kim (R); Ken Calvert (R); Derek Tran (D); J. Luis Correa (D),202-225-6161; 202-225-6676; 202-225-2305; 202-225-4111; 202-225-1986; 202-225-2415; 202-225-2965,https://torres.house.gov; https://lindasanchez.house.gov; https://takano.house.gov; https://youngkim.house.gov; https://calvert.house.gov; https://tran.house.gov; https://correa.house.gov
930,"Oxnard / Ventura, CA",CA,Adam B. Schiff (D); Alex Padilla (D),202-224-3841; 202-224-3553,https://www.schiff.senate.gov; https://www.padilla.senate.gov/contact/,Salud O. Carbajal (D); Julia Brownley (D); Brad Sherman (D),202-225-3601; 202-225-5811; 202-225-5911,https://carbajal.house.gov; https://juliabrownley.house.gov; https://sherman.house.gov
931,"Santa Barbara, CA",CA,Adam B. Schiff (D); Alex Padilla (D),202-224-3841; 202-224-3553,https://www.schiff.senate.gov; https://www.padilla.senate.gov/contact/,Salud O. Carbajal (D),202-225-3601,https://carbajal.house.gov
932,"Bakersfield, CA",CA,Adam B. Schiff (D); Alex Padilla (D),202-224-3841; 202-224-3553,https://www.schiff.senate.gov; https://www.padilla.senate.gov/contact/,Adam Gray (D); Zoe Lofgren (D); Jimmy Panetta (D); Vince Fong (R); Jim Costa (D); David G. Valadao (R); Jay Obernolte (R); Salud O. Carbajal (D); Julia Brownley (D); George Whitesides (D),202-225-1947; 202-225-3072; 202-225-2861; 202-225-2915; 202-225-3341; 202-225-4695; 202-225-5861; 202-225-3601; 202-225-5811; 202-225-1956,https://gray.house.gov; https://lofgren.house.gov; https://panetta.house.gov; https://fong.house.gov; https://costa.house.gov; https://valadao.house.gov; https://obernolte.house.gov; https://carbajal.house.gov; https://juliabrownley.house.gov; https://whitesides.house.gov
933,"Bakersfield (south), CA",CA,Adam B. Schiff (D); Alex Padilla (D),202-224-3841; 202-224-3553,https://www.schiff.senate.gov; https://www.padilla.senate.gov/contact/,Vince Fong (R); David G. Valadao (R),202-225-2915; 202-225-4695,https://fong.house.gov; https://valadao.house.gov
934,"Fresno, CA",CA,Adam B. Schiff (D); Alex Padilla (D),202-224-3841; 202-224-3553,https://www.schiff.senate.gov; https://www.padilla.senate.gov/contact/,Zoe Lofgren (D); Jimmy Panetta (D); David G. Valadao (R); Salud O. Carbajal (D),202-225-3072; 202-225-2861; 202-225-4695; 202-225-3601,https://lofgren.house.gov; https://panetta.house.gov; https://valadao.house.gov; https://carbajal.house.gov
935,"Fresno (south), CA",CA,Adam B. Schiff (D); Alex Padilla (D),202-224-3841; 202-224-3553,https://www.schiff.senate.gov; https://www.padilla.senate.gov/contact/,"Vince Fong (R); David G. Valadao (R); Jay Obernolte (R); George Whitesides (D); Judy Chu (D); Luz M. Rivas (D); Kevin Kiley (I); Laura Friedman (D); Gilbert Ray Cisneros, Jr. (D)",202-225-2915; 202-225-4695; 202-225-5861; 202-225-1956; 202-225-5464; 202-225-6131; 202-225-2523; 202-225-4176; 202-225-5256,https://fong.house.gov; https://valadao.house.gov; https://obernolte.house.gov; https://whitesides.house.gov; https://chu.house.gov; https://rivas.house.gov; https://kiley.house.gov; https://friedman.house.gov; https://cisneros.house.gov
936,"Fresno (north), CA",CA,Adam B. Schiff (D); Alex Padilla (D),202-224-3841; 202-224-3553,https://www.schiff.senate.gov; https://www.padilla.senate.gov/contact/,Adam Gray (D); Vince Fong (R); Jim Costa (D); Tom McClintock (R),202-225-1947; 202-225-2915; 202-225-3341; 202-225-2511,https://gray.house.gov; https://fong.house.gov; https://costa.house.gov; https://mcclintock.house.gov
937,"Fresno (east), CA",CA,Adam B. Schiff (D); Alex Padilla (D),202-224-3841; 202-224-3553,https://www.schiff.senate.gov; https://www.padilla.senate.gov/contact/,Adam Gray (D); Vince Fong (R); Jim Costa (D); Tom McClintock (R),202-225-1947; 202-225-2915; 202-225-3341; 202-225-2511,https://gray.house.gov; https://fong.house.gov; https://costa.house.gov; https://mcclintock.house.gov
938,"Fresno (west), CA",CA,Adam B. Schiff (D); Alex Padilla (D),202-224-3841; 202-224-3553,https://www.schiff.senate.gov; https://www.padilla.senate.gov/contact/,,,
939,"Salinas / Monterey, CA",CA,Adam B. Schiff (D); Alex Padilla (D),202-224-3841; 202-224-3553,https://www.schiff.senate.gov; https://www.padilla.senate.gov/contact/,Zoe Lofgren (D); Jimmy Panetta (D),202-225-3072; 202-225-2861,https://lofgren.house.gov; https://panetta.house.gov
940,"San Francisco, CA",CA,Adam B. Schiff (D); Alex Padilla (D),202-224-3841; 202-224-3553,https://www.schiff.senate.gov; https://www.padilla.senate.gov/contact/,Kevin Mullin (D); Sam T. Liccardo (D); Ro Khanna (D),202-225-3531; 202-225-8104; 202-225-2631,https://kevinmullin.house.gov; https://liccardo.house.gov; https://khanna.house.gov
941,"San Francisco (south), CA",CA,Adam B. Schiff (D); Alex Padilla (D),202-224-3841; 202-224-3553,https://www.schiff.senate.gov; https://www.padilla.senate.gov/contact/,Nancy Pelosi (D); Lateefah Simon (D); Kevin Mullin (D); Jared Huffman (D),202-225-4965; 202-225-2661; 202-225-3531; 202-225-5161,https://pelosi.house.gov; https://simon.house.gov; https://kevinmullin.house.gov; https://huffman.house.gov
942,"Sacramento, CA",CA,Adam B. Schiff (D); Alex Padilla (D),202-224-3841; 202-224-3553,https://www.schiff.senate.gov; https://www.padilla.senate.gov/contact/,,,
943,"Palo Alto / San Mateo, CA",CA,Adam B. Schiff (D); Alex Padilla (D),202-224-3841; 202-224-3553,https://www.schiff.senate.gov; https://www.padilla.senate.gov/contact/,Kevin Mullin (D); Sam T. Liccardo (D); Ro Khanna (D),202-225-3531; 202-225-8104; 202-225-2631,https://kevinmullin.house.gov; https://liccardo.house.gov; https://khanna.house.gov
944,"San Mateo / Redwood City, CA",CA,Adam B. Schiff (D); Alex Padilla (D),202-224-3841; 202-224-3553,https://www.schiff.senate.gov; https://www.padilla.senate.gov/contact/,Kevin Mullin (D); Sam T. Liccardo (D),202-225-3531; 202-225-8104,https://kevinmullin.house.gov; https://liccardo.house.gov
945,"Oakland, CA",CA,Adam B. Schiff (D); Alex Padilla (D),202-224-3841; 202-224-3553,https://www.schiff.senate.gov; https://www.padilla.senate.gov/contact/,Mark DeSaulnier (D); Nancy Pelosi (D); Lateefah Simon (D); Ro Khanna (D); Zoe Lofgren (D); Jimmy Panetta (D); Jared Huffman (D); Mike Thompson (D); Doris O. Matsui (D); John Garamendi (D); Josh Harder (D),202-225-2095; 202-225-4965; 202-225-2661; 202-225-2631; 202-225-3072; 202-225-2861; 202-225-5161; 202-225-3311; 202-225-7163; 202-225-1880; 202-225-4540,https://desaulnier.house.gov; https://pelosi.house.gov; https://simon.house.gov; https://khanna.house.gov; https://lofgren.house.gov; https://panetta.house.gov; https://huffman.house.gov; https://mikethompson.house.gov; https://matsui.house.gov; https://garamendi.house.gov; https://harder.house.gov
946,"Oakland (north), CA",CA,Adam B. Schiff (D); Alex Padilla (D),202-224-3841; 202-224-3553,https://www.schiff.senate.gov; https://www.padilla.senate.gov/contact/,Mark DeSaulnier (D); Lateefah Simon (D),202-225-2095; 202-225-2661,https://desaulnier.house.gov; https://simon.house.gov
947,"Berkeley / Richmond, CA",CA,Adam B. Schiff (D); Alex Padilla (D),202-224-3841; 202-224-3553,https://www.schiff.senate.gov; https://www.padilla.senate.gov/contact/,Mark DeSaulnier (D); Lateefah Simon (D); John Garamendi (D),202-225-2095; 202-225-2661; 202-225-1880,https://desaulnier.house.gov; https://simon.house.gov; https://garamendi.house.gov
948,"San Rafael / Marin County, CA",CA,Adam B. Schiff (D); Alex Padilla (D),202-224-3841; 202-224-3553,https://www.schiff.senate.gov; https://www.padilla.senate.gov/contact/,Mark DeSaulnier (D); John Garamendi (D),202-225-2095; 202-225-1880,https://desaulnier.house.gov; https://garamendi.house.gov
949,"Santa Rosa, CA",CA,Adam B. Schiff (D); Alex Padilla (D),202-224-3841; 202-224-3553,https://www.schiff.senate.gov; https://www.padilla.senate.gov/contact/,Nancy Pelosi (D); Lateefah Simon (D); Jared Huffman (D); Mike Thompson (D),202-225-4965; 202-225-2661; 202-225-5161; 202-225-3311,https://pelosi.house.gov; https://simon.house.gov; https://huffman.house.gov; https://mikethompson.house.gov
950,"San Jose, CA",CA,Adam B. Schiff (D); Alex Padilla (D),202-224-3841; 202-224-3553,https://www.schiff.senate.gov; https://www.padilla.senate.gov/contact/,Sam T. Liccardo (D); Ro Khanna (D); Zoe Lofgren (D); Jimmy Panetta (D),202-225-8104; 202-225-2631; 202-225-3072; 202-225-2861,https://liccardo.house.gov; https://khanna.house.gov; https://lofgren.house.gov; https://panetta.house.gov
951,"San Jose (south), CA",CA,Adam B. Schiff (D); Alex Padilla (D),202-224-3841; 202-224-3553,https://www.schiff.senate.gov; https://www.padilla.senate.gov/contact/,Sam T. Liccardo (D); Ro Khanna (D); Zoe Lofgren (D); Jimmy Panetta (D),202-225-8104; 202-225-2631; 202-225-3072; 202-225-2861,https://liccardo.house.gov; https://khanna.house.gov; https://lofgren.house.gov; https://panetta.house.gov
952,"Stockton, CA",CA,Adam B. Schiff (D); Alex Padilla (D),202-224-3841; 202-224-3553,https://www.schiff.senate.gov; https://www.padilla.senate.gov/contact/,Mark DeSaulnier (D); Adam Gray (D); Kevin Kiley (I); Tom McClintock (R); Josh Harder (D),202-225-2095; 202-225-1947; 202-225-2523; 202-225-2511; 202-225-4540,https://desaulnier.house.gov; https://gray.house.gov; https://kiley.house.gov; https://mcclintock.house.gov; https://harder.house.gov
953,"Stockton (south), CA",CA,Adam B. Schiff (D); Alex Padilla (D),202-224-3841; 202-224-3553,https://www.schiff.senate.gov; https://www.padilla.senate.gov/contact/,Adam Gray (D); Tom McClintock (R); Josh Harder (D),202-225-1947; 202-225-2511; 202-225-4540,https://gray.house.gov; https://mcclintock.house.gov; https://harder.house.gov
954,"Santa Rosa (north) / Petaluma, CA",CA,Adam B. Schiff (D); Alex Padilla (D),202-224-3841; 202-224-3553,https://www.schiff.senate.gov; https://www.padilla.senate.gov/contact/,Jared Huffman (D); Mike Thompson (D),202-225-5161; 202-225-3311,https://huffman.house.gov; https://mikethompson.house.gov
955,"Eureka / Redding area, CA",CA,Adam B. Schiff (D); Alex Padilla (D),202-224-3841; 202-224-3553,https://www.schiff.senate.gov; https://www.padilla.senate.gov/contact/,James Gallagher (R); Jared Huffman (D),202-225-3076; 202-225-5161,; https://huffman.house.gov
956,"Sacramento (north), CA",CA,Adam B. Schiff (D); Alex Padilla (D),202-224-3841; 202-224-3553,https://www.schiff.senate.gov; https://www.padilla.senate.gov/contact/,James Gallagher (R); Kevin Kiley (I); Mike Thompson (D); Tom McClintock (R); Ami Bera (D); Doris O. Matsui (D); John Garamendi (D); Josh Harder (D),202-225-3076; 202-225-2523; 202-225-3311; 202-225-2511; 202-225-5716; 202-225-7163; 202-225-1880; 202-225-4540,; https://kiley.house.gov; https://mikethompson.house.gov; https://mcclintock.house.gov; https://bera.house.gov; https://matsui.house.gov; https://garamendi.house.gov; https://harder.house.gov
957,"Sacramento (east), CA",CA,Adam B. Schiff (D); Alex Padilla (D),202-224-3841; 202-224-3553,https://www.schiff.senate.gov; https://www.padilla.senate.gov/contact/,Kevin Kiley (I); Mike Thompson (D); Tom McClintock (R); Ami Bera (D); Doris O. Matsui (D),202-225-2523; 202-225-3311; 202-225-2511; 202-225-5716; 202-225-7163,https://kiley.house.gov; https://mikethompson.house.gov; https://mcclintock.house.gov; https://bera.house.gov; https://matsui.house.gov
958,"Sacramento (NE), CA",CA,Adam B. Schiff (D); Alex Padilla (D),202-224-3841; 202-224-3553,https://www.schiff.senate.gov; https://www.padilla.senate.gov/contact/,James Gallagher (R); Kevin Kiley (I); Ami Bera (D); Doris O. Matsui (D),202-225-3076; 202-225-2523; 202-225-5716; 202-225-7163,; https://kiley.house.gov; https://bera.house.gov; https://matsui.house.gov
959,"Marysville / Yuba City, CA",CA,Adam B. Schiff (D); Alex Padilla (D),202-224-3841; 202-224-3553,https://www.schiff.senate.gov; https://www.padilla.senate.gov/contact/,James Gallagher (R); Kevin Kiley (I); Mike Thompson (D),202-225-3076; 202-225-2523; 202-225-3311,; https://kiley.house.gov; https://mikethompson.house.gov
960,"Redding, CA",CA,Adam B. Schiff (D); Alex Padilla (D),202-224-3841; 202-224-3553,https://www.schiff.senate.gov; https://www.padilla.senate.gov/contact/,James Gallagher (R); Jared Huffman (D); Kevin Kiley (I),202-225-3076; 202-225-5161; 202-225-2523,; https://huffman.house.gov; https://kiley.house.gov
961,Reno area CA / NV border (Susanville/Alturas),CA,Adam B. Schiff (D); Alex Padilla (D),202-224-3841; 202-224-3553,https://www.schiff.senate.gov; https://www.padilla.senate.gov/contact/,James Gallagher (R); Kevin Kiley (I),202-225-3076; 202-225-2523,; https://kiley.house.gov
967,"Hilo, HI",HI,Mazie K. Hirono (D); Brian Schatz (D),202-224-6361; 202-224-3934,https://www.hirono.senate.gov/contact; https://www.schatz.senate.gov/contact,Ed Case (D); Jill N. Tokuda (D),202-225-2726; 202-225-4906,https://case.house.gov; https://tokuda.house.gov
968,"Honolulu / Oahu, HI",HI,Mazie K. Hirono (D); Brian Schatz (D),202-224-6361; 202-224-3934,https://www.hirono.senate.gov/contact; https://www.schatz.senate.gov/contact,Ed Case (D); Jill N. Tokuda (D),202-225-2726; 202-225-4906,https://case.house.gov; https://tokuda.house.gov
969,"Kailua / Oahu, HI",HI,Mazie K. Hirono (D); Brian Schatz (D),202-224-6361; 202-224-3934,https://www.hirono.senate.gov/contact; https://www.schatz.senate.gov/contact,,,
970,"Portland, OR",OR,Jeff Merkley (D); Ron Wyden (D),202-224-3753; 202-224-5244,https://www.merkley.senate.gov/contact/; https://www.wyden.senate.gov/contact/,Suzanne Bonamici (D); Cliff Bentz (R); Maxine Dexter (D); Janelle S. Bynum (D); Andrea Salinas (D),202-225-0855; 202-225-6730; 202-225-4811; 202-225-5711; 202-225-5643,https://bonamici.house.gov; https://bentz.house.gov; https://dexter.house.gov; https://bynum.house.gov; https://salinas.house.gov
971,"Portland (east), OR",OR,Jeff Merkley (D); Ron Wyden (D),202-224-3753; 202-224-5244,https://www.merkley.senate.gov/contact/; https://www.wyden.senate.gov/contact/,Suzanne Bonamici (D); Andrea Salinas (D),202-225-0855; 202-225-5643,https://bonamici.house.gov; https://salinas.house.gov
972,"Portland (south), OR",OR,Jeff Merkley (D); Ron Wyden (D),202-224-3753; 202-224-5244,https://www.merkley.senate.gov/contact/; https://www.wyden.senate.gov/contact/,Suzanne Bonamici (D); Maxine Dexter (D); Janelle S. Bynum (D); Andrea Salinas (D),202-225-0855; 202-225-4811; 202-225-5711; 202-225-5643,https://bonamici.house.gov; https://dexter.house.gov; https://bynum.house.gov; https://salinas.house.gov
973,"Salem, OR",OR,Jeff Merkley (D); Ron Wyden (D),202-224-3753; 202-224-5244,https://www.merkley.senate.gov/contact/; https://www.wyden.senate.gov/contact/,Suzanne Bonamici (D); Cliff Bentz (R); Val T. Hoyle (D); Janelle S. Bynum (D); Andrea Salinas (D),202-225-0855; 202-225-6730; 202-225-6416; 202-225-5711; 202-225-5643,https://bonamici.house.gov; https://bentz.house.gov; https://hoyle.house.gov; https://bynum.house.gov; https://salinas.house.gov
974,"Salem (south), OR",OR,Jeff Merkley (D); Ron Wyden (D),202-224-3753; 202-224-5244,https://www.merkley.senate.gov/contact/; https://www.wyden.senate.gov/contact/,Cliff Bentz (R); Val T. Hoyle (D); Janelle S. Bynum (D),202-225-6730; 202-225-6416; 202-225-5711,https://bentz.house.gov; https://hoyle.house.gov; https://bynum.house.gov
975,"Medford, OR",OR,Jeff Merkley (D); Ron Wyden (D),202-224-3753; 202-224-5244,https://www.merkley.senate.gov/contact/; https://www.wyden.senate.gov/contact/,Cliff Bentz (R),202-225-6730,https://bentz.house.gov
976,"Klamath Falls, OR",CA; OR,Adam B. Schiff (D); Alex Padilla (D); Jeff Merkley (D); Ron Wyden (D),202-224-3841; 202-224-3553; 202-224-3753; 202-224-5244,https://www.schiff.senate.gov; https://www.padilla.senate.gov/contact/; https://www.merkley.senate.gov/contact/; https://www.wyden.senate.gov/contact/,James Gallagher (R); Cliff Bentz (R),202-225-3076; 202-225-6730,; https://bentz.house.gov
977,"Bend, OR",OR,Jeff Merkley (D); Ron Wyden (D),202-224-3753; 202-224-5244,https://www.merkley.senate.gov/contact/; https://www.wyden.senate.gov/contact/,Cliff Bentz (R); Val T. Hoyle (D); Janelle S. Bynum (D),202-225-6730; 202-225-6416; 202-225-5711,https://bentz.house.gov; https://hoyle.house.gov; https://bynum.house.gov
978,"Pendleton / La Grande, OR",OR,Jeff Merkley (D); Ron Wyden (D),202-224-3753; 202-224-5244,https://www.merkley.senate.gov/contact/; https://www.wyden.senate.gov/contact/,Cliff Bentz (R),202-225-6730,https://bentz.house.gov
979,"Corvallis / Eugene, OR",ID; OR,James E. Risch (R); Mike Crapo (R); Jeff Merkley (D); Ron Wyden (D),202-224-2752; 202-224-6142; 202-224-3753; 202-224-5244,https://www.risch.senate.gov/public/index.cfm?p=Email; https://www.crapo.senate.gov/contact; https://www.merkley.senate.gov/contact/; https://www.wyden.senate.gov/contact/,Russ Fulcher (R); Cliff Bentz (R),202-225-6611; 202-225-6730,https://fulcher.house.gov; https://bentz.house.gov
980,"Seattle, WA",WA,Maria Cantwell (D); Patty Murray (D),202-224-3441; 202-224-2621,https://www.cantwell.senate.gov/public/index.cfm/email-maria; https://www.murray.senate.gov/write-to-patty/,Suzan K. DelBene (D); Marilyn Strickland (D); Rick Larsen (D); Pramila Jayapal (D); Kim Schrier (D); Adam Smith (D),202-225-6311; 202-225-9740; 202-225-2605; 202-225-3106; 202-225-7761; 202-225-8901,https://delbene.house.gov; https://strickland.house.gov; https://larsen.house.gov; https://jayapal.house.gov; https://schrier.house.gov; https://adamsmith.house.gov
981,"Seattle (east), WA",WA,Maria Cantwell (D); Patty Murray (D),202-224-3441; 202-224-2621,https://www.cantwell.senate.gov/public/index.cfm/email-maria; https://www.murray.senate.gov/write-to-patty/,Suzan K. DelBene (D); Emily Randall (D); Pramila Jayapal (D); Adam Smith (D),202-225-6311; 202-225-5916; 202-225-3106; 202-225-8901,https://delbene.house.gov; https://randall.house.gov; https://jayapal.house.gov; https://adamsmith.house.gov
982,"Everett, WA",WA,Maria Cantwell (D); Patty Murray (D),202-224-3441; 202-224-2621,https://www.cantwell.senate.gov/public/index.cfm/email-maria; https://www.murray.senate.gov/write-to-patty/,Suzan K. DelBene (D); Rick Larsen (D); Kim Schrier (D),202-225-6311; 202-225-2605; 202-225-7761,https://delbene.house.gov; https://larsen.house.gov; https://schrier.house.gov
983,"Tacoma, WA",WA,Maria Cantwell (D); Patty Murray (D),202-224-3441; 202-224-2621,https://www.cantwell.senate.gov/public/index.cfm/email-maria; https://www.murray.senate.gov/write-to-patty/,Marilyn Strickland (D); Marie Gluesenkamp Perez (D); Emily Randall (D); Kim Schrier (D); Adam Smith (D),202-225-9740; 202-225-3536; 202-225-5916; 202-225-7761; 202-225-8901,https://strickland.house.gov; https://gluesenkampperez.house.gov; https://randall.house.gov; https://schrier.house.gov; https://adamsmith.house.gov
984,"Tacoma (south), WA",WA,Maria Cantwell (D); Patty Murray (D),202-224-3441; 202-224-2621,https://www.cantwell.senate.gov/public/index.cfm/email-maria; https://www.murray.senate.gov/write-to-patty/,Marilyn Strickland (D); Emily Randall (D); Kim Schrier (D); Adam Smith (D),202-225-9740; 202-225-5916; 202-225-7761; 202-225-8901,https://strickland.house.gov; https://randall.house.gov; https://schrier.house.gov; https://adamsmith.house.gov
985,"Bremerton / Olympia, WA",WA,Maria Cantwell (D); Patty Murray (D),202-224-3441; 202-224-2621,https://www.cantwell.senate.gov/public/index.cfm/email-maria; https://www.murray.senate.gov/write-to-patty/,Marilyn Strickland (D); Marie Gluesenkamp Perez (D); Emily Randall (D); Kim Schrier (D),202-225-9740; 202-225-3536; 202-225-5916; 202-225-7761,https://strickland.house.gov; https://gluesenkampperez.house.gov; https://randall.house.gov; https://schrier.house.gov
986,"Vancouver, WA",WA,Maria Cantwell (D); Patty Murray (D),202-224-3441; 202-224-2621,https://www.cantwell.senate.gov/public/index.cfm/email-maria; https://www.murray.senate.gov/write-to-patty/,Marie Gluesenkamp Perez (D); Dan Newhouse (R),202-225-3536; 202-225-5816,https://gluesenkampperez.house.gov; https://newhouse.house.gov
987,"Wenatchee, WA",WA,Maria Cantwell (D); Patty Murray (D),202-224-3441; 202-224-2621,https://www.cantwell.senate.gov/public/index.cfm/email-maria; https://www.murray.senate.gov/write-to-patty/,,,
988,"Spokane, WA",WA,Maria Cantwell (D); Patty Murray (D),202-224-3441; 202-224-2621,https://www.cantwell.senate.gov/public/index.cfm/email-maria; https://www.murray.senate.gov/write-to-patty/,Dan Newhouse (R); Michael Baumgartner (R); Kim Schrier (D),202-225-5816; 202-225-2006; 202-225-7761,https://newhouse.house.gov; https://baumgartner.house.gov; https://schrier.house.gov
989,"Spokane (east), WA",WA,Maria Cantwell (D); Patty Murray (D),202-224-3441; 202-224-2621,https://www.cantwell.senate.gov/public/index.cfm/email-maria; https://www.murray.senate.gov/write-to-patty/,Dan Newhouse (R); Kim Schrier (D),202-225-5816; 202-225-7761,https://newhouse.house.gov; https://schrier.house.gov
990,"Spokane (north), WA",ID; WA,James E. Risch (R); Mike Crapo (R); Maria Cantwell (D); Patty Murray (D),202-224-2752; 202-224-6142; 202-224-3441; 202-224-2621,https://www.risch.senate.gov/public/index.cfm?p=Email; https://www.crapo.senate.gov/contact; https://www.cantwell.senate.gov/public/index.cfm/email-maria; https://www.murray.senate.gov/write-to-patty/,Russ Fulcher (R); Michael Baumgartner (R),202-225-6611; 202-225-2006,https://fulcher.house.gov; https://baumgartner.house.gov
991,"Spokane (west), WA",ID; WA,James E. Risch (R); Mike Crapo (R); Maria Cantwell (D); Patty Murray (D),202-224-2752; 202-224-6142; 202-224-3441; 202-224-2621,https://www.risch.senate.gov/public/index.cfm?p=Email; https://www.crapo.senate.gov/contact; https://www.cantwell.senate.gov/public/index.cfm/email-maria; https://www.murray.senate.gov/write-to-patty/,Russ Fulcher (R); Dan Newhouse (R); Michael Baumgartner (R),202-225-6611; 202-225-5816; 202-225-2006,https://fulcher.house.gov; https://newhouse.house.gov; https://baumgartner.house.gov
992,"Spokane (south), WA",WA,Maria Cantwell (D); Patty Murray (D),202-224-3441; 202-224-2621,https://www.cantwell.senate.gov/public/index.cfm/email-maria; https://www.murray.senate.gov/write-to-patty/,Michael Baumgartner (R),202-225-2006,https://baumgartner.house.gov
993,"Yakima, WA",OR; WA,Jeff Merkley (D); Ron Wyden (D); Maria Cantwell (D); Patty Murray (D),202-224-3753; 202-224-5244; 202-224-3441; 202-224-2621,https://www.merkley.senate.gov/contact/; https://www.wyden.senate.gov/contact/; https://www.cantwell.senate.gov/public/index.cfm/email-maria; https://www.murray.senate.gov/write-to-patty/,Cliff Bentz (R); Dan Newhouse (R); Michael Baumgartner (R),202-225-6730; 202-225-5816; 202-225-2006,https://bentz.house.gov; https://newhouse.house.gov; https://baumgartner.house.gov
994,"Kennewick / Pasco / Richland, WA",WA,Maria Cantwell (D); Patty Murray (D),202-224-3441; 202-224-2621,https://www.cantwell.senate.gov/public/index.cfm/email-maria; https://www.murray.senate.gov/write-to-patty/,Michael Baumgartner (R),202-225-2006,https://baumgartner.house.gov
995,"Anchorage, AK",AK,Lisa Murkowski (R); Dan Sullivan (R),202-224-6665; 202-224-3004,https://www.murkowski.senate.gov/public/index.cfm/contact; https://www.sullivan.senate.gov/contact/email,Nicholas J. Begich III (R),202-225-5765,https://begich.house.gov
996,"Anchorage (east), AK",AK,Lisa Murkowski (R); Dan Sullivan (R),202-224-6665; 202-224-3004,https://www.murkowski.senate.gov/public/index.cfm/contact; https://www.sullivan.senate.gov/contact/email,Nicholas J. Begich III (R),202-225-5765,https://begich.house.gov
997,"Fairbanks, AK",AK,Lisa Murkowski (R); Dan Sullivan (R),202-224-6665; 202-224-3004,https://www.murkowski.senate.gov/public/index.cfm/contact; https://www.sullivan.senate.gov/contact/email,Nicholas J. Begich III (R),202-225-5765,https://begich.house.gov
998,"Juneau, AK",AK,Lisa Murkowski (R); Dan Sullivan (R),202-224-6665; 202-224-3004,https://www.murkowski.senate.gov/public/index.cfm/contact; https://www.sullivan.senate.gov/contact/email,Nicholas J. Begich III (R),202-225-5765,https://begich.house.gov
999,"Ketchikan, AK",AK,Lisa Murkowski (R); Dan Sullivan (R),202-224-6665; 202-224-3004,https://www.murkowski.senate.gov/public/index.cfm/contact; https://www.sullivan.senate.gov/contact/email,Nicholas J. Begich III (R),202-225-5765,https://begich.house.gov
